{"type":"Topology","objects":{"Jammu_Kashmir":{"type":"GeometryCollection","bbox":[72.45632605015848,32.23192362973131,80.25328002213692,37.03147397158925],"geometries":[{"type":"Polygon","properties":{"ac":"67","ASSEMBLY_1":"HIRANAGAR (SC)","DISTRICT":"JAMMU","PARLIAMENT":"6","P_NAME":"JAMMU","STATE_UT":"JAMMU AND KASHMIR"},"arcs":[[0,1,2,3]]},{"type":"Polygon","properties":{"ac":"87","ASSEMBLY_1":"POONCH HAVELI","DISTRICT":"RAJAURI","PARLIAMENT":"6","P_NAME":"JAMMU","STATE_UT":"JAMMU AND KASHMIR"},"arcs":[[4,5,6,7,8,9]]},{"type":"Polygon","properties":{"ac":"86","ASSEMBLY_1":"MENDHAR","DISTRICT":"RAJAURI","PARLIAMENT":"6","P_NAME":"JAMMU","STATE_UT":"JAMMU AND KASHMIR"},"arcs":[[10,11,12,-5]]},{"type":"Polygon","properties":{"ac":"85","ASSEMBLY_1":"SURANKOTE","DISTRICT":"RAJAURI","PARLIAMENT":"6","P_NAME":"JAMMU","STATE_UT":"JAMMU AND KASHMIR"},"arcs":[[-10,13,14,15,16,17,-11]]},{"type":"Polygon","properties":{"ac":"84","ASSEMBLY_1":"KALAKOTE","DISTRICT":"RAJAURI","PARLIAMENT":"6","P_NAME":"JAMMU","STATE_UT":"JAMMU AND KASHMIR"},"arcs":[[18,19,20,21,22,23]]},{"type":"Polygon","properties":{"ac":"83","ASSEMBLY_1":"RAJOURI","DISTRICT":"RAJAURI","PARLIAMENT":"6","P_NAME":"JAMMU","STATE_UT":"JAMMU AND KASHMIR"},"arcs":[[-24,24,25,-12,-18,26]]},{"type":"Polygon","properties":{"ac":"82","ASSEMBLY_1":"DARHAL","DISTRICT":"RAJAURI","PARLIAMENT":"6","P_NAME":"JAMMU","STATE_UT":"JAMMU AND KASHMIR"},"arcs":[[-27,-17,27,28,-19]]},{"type":"Polygon","properties":{"ac":"81","ASSEMBLY_1":"NOWSHERA","DISTRICT":"RAJAURI","PARLIAMENT":"6","P_NAME":"JAMMU","STATE_UT":"JAMMU AND KASHMIR"},"arcs":[[-23,29,30,31,32,-25]]},{"type":"Polygon","properties":{"ac":"80","ASSEMBLY_1":"CHHAMB (SC)","DISTRICT":"JAMMU","PARLIAMENT":"6","P_NAME":"JAMMU","STATE_UT":"JAMMU AND KASHMIR"},"arcs":[[33,34,35,-32]]},{"type":"Polygon","properties":{"ac":"79","ASSEMBLY_1":"AKHNOOR","DISTRICT":"JAMMU","PARLIAMENT":"6","P_NAME":"JAMMU","STATE_UT":"JAMMU AND KASHMIR"},"arcs":[[-31,36,37,38,39,-34]]},{"type":"Polygon","properties":{"ac":"78","ASSEMBLY_1":"RAIPUR DOMANA (SC)","DISTRICT":"JAMMU","PARLIAMENT":"6","P_NAME":"JAMMU","STATE_UT":"JAMMU AND KASHMIR"},"arcs":[[40,-38,41,42,43]]},{"type":"Polygon","properties":{"ac":"77","ASSEMBLY_1":"MARH","DISTRICT":"JAMMU","PARLIAMENT":"6","P_NAME":"JAMMU","STATE_UT":"JAMMU AND KASHMIR"},"arcs":[[44,45,46,47,-39,-41]]},{"type":"Polygon","properties":{"ac":"76","ASSEMBLY_1":"SUCHETGARH","DISTRICT":"JAMMU","PARLIAMENT":"6","P_NAME":"JAMMU","STATE_UT":"JAMMU AND KASHMIR"},"arcs":[[48,49,-47,50,51]]},{"type":"Polygon","properties":{"ac":"75","ASSEMBLY_1":"R.S. PURA (SC)","DISTRICT":"JAMMU","PARLIAMENT":"6","P_NAME":"JAMMU","STATE_UT":"JAMMU AND KASHMIR"},"arcs":[[-52,52,53]]},{"type":"Polygon","properties":{"ac":"74","ASSEMBLY_1":"BISHNAH","DISTRICT":"JAMMU","PARLIAMENT":"6","P_NAME":"JAMMU","STATE_UT":"JAMMU AND KASHMIR"},"arcs":[[54,55,-49,-54,56,57]]},{"type":"Polygon","properties":{"ac":"73","ASSEMBLY_1":"JAMMU WEST","DISTRICT":"JAMMU","PARLIAMENT":"6","P_NAME":"JAMMU","STATE_UT":"JAMMU AND KASHMIR"},"arcs":[[-45,-44,58,59]]},{"type":"Polygon","properties":{"ac":"72","ASSEMBLY_1":"JAMMU EAST","DISTRICT":"JAMMU","PARLIAMENT":"6","P_NAME":"JAMMU","STATE_UT":"JAMMU AND KASHMIR"},"arcs":[[-58,60,61,62,63]]},{"type":"Polygon","properties":{"ac":"71","ASSEMBLY_1":"GANDHINAGAR","DISTRICT":"JAMMU","PARLIAMENT":"6","P_NAME":"JAMMU","STATE_UT":"JAMMU AND KASHMIR"},"arcs":[[64,-61,-57,-53,-51,-46,-60]]},{"type":"Polygon","properties":{"ac":"70","ASSEMBLY_1":"NAGROTA","DISTRICT":"JAMMU","PARLIAMENT":"6","P_NAME":"JAMMU","STATE_UT":"JAMMU AND KASHMIR"},"arcs":[[-62,-65,-59,-43,65,66,67,68]]},{"type":"Polygon","properties":{"ac":"69","ASSEMBLY_1":"VIJAYPUR","DISTRICT":"JAMMU","PARLIAMENT":"6","P_NAME":"JAMMU","STATE_UT":"JAMMU AND KASHMIR"},"arcs":[[69,70,-55,-64]]},{"type":"Polygon","properties":{"ac":"68","ASSEMBLY_1":"SAMBA (SC)","DISTRICT":"JAMMU","PARLIAMENT":"6","P_NAME":"JAMMU","STATE_UT":"JAMMU AND KASHMIR"},"arcs":[[-63,-69,71,72,-1,73,-70]]},{"type":"Polygon","properties":{"ac":"67","ASSEMBLY_1":"HIRANAGAR (SC)","DISTRICT":"KATHUA","PARLIAMENT":"5","P_NAME":"UDHAMPUR","STATE_UT":"JAMMU AND KASHMIR"},"arcs":[[74,75,-3,76]]},{"type":"Polygon","properties":{"ac":"66","ASSEMBLY_1":"BILLAWAR","DISTRICT":"KATHUA","PARLIAMENT":"5","P_NAME":"UDHAMPUR","STATE_UT":"JAMMU AND KASHMIR"},"arcs":[[-77,-2,-73,77,78,79,80]]},{"type":"Polygon","properties":{"ac":"65","ASSEMBLY_1":"KATHUA","DISTRICT":"KATHUA","PARLIAMENT":"5","P_NAME":"UDHAMPUR","STATE_UT":"JAMMU AND KASHMIR"},"arcs":[[81,82,-75,-81]]},{"type":"Polygon","properties":{"ac":"64","ASSEMBLY_1":"BASOHLI","DISTRICT":"KATHUA","PARLIAMENT":"5","P_NAME":"UDHAMPUR","STATE_UT":"JAMMU AND KASHMIR"},"arcs":[[-80,83,84,-82]]},{"type":"Polygon","properties":{"ac":"63","ASSEMBLY_1":"BANI","DISTRICT":"KATHUA","PARLIAMENT":"5","P_NAME":"UDHAMPUR","STATE_UT":"JAMMU AND KASHMIR"},"arcs":[[85,-84,-79,86,87]]},{"type":"Polygon","properties":{"ac":"62","ASSEMBLY_1":"RAMNAGAR","DISTRICT":"UDHAMPUR","PARLIAMENT":"5","P_NAME":"UDHAMPUR","STATE_UT":"JAMMU AND KASHMIR"},"arcs":[[88,89,90,-87,-78,-72,-68,91]]},{"type":"Polygon","properties":{"ac":"61","ASSEMBLY_1":"CHANANI (SC)","DISTRICT":"UDHAMPUR","PARLIAMENT":"5","P_NAME":"UDHAMPUR","STATE_UT":"JAMMU AND KASHMIR"},"arcs":[[92,93,94,95,96,-89]]},{"type":"Polygon","properties":{"ac":"59","ASSEMBLY_1":"GOOL ARNAS","DISTRICT":"UDHAMPUR","PARLIAMENT":"5","P_NAME":"UDHAMPUR","STATE_UT":"JAMMU AND KASHMIR"},"arcs":[[97,-21,98,99,100]]},{"type":"Polygon","properties":{"ac":"58","ASSEMBLY_1":"REASI","DISTRICT":"UDHAMPUR","PARLIAMENT":"5","P_NAME":"UDHAMPUR","STATE_UT":"JAMMU AND KASHMIR"},"arcs":[[-94,101,-66,-42,-37,-30,-22,-98,102,103]]},{"type":"Polygon","properties":{"ac":"57","ASSEMBLY_1":"GULABGARH","DISTRICT":"UDHAMPUR","PARLIAMENT":"5","P_NAME":"UDHAMPUR","STATE_UT":"JAMMU AND KASHMIR"},"arcs":[[104,-99,-20,-29,105]]},{"type":"Polygon","properties":{"ac":"56","ASSEMBLY_1":"BANIHAL","DISTRICT":"DODA","PARLIAMENT":"5","P_NAME":"UDHAMPUR","STATE_UT":"JAMMU AND KASHMIR"},"arcs":[[106,-100,-105,107,108,109,110]]},{"type":"Polygon","properties":{"ac":"55","ASSEMBLY_1":"RAMBAN (SC)","DISTRICT":"DODA","PARLIAMENT":"5","P_NAME":"UDHAMPUR","STATE_UT":"JAMMU AND KASHMIR"},"arcs":[[111,-96,112,-103,-101,-107,113,114]]},{"type":"Polygon","properties":{"ac":"54","ASSEMBLY_1":"BHADERWAH","DISTRICT":"DODA","PARLIAMENT":"5","P_NAME":"UDHAMPUR","STATE_UT":"JAMMU AND KASHMIR"},"arcs":[[115,116,-88,-91,117,118]]},{"type":"Polygon","properties":{"ac":"53","ASSEMBLY_1":"DODA","DISTRICT":"DODA","PARLIAMENT":"5","P_NAME":"UDHAMPUR","STATE_UT":"JAMMU AND KASHMIR"},"arcs":[[-118,-90,-97,-112,119]]},{"type":"Polygon","properties":{"ac":"52","ASSEMBLY_1":"INDERWAL","DISTRICT":"DODA","PARLIAMENT":"5","P_NAME":"UDHAMPUR","STATE_UT":"JAMMU AND KASHMIR"},"arcs":[[-115,120,121,-119,-120]]},{"type":"Polygon","properties":{"ac":"51","ASSEMBLY_1":"KISHTWAR","DISTRICT":"DODA","PARLIAMENT":"5","P_NAME":"UDHAMPUR","STATE_UT":"JAMMU AND KASHMIR"},"arcs":[[-122,122,123,124,125,126,127,-116]]},{"type":"Polygon","properties":{"ac":"50","ASSEMBLY_1":"ZANSKAR","DISTRICT":"KARGIL","PARLIAMENT":"4","P_NAME":"LADAKH","STATE_UT":"JAMMU AND KASHMIR"},"arcs":[[128,129,130,-127]]},{"type":"Polygon","properties":{"ac":"49","ASSEMBLY_1":"KARGIL","DISTRICT":"KARGIL","PARLIAMENT":"4","P_NAME":"LADAKH","STATE_UT":"JAMMU AND KASHMIR"},"arcs":[[131,132,133,-129,-126,134,135]]},{"type":"Polygon","properties":{"ac":"48","ASSEMBLY_1":"LEH","DISTRICT":"LEH","PARLIAMENT":"4","P_NAME":"LADAKH","STATE_UT":"JAMMU AND KASHMIR"},"arcs":[[136,137,-130,-134,138]]},{"type":"Polygon","properties":{"ac":"47","ASSEMBLY_1":"NOBRA","DISTRICT":"LEH","PARLIAMENT":"4","P_NAME":"LADAKH","STATE_UT":"JAMMU AND KASHMIR"},"arcs":[[-139,-133,139]]},{"type":"Polygon","properties":{"ac":"46","ASSEMBLY_1":"PAHALGAM","DISTRICT":"ANANTNAG","PARLIAMENT":"3","P_NAME":"ANANTANAG","STATE_UT":"JAMMU AND KASHMIR"},"arcs":[[140,141,142,143,-135,-125,144]]},{"type":"Polygon","properties":{"ac":"45","ASSEMBLY_1":"BIJBEHARA","DISTRICT":"ANANTNAG","PARLIAMENT":"3","P_NAME":"ANANTANAG","STATE_UT":"JAMMU AND KASHMIR"},"arcs":[[145,146,-141,147,148]]},{"type":"Polygon","properties":{"ac":"44","ASSEMBLY_1":"SHANGUS","DISTRICT":"ANANTNAG","PARLIAMENT":"3","P_NAME":"ANANTANAG","STATE_UT":"JAMMU AND KASHMIR"},"arcs":[[149,150,-148,-145,-124,151]]},{"type":"Polygon","properties":{"ac":"43","ASSEMBLY_1":"KOKERNAG","DISTRICT":"ANANTNAG","PARLIAMENT":"3","P_NAME":"ANANTANAG","STATE_UT":"JAMMU AND KASHMIR"},"arcs":[[-152,-123,-121,-114,-111,152]]},{"type":"Polygon","properties":{"ac":"42","ASSEMBLY_1":"DORU","DISTRICT":"ANANTNAG","PARLIAMENT":"3","P_NAME":"ANANTANAG","STATE_UT":"JAMMU AND KASHMIR"},"arcs":[[-153,-110,153,154,-150]]},{"type":"Polygon","properties":{"ac":"41","ASSEMBLY_1":"DEVSAR","DISTRICT":"ANANTNAG","PARLIAMENT":"3","P_NAME":"ANANTANAG","STATE_UT":"JAMMU AND KASHMIR"},"arcs":[[155,156,-154,-109,157,158]]},{"type":"Polygon","properties":{"ac":"40","ASSEMBLY_1":"ANANTNAG","DISTRICT":"ANANTNAG","PARLIAMENT":"3","P_NAME":"ANANTANAG","STATE_UT":"JAMMU AND KASHMIR"},"arcs":[[159,-149,-151,-155,-157]]},{"type":"Polygon","properties":{"ac":"39","ASSEMBLY_1":"HOMESHALIBUGH","DISTRICT":"ANANTNAG","PARLIAMENT":"3","P_NAME":"ANANTANAG","STATE_UT":"JAMMU AND KASHMIR"},"arcs":[[160,161,162,163,-146,-160,-156]]},{"type":"Polygon","properties":{"ac":"38","ASSEMBLY_1":"KULGAM","DISTRICT":"ANANTNAG","PARLIAMENT":"3","P_NAME":"ANANTANAG","STATE_UT":"JAMMU AND KASHMIR"},"arcs":[[-159,164,165,-161]]},{"type":"Polygon","properties":{"ac":"37","ASSEMBLY_1":"NOORABAD","DISTRICT":"ANANTNAG","PARLIAMENT":"3","P_NAME":"ANANTANAG","STATE_UT":"JAMMU AND KASHMIR"},"arcs":[[-106,-28,-16,166,167,168,-165,-158,-108]]},{"type":"Polygon","properties":{"ac":"36","ASSEMBLY_1":"SHOPIAN","DISTRICT":"PULWAMA","PARLIAMENT":"3","P_NAME":"ANANTANAG","STATE_UT":"JAMMU AND KASHMIR"},"arcs":[[169,-168,170,171]]},{"type":"Polygon","properties":{"ac":"35","ASSEMBLY_1":"WACHI","DISTRICT":"PULWAMA","PARLIAMENT":"3","P_NAME":"ANANTANAG","STATE_UT":"JAMMU AND KASHMIR"},"arcs":[[172,-162,-166,-169,-170,173]]},{"type":"Polygon","properties":{"ac":"34","ASSEMBLY_1":"RAJPORA","DISTRICT":"PULWAMA","PARLIAMENT":"3","P_NAME":"ANANTANAG","STATE_UT":"JAMMU AND KASHMIR"},"arcs":[[-174,-172,174,175,176]]},{"type":"Polygon","properties":{"ac":"33","ASSEMBLY_1":"PULWAMA","DISTRICT":"PULWAMA","PARLIAMENT":"3","P_NAME":"ANANTANAG","STATE_UT":"JAMMU AND KASHMIR"},"arcs":[[-173,-177,177,178,179,-163]]},{"type":"Polygon","properties":{"ac":"32","ASSEMBLY_1":"PAMPORE","DISTRICT":"PULWAMA","PARLIAMENT":"3","P_NAME":"ANANTANAG","STATE_UT":"JAMMU AND KASHMIR"},"arcs":[[-179,180,181,182,183]]},{"type":"Polygon","properties":{"ac":"31","ASSEMBLY_1":"TRAL","DISTRICT":"PULWAMA","PARLIAMENT":"3","P_NAME":"ANANTANAG","STATE_UT":"JAMMU AND KASHMIR"},"arcs":[[-184,184,-142,-147,-164,-180]]},{"type":"Polygon","properties":{"ac":"30","ASSEMBLY_1":"CHRARI SHARIEF","DISTRICT":"BADGAM","PARLIAMENT":"2","P_NAME":"SRINAGAR","STATE_UT":"JAMMU AND KASHMIR"},"arcs":[[185,186,187,188,-175,-171,-167,-15,189]]},{"type":"Polygon","properties":{"ac":"29","ASSEMBLY_1":"KHANSAHIB","DISTRICT":"BADGAM","PARLIAMENT":"2","P_NAME":"SRINAGAR","STATE_UT":"JAMMU AND KASHMIR"},"arcs":[[-190,-14,-9,190,191,192]]},{"type":"Polygon","properties":{"ac":"28","ASSEMBLY_1":"BEERWAH","DISTRICT":"BADGAM","PARLIAMENT":"2","P_NAME":"SRINAGAR","STATE_UT":"JAMMU AND KASHMIR"},"arcs":[[193,-192,194,195,196]]},{"type":"Polygon","properties":{"ac":"27","ASSEMBLY_1":"BADGAM","DISTRICT":"BADGAM","PARLIAMENT":"2","P_NAME":"SRINAGAR","STATE_UT":"JAMMU AND KASHMIR"},"arcs":[[-193,-194,197,-186]]},{"type":"Polygon","properties":{"ac":"26","ASSEMBLY_1":"CHADOORA","DISTRICT":"BADGAM","PARLIAMENT":"2","P_NAME":"SRINAGAR","STATE_UT":"JAMMU AND KASHMIR"},"arcs":[[-189,198,-181,-178,-176]]},{"type":"Polygon","properties":{"ac":"25","ASSEMBLY_1":"BATAMALOO","DISTRICT":"SRINAGAR","PARLIAMENT":"2","P_NAME":"SRINAGAR","STATE_UT":"JAMMU AND KASHMIR"},"arcs":[[199,200,201]]},{"type":"Polygon","properties":{"ac":"24","ASSEMBLY_1":"SONAWAR","DISTRICT":"SRINAGAR","PARLIAMENT":"2","P_NAME":"SRINAGAR","STATE_UT":"JAMMU AND KASHMIR"},"arcs":[[202,-182,-199,-188,203]]},{"type":"Polygon","properties":{"ac":"23","ASSEMBLY_1":"AMIRAKADAL","DISTRICT":"SRINAGAR","PARLIAMENT":"2","P_NAME":"SRINAGAR","STATE_UT":"JAMMU AND KASHMIR"},"arcs":[[-200,204,-204,-187,-198,-197,205,206]]},{"type":"Polygon","properties":{"ac":"22","ASSEMBLY_1":"HABBAKADAL","DISTRICT":"SRINAGAR","PARLIAMENT":"2","P_NAME":"SRINAGAR","STATE_UT":"JAMMU AND KASHMIR"},"arcs":[[-207,207,208,209,210,211,212,-201]]},{"type":"Polygon","properties":{"ac":"21","ASSEMBLY_1":"KHANYAR","DISTRICT":"SRINAGAR","PARLIAMENT":"2","P_NAME":"SRINAGAR","STATE_UT":"JAMMU AND KASHMIR"},"arcs":[[-202,-213,213,214,-203,-205]]},{"type":"Polygon","properties":{"ac":"20","ASSEMBLY_1":"IDGAH","DISTRICT":"SRINAGAR","PARLIAMENT":"2","P_NAME":"SRINAGAR","STATE_UT":"JAMMU AND KASHMIR"},"arcs":[[-214,-212,215,216]]},{"type":"Polygon","properties":{"ac":"19","ASSEMBLY_1":"ZADIBAL","DISTRICT":"SRINAGAR","PARLIAMENT":"2","P_NAME":"SRINAGAR","STATE_UT":"JAMMU AND KASHMIR"},"arcs":[[-217,217,218]]},{"type":"Polygon","properties":{"ac":"18","ASSEMBLY_1":"HAZRATBAL","DISTRICT":"SRINAGAR","PARLIAMENT":"2","P_NAME":"SRINAGAR","STATE_UT":"JAMMU AND KASHMIR"},"arcs":[[219,-143,-185,-183,-215,-219]]},{"type":"Polygon","properties":{"ac":"17","ASSEMBLY_1":"GANDERBAL","DISTRICT":"SRINAGAR","PARLIAMENT":"2","P_NAME":"SRINAGAR","STATE_UT":"JAMMU AND KASHMIR"},"arcs":[[-210,220,221,222]]},{"type":"Polygon","properties":{"ac":"16","ASSEMBLY_1":"KANGAN","DISTRICT":"SRINAGAR","PARLIAMENT":"2","P_NAME":"SRINAGAR","STATE_UT":"JAMMU AND KASHMIR"},"arcs":[[-223,223,224,225,-136,-144,-220,-218,-216,-211]]},{"type":"Polygon","properties":{"ac":"15","ASSEMBLY_1":"PATTAN","DISTRICT":"BARAMULA","PARLIAMENT":"1","P_NAME":"BARAMULLA","STATE_UT":"JAMMU AND KASHMIR"},"arcs":[[226,-208,-206,-196,227,228]]},{"type":"Polygon","properties":{"ac":"14","ASSEMBLY_1":"GULMARG","DISTRICT":"BARAMULA","PARLIAMENT":"1","P_NAME":"BARAMULLA","STATE_UT":"JAMMU AND KASHMIR"},"arcs":[[229,230,-228,-195,-191,-8,231]]},{"type":"Polygon","properties":{"ac":"13","ASSEMBLY_1":"BARAMULLA","DISTRICT":"BARAMULA","PARLIAMENT":"1","P_NAME":"BARAMULLA","STATE_UT":"JAMMU AND KASHMIR"},"arcs":[[232,233,-230,234,235]]},{"type":"Polygon","properties":{"ac":"12","ASSEMBLY_1":"SANGRAMA","DISTRICT":"BARAMULA","PARLIAMENT":"1","P_NAME":"BARAMULLA","STATE_UT":"JAMMU AND KASHMIR"},"arcs":[[236,-229,-231,-234,237]]},{"type":"Polygon","properties":{"ac":"11","ASSEMBLY_1":"SONAWARI","DISTRICT":"BARAMULA","PARLIAMENT":"1","P_NAME":"BARAMULLA","STATE_UT":"JAMMU AND KASHMIR"},"arcs":[[-237,238,239,-221,-209,-227]]},{"type":"Polygon","properties":{"ac":"10","ASSEMBLY_1":"BANDIPORA","DISTRICT":"BARAMULA","PARLIAMENT":"1","P_NAME":"BARAMULLA","STATE_UT":"JAMMU AND KASHMIR"},"arcs":[[240,241,242,243,-224,-222,-240]]},{"type":"Polygon","properties":{"ac":"9","ASSEMBLY_1":"GUREZ","DISTRICT":"BARAMULA","PARLIAMENT":"1","P_NAME":"BARAMULLA","STATE_UT":"JAMMU AND KASHMIR"},"arcs":[[244,245,-225,-244]]},{"type":"Polygon","properties":{"ac":"8","ASSEMBLY_1":"SOPORE","DISTRICT":"BARAMULA","PARLIAMENT":"1","P_NAME":"BARAMULLA","STATE_UT":"JAMMU AND KASHMIR"},"arcs":[[-239,-238,-233,246,247,248,-241]]},{"type":"Polygon","properties":{"ac":"7","ASSEMBLY_1":"RAFIABAD","DISTRICT":"BARAMULA","PARLIAMENT":"1","P_NAME":"BARAMULLA","STATE_UT":"JAMMU AND KASHMIR"},"arcs":[[-236,249,250,-247]]},{"type":"Polygon","properties":{"ac":"6","ASSEMBLY_1":"URI","DISTRICT":"BARAMULA","PARLIAMENT":"1","P_NAME":"BARAMULLA","STATE_UT":"JAMMU AND KASHMIR"},"arcs":[[-232,-7,251,252,-250,-235]]},{"type":"Polygon","properties":{"ac":"5","ASSEMBLY_1":"LANGATE","DISTRICT":"KUPWARA","PARLIAMENT":"1","P_NAME":"BARAMULLA","STATE_UT":"JAMMU AND KASHMIR"},"arcs":[[253,-248,-251,-253,254,255]]},{"type":"Polygon","properties":{"ac":"4","ASSEMBLY_1":"HANDWARA","DISTRICT":"KUPWARA","PARLIAMENT":"1","P_NAME":"BARAMULLA","STATE_UT":"JAMMU AND KASHMIR"},"arcs":[[256,-242,-249,-254,257,258]]},{"type":"Polygon","properties":{"ac":"3","ASSEMBLY_1":"LOLAB","DISTRICT":"KUPWARA","PARLIAMENT":"1","P_NAME":"BARAMULLA","STATE_UT":"JAMMU AND KASHMIR"},"arcs":[[259,-245,-243,-257,260,261]]},{"type":"Polygon","properties":{"ac":"2","ASSEMBLY_1":"KUPWARA","DISTRICT":"KUPWARA","PARLIAMENT":"1","P_NAME":"BARAMULLA","STATE_UT":"JAMMU AND KASHMIR"},"arcs":[[262,-261,-259]]},{"type":"Polygon","properties":{"ac":"1","ASSEMBLY_1":"KARNAH","DISTRICT":"KUPWARA","PARLIAMENT":"1","P_NAME":"BARAMULLA","STATE_UT":"JAMMU AND KASHMIR"},"arcs":[[-256,263,-262,-263,-258]]},{"type":"Polygon","properties":{"ac":"0","ASSEMBLY_1":"","DISTRICT":"","PARLIAMENT":"0","P_NAME":"","STATE_UT":"JAMMU AND KASHMIR"},"arcs":[[-137,-140,-132,-226,-246,-260,-264,-255,-252,-6,-13,-26,-33,-36,264]]},{"type":"Polygon","properties":{"ac":"60","ASSEMBLY_1":"UDHAMPUR","DISTRICT":"UDHAMPUR","PARLIAMENT":"5","P_NAME":"UDHAMPUR","STATE_UT":"JAMMU AND KASHMIR"},"arcs":[[-92,-67,-102,-93],[94,112,103]]}]}},"arcs":[[[3416,404],[-2,69],[71,72],[27,58],[30,-8],[57,39],[35,-12]],[[3634,622],[-26,-83]],[[3608,539],[0,-111],[-37,-52],[-3,-66],[-36,-22]],[[3532,288],[-40,8],[-39,-36],[-37,144]],[[2196,2981],[-74,29],[-48,-15],[-101,38]],[[1973,3033],[43,199],[51,50],[85,-5],[78,85],[18,0],[18,-87],[13,77],[-38,83],[-6,137]],[[2235,3572],[100,22]],[[2335,3594],[40,-76],[58,-12],[65,-86]],[[2498,3420],[-21,-88],[20,-70],[63,-116],[-8,-54]],[[2552,3092],[-61,26],[-59,-33],[-27,19],[-82,-1],[-13,123],[-45,-83],[32,-25],[-107,-26],[6,-111]],[[2196,2981],[52,-45],[27,-88],[80,-173]],[[2355,2675],[-6,-40],[-96,-17],[13,-118],[-54,-128]],[[2212,2372],[-37,113],[12,124],[-12,52],[-101,12],[-20,27],[-52,142],[-29,191]],[[2552,3092],[72,-84]],[[2624,3008],[36,-56]],[[2660,2952],[-27,-85],[-7,-187],[81,-92]],[[2707,2588],[-46,-80],[-52,31],[-1,41],[-60,65]],[[2548,2645],[-72,73],[-57,-3],[-64,-40]],[[2446,2229],[55,-7],[47,23],[-15,-67],[40,-24],[75,15],[-1,-58],[47,-47],[27,53],[-31,21],[22,58],[26,-3],[-7,-95],[73,-5]],[[2804,2093],[58,-67],[-12,-62]],[[2850,1964],[-18,-41]],[[2832,1923],[-123,15],[-14,-49],[-60,16],[57,-56]],[[2692,1849],[4,-92],[-23,-23],[-92,13],[-25,-27],[-67,35],[1,62],[-39,-48],[-13,83],[-49,-26],[-57,53],[-59,16],[5,45]],[[2278,1940],[61,40],[-16,72],[29,100],[24,-54],[16,47],[36,-10],[18,94]],[[2278,1940],[-28,149]],[[2250,2089],[-15,9],[-26,198],[3,76]],[[2548,2645],[-54,-73],[-13,-75],[-31,16],[40,-126],[-36,-60],[44,-10],[-52,-88]],[[2707,2588],[59,-29]],[[2766,2559],[8,-56],[-35,-8],[27,-41],[48,-12],[7,-87],[27,-84],[-49,-11],[3,-73],[22,-34],[-20,-60]],[[2692,1849],[88,-23],[-14,-81],[25,-50],[-48,-1],[-43,-47],[9,-70]],[[2709,1577],[5,-65],[-48,-21],[-32,40]],[[2634,1531],[-83,2],[3,-29],[-57,-73]],[[2497,1431],[-41,17],[-11,59],[-46,19],[-31,62],[-137,187],[-92,77],[-35,65],[35,34],[61,122],[50,16]],[[2634,1531],[78,-84],[18,-51],[-13,-77],[-32,-34],[2,-67],[23,-22],[29,-114],[75,80],[13,-16]],[[2827,1146],[-31,-57],[0,-111],[-71,-6],[-17,26],[-56,-29],[-80,82]],[[2572,1051],[-8,78],[-39,88],[-5,61],[-38,12],[15,141]],[[2709,1577],[44,-33],[1,-130],[50,50],[-37,49],[2,59],[37,-5],[33,73],[49,-18],[27,21],[77,-53],[29,-83]],[[3021,1507],[-36,-55],[-8,-134],[-48,-24],[-23,-77]],[[2906,1217],[-22,-54]],[[2884,1163],[-57,-17]],[[3024,966],[-39,35],[-41,83],[11,46],[-49,87]],[[3021,1507],[44,-7],[29,-71]],[[3094,1429],[-25,-32],[4,-162],[14,-45],[-1,-139]],[[3086,1051],[-37,-13],[-25,-72]],[[3024,966],[-4,-50]],[[3020,916],[-32,-95],[-39,-35]],[[2949,786],[-75,10]],[[2874,796],[-37,26],[-15,55],[65,257],[-3,29]],[[2989,497],[-57,-92]],[[2932,405],[-65,26],[8,83],[-32,21],[-37,158],[68,103]],[[2949,786],[28,-32]],[[2977,754],[-45,-107],[35,-64],[18,36],[4,-122]],[[2977,754],[74,-18]],[[3051,736],[10,-44],[-25,-49],[14,-87],[-61,-59]],[[3131,758],[81,-134],[-47,-65],[-4,-56],[-26,1],[-14,-82]],[[3121,422],[-79,15],[-27,-41],[-83,9]],[[3051,736],[57,37]],[[3108,773],[23,-15]],[[3086,1051],[4,-8]],[[3090,1043],[-21,-132],[-49,5]],[[3108,773],[13,50],[-36,23],[27,90]],[[3112,936],[66,22],[31,-60]],[[3209,898],[-58,-34],[-16,-77]],[[3135,787],[-4,-29]],[[3090,1043],[31,-56],[-9,-51]],[[3094,1429],[57,-83],[26,-65],[28,22],[20,74]],[[3225,1377],[118,-168],[88,-84],[23,-52]],[[3454,1073],[27,-53],[-83,-54],[-16,-45]],[[3382,921],[-60,43],[-51,9],[-62,-75]],[[3135,787],[82,70],[13,-49],[59,58],[-9,-76],[56,-123],[27,-18],[-48,-23],[-1,-117],[27,29],[-23,-90]],[[3318,448],[-45,-94],[-64,-12],[-14,41],[-52,-3],[-22,42]],[[3382,921],[60,-40],[31,-55],[60,-29],[-17,-56],[47,2],[5,34],[62,-9]],[[3630,768],[68,-74],[11,-40],[-33,-35],[-42,3]],[[3416,404],[-24,-15],[-74,59]],[[3770,363],[14,-45],[-11,-105],[9,-55],[-25,-33]],[[3757,125],[-35,19],[-53,-16],[-26,61],[-119,62],[8,37]],[[3608,539],[43,29],[5,-53],[-43,-51],[25,-94],[54,56],[78,-63]],[[3630,768],[61,52],[39,-26],[69,49],[72,-4]],[[3871,839],[42,-2],[32,108],[74,2],[56,-28],[28,22],[124,7],[24,-56]],[[4251,892],[-109,-21],[-39,-92],[-63,-50],[19,-50],[-83,-75],[-21,-47]],[[3955,557],[-97,5],[9,-63],[-53,43],[-56,86],[-27,-48],[0,-69],[39,-46],[0,-102]],[[3955,557],[33,-12],[-11,-96],[29,-78],[48,-66],[0,-74]],[[4054,231],[-80,-72],[-32,-157],[-38,134],[-52,-27],[-95,16]],[[4251,892],[14,-30],[74,-2],[32,-39],[65,90]],[[4436,911],[34,-88],[-21,-83],[-88,-172],[-40,-108],[-74,-25],[-43,-123],[-80,-65],[-70,-16]],[[4291,1313],[44,-105],[67,-59],[51,-119],[-17,-119]],[[3871,839],[18,55],[-6,65],[37,89],[47,5],[48,-46],[28,38],[78,25],[33,61],[-13,119]],[[4141,1250],[106,70],[44,-7]],[[3520,1221],[17,39],[80,-41],[70,188],[62,-58],[73,-16],[10,53],[88,-43],[25,37],[-34,61]],[[3911,1441],[60,18]],[[3971,1459],[141,-95],[29,-114]],[[3454,1073],[57,78],[9,70]],[[3520,1221],[-62,-60],[-44,26],[10,47],[-22,39],[64,13],[26,-29],[-7,100],[74,96],[9,63],[-34,3],[-4,70],[-45,7],[-19,56],[-55,-33]],[[3411,1619],[-2,158],[23,12]],[[3432,1789],[40,-16],[35,44],[-2,40]],[[3505,1857],[41,0],[26,-131],[70,15],[31,-31],[89,-47]],[[3762,1663],[46,-177],[28,-41],[75,-4]],[[3371,1917],[-41,-66],[-240,-2],[-38,-10],[-6,-85],[-49,17],[-68,60],[-80,6],[-17,86]],[[2850,1964],[47,6],[101,-27],[18,-33],[-6,99],[14,43],[63,51],[43,-29],[47,45],[-16,156],[91,60],[50,-15]],[[3302,2320],[20,-35]],[[3322,2285],[-51,-104],[15,-134],[31,-22],[-16,-62],[70,-46]],[[3411,1619],[-1,-66],[-44,-2],[-3,-155],[-32,55],[-4,102],[-38,-67],[34,-121],[-66,138],[-17,-58],[17,-57],[-32,-11]],[[3371,1917],[17,24],[71,-54]],[[3459,1887],[-27,-27],[0,-71]],[[3279,2597],[-11,-43],[25,-96],[-29,-45],[38,-93]],[[2766,2559],[34,46],[39,-16],[19,41],[121,-86],[1,-39],[193,70],[31,50],[75,-28]],[[3751,2311],[-25,-106],[-43,-27],[-93,27],[-21,-21],[-64,39],[-38,59],[-96,-21],[-49,24]],[[3279,2597],[79,-7],[9,21],[-31,101],[49,76]],[[3385,2788],[48,-65]],[[3433,2723],[-5,-54],[70,-39],[87,-102],[93,-162],[21,-15]],[[3699,2351],[52,-40]],[[4014,2063],[-35,3],[-8,-93],[-48,-30],[-31,35],[-102,18],[76,-101],[-18,-98],[39,-11],[-70,-43],[-4,-63],[-51,-17]],[[3505,1857],[-46,30]],[[3751,2311],[66,25]],[[3817,2336],[53,-22],[144,-251]],[[4655,1876],[45,-16],[56,-124],[22,-9],[23,-124]],[[4801,1603],[-120,-51],[-18,-81],[-117,-138],[-67,-35],[-87,93],[-75,-2],[-26,-76]],[[3971,1459],[-5,180],[39,32],[99,190],[50,-41]],[[4154,1820],[-25,-57],[65,-29],[53,29],[50,-10],[-53,-19],[17,-59],[78,-37],[26,34],[22,-45],[75,31],[-48,65],[39,60],[47,-65],[49,14],[92,56],[14,88]],[[4014,2063],[98,-34],[58,-86],[90,-84],[-7,-66],[-99,27]],[[3817,2336],[2,58],[29,8],[18,90],[-32,100],[32,66],[36,14],[-20,40],[32,96],[-25,68],[7,144]],[[3896,3020],[74,17],[52,44],[32,-70],[39,-17],[-17,-69],[31,-65],[3,-67],[73,-128],[30,14],[11,-115],[-34,-71],[53,-91],[-19,-61],[-73,-65],[-18,-86],[66,-85],[19,-97],[34,53],[57,-19],[13,47],[53,-48],[135,6],[21,-72],[-38,8],[-79,-63],[139,-32],[53,26],[49,-38]],[[3896,3020],[6,33],[-68,103]],[[3834,3156],[-44,160]],[[3790,3316],[-48,140],[-3,132],[44,63],[4,61],[44,32],[61,9],[9,112],[22,95],[35,24],[26,92]],[[3984,4076],[66,90],[63,-36],[7,-81],[-17,-41],[45,-116],[21,-11],[48,-102],[105,-74],[0,-112],[62,35],[100,-27],[-3,48],[60,-20]],[[4541,3629],[16,-106],[143,-217],[12,-75],[130,-76],[7,-102],[25,-119],[-61,-72],[-23,-124],[24,-43],[105,56],[-1,76],[65,-11],[36,-120],[60,-24],[14,61],[17,-62],[57,-36],[-2,-36],[73,-81],[35,-65],[66,-10],[0,-47],[64,-138],[60,-32],[12,-87],[51,-62]],[[5526,2077],[6,-50],[-39,-96],[-43,4],[-89,-41],[-35,23],[-17,63],[-49,9],[-101,-63],[-98,13],[-46,-68],[-103,-108],[-25,-108],[-22,-42],[-64,-10]],[[4541,3629],[23,64],[-29,153],[-78,173],[-11,-151],[-62,44],[-11,54],[9,137],[-12,129],[-118,18],[13,76],[39,63],[91,-7],[54,15],[53,50],[43,-29],[-4,-94],[-31,-52],[5,-86],[61,-12],[92,15],[97,-20],[75,-109],[30,-97],[40,-207],[34,-29],[30,-72],[-9,-48],[32,-84],[31,42],[105,25],[35,-29]],[[5168,3561],[12,-144],[90,-41],[21,54],[43,22],[67,-98],[30,-75],[31,13],[18,-49],[145,-70],[38,1],[4,-79],[54,-43],[56,6],[79,-35],[76,-65],[25,10],[96,-106],[36,-61],[12,-98],[72,-150],[95,-11],[88,24],[17,-25],[61,-195],[48,-20],[9,-46],[-47,-43],[-2,-71],[-25,-40],[49,-121],[30,-133],[-118,97],[-50,-39],[15,-180],[-30,-37],[-65,10],[-32,-83],[-44,-15],[4,-116],[44,-154],[-48,-41]],[[6172,1314],[-13,-24],[-26,63],[-59,40],[-31,-6],[-28,140],[-42,14],[-37,-31],[-50,55],[-47,-22],[-105,89],[-62,180],[-22,-19],[-62,90],[-1,80],[32,102],[-34,-14],[-22,36],[-37,-10]],[[3695,4465],[18,55],[-22,34],[45,87],[-1,62],[33,74],[-34,88],[14,58],[-17,79],[-7,274],[33,81],[201,153],[95,54],[242,40],[135,-32],[90,17],[122,129],[232,25],[71,-50],[62,-165]],[[5007,5528],[8,-109],[21,-24],[1,-90],[35,-27],[-54,-93],[62,-225],[8,-95],[72,36],[33,-68],[-4,-149]],[[5189,4684],[23,-71],[-19,-67],[53,-33],[18,-47],[145,-144],[-26,-54],[-8,-100],[-20,-57],[4,-90],[-17,-61],[24,-158],[-120,-48],[1,-60],[-76,-92],[-3,-41]],[[3984,4076],[-82,62],[-49,9]],[[3853,4147],[-25,98],[-45,-2],[-67,52],[15,41],[-36,129]],[[7268,4278],[115,-130],[11,-166],[102,-227],[79,-50],[88,-111],[87,11],[66,48],[175,106],[172,91],[37,-40],[-16,-174],[-111,-44],[-2,-71],[30,-64],[127,-88],[171,-185],[33,-21]],[[8432,3163],[-29,-69],[43,-54],[48,19],[22,-143],[-100,16],[-52,-33],[-91,43],[-5,-119],[34,-100],[-13,-127],[13,-109],[71,-166],[30,12],[104,-79],[48,-8],[150,20],[76,-40],[86,20],[101,-36],[-4,-87],[-71,-195],[-21,-86],[22,-56],[-13,-52],[-66,-36],[67,-44],[3,-42],[40,2],[57,-74],[31,-66],[96,-151],[48,-45],[21,12],[33,-62],[-151,-336],[-61,-78],[-30,-100],[-62,3],[-6,76],[-94,34],[-59,-131],[-34,-3],[-13,-53],[-60,-62],[-81,-29],[19,-72],[-41,-113],[-70,11],[-60,-32],[-43,-84],[-28,61],[-73,50],[-58,98],[-41,-4],[-68,277],[24,35],[-3,62],[-39,70],[0,93],[-62,-84],[-69,-12],[-28,-91],[-26,-30],[-42,40],[-67,-16],[-48,-55],[-72,-25],[-23,-80],[-28,-5],[-96,-121],[-43,65],[26,45],[-1,99],[44,16],[74,81],[-23,31],[-10,98],[20,70],[-7,84],[-36,5],[-72,-54],[10,-53],[-76,-39],[-16,-40],[-52,-26],[-17,27],[-44,-15],[-26,-59],[-28,40],[-34,-77],[-41,19],[10,-76],[-31,-26],[-53,8],[-73,180],[-20,28],[14,153],[-43,18],[-27,84],[-66,38],[-61,59],[36,85],[-99,136],[-60,27],[-16,-54],[-85,-43],[-103,-121],[-28,6],[-36,-52],[-38,45],[-40,6],[-47,-65],[-1,-65],[-45,-8],[-21,67],[-61,45]],[[5189,4684],[71,25],[109,66],[518,75],[97,3],[201,-36],[193,-83],[145,-206],[122,-243],[154,-263],[56,-45],[127,4],[45,41],[29,80],[36,44],[-4,39],[69,100],[37,-32],[74,25]],[[5007,5528],[65,48],[368,240],[152,113],[431,131],[206,-1],[146,158],[25,126],[70,41],[63,-12],[65,-127],[108,-42],[123,141],[44,-14],[132,15],[77,-167],[89,-25],[23,-47],[39,-226],[-5,-111],[57,-114],[-17,-102],[60,-92],[62,-202],[75,-71],[45,-86],[9,-55],[-28,-50],[-4,-195],[-22,-112],[-22,-40],[-61,-19],[-52,-238],[-62,-115]],[[3525,3157],[-37,24],[18,70],[-27,94],[-2,110]],[[3477,3455],[43,103],[3,147],[-30,79],[-71,53]],[[3422,3837],[-13,102],[-47,69]],[[3362,4008],[34,4],[-8,48],[31,36],[48,-33],[26,72],[65,55],[32,-14],[70,-75],[51,-14],[37,66],[43,-56],[62,50]],[[3790,3316],[-126,-63],[-12,-43],[-59,-47],[-68,-6]],[[3379,3147],[-7,71],[-55,89]],[[3317,3307],[54,67],[52,0],[25,67],[29,14]],[[3525,3157],[-19,-62]],[[3506,3095],[-61,32],[-17,-44],[-36,8],[-13,56]],[[3493,2912],[-20,9]],[[3473,2921],[-19,33],[22,48],[-36,41],[71,18],[-5,34]],[[3834,3156],[-60,-72],[-65,-54],[-109,-119],[-32,-2],[-31,49],[-44,-46]],[[3699,2351],[-29,158],[25,29],[-88,62],[-93,140],[20,81],[-41,91]],[[3433,2723],[21,50]],[[3454,2773],[14,36],[-32,44],[-12,67],[49,1]],[[3354,2955],[-5,152],[-21,67],[39,-40]],[[3367,3134],[0,-45],[44,-91],[-28,-140],[33,-83],[38,-2]],[[3385,2788],[-58,47],[-10,39],[-43,-18]],[[3274,2856],[36,18],[44,81]],[[3367,3134],[12,13]],[[3354,2955],[-31,-2],[-5,96],[-39,3],[-21,-52],[-54,-13],[-4,79],[57,36]],[[3257,3102],[27,55],[12,90]],[[3296,3247],[9,39]],[[3305,3286],[12,21]],[[3274,2856],[-47,25],[-90,-54],[-51,31]],[[3086,2858],[52,83],[43,20],[-2,120],[61,39],[17,-18]],[[2660,2952],[27,19]],[[2687,2971],[42,-12],[15,37],[38,-18],[45,29],[54,-21],[12,-44],[62,20],[-5,-61],[70,11],[26,-26]],[[3046,2886],[40,-28]],[[3094,3207],[23,-22],[-40,-75],[-19,3],[2,-76],[31,-83],[-45,-68]],[[2687,2971],[22,73],[53,42],[77,136],[27,6]],[[2866,3228],[62,5],[18,-27],[69,-20],[43,65],[36,-44]],[[3242,3233],[54,14]],[[3094,3207],[21,29],[55,-40],[72,37]],[[2866,3228],[52,41],[52,-2],[36,93],[13,84]],[[3019,3444],[23,72]],[[3042,3516],[9,-59],[58,-22],[37,-73],[23,-2],[13,-64],[38,0],[22,-63]],[[3042,3516],[32,75]],[[3074,3591],[33,8],[0,-60],[53,0],[66,-34],[-49,-94],[40,-32],[31,20]],[[3248,3399],[57,-113]],[[3074,3591],[30,76]],[[3104,3667],[118,98],[8,31]],[[3230,3796],[70,37],[36,51]],[[3336,3884],[-14,-64],[14,-96],[-14,-142],[-35,-69],[-1,-53],[-38,-61]],[[3336,3884],[86,-47]],[[2935,3564],[68,51],[-71,106],[26,40],[-13,54]],[[2945,3815],[84,-24]],[[3029,3791],[8,-26]],[[3037,3765],[-22,-158],[-21,-42],[25,-121]],[[2624,3008],[1,99],[111,159],[56,27],[26,84],[87,86],[-8,48],[38,53]],[[2498,3420],[88,110]],[[2586,3530],[48,-28],[14,110],[31,-8],[30,-63],[39,123],[36,-16],[60,37]],[[2844,3685],[34,-58],[37,3],[20,-66]],[[2853,3922],[-39,-61],[-3,-62],[33,-114]],[[2586,3530],[-14,117],[31,55],[-13,47],[57,-16],[101,146],[57,37]],[[2805,3916],[41,17]],[[2846,3933],[7,-11]],[[2853,3922],[92,-107]],[[3037,3765],[62,-50],[5,-48]],[[3117,3871],[-101,-6],[-48,49]],[[2968,3914],[86,-17],[36,44]],[[3090,3941],[-12,-35],[39,-35]],[[3142,3841],[53,-3],[35,-42]],[[3029,3791],[44,-4],[69,54]],[[3117,3871],[25,-30]],[[2846,3933],[7,21]],[[2853,3954],[100,-71],[15,31]],[[2853,3954],[-22,41]],[[2831,3995],[18,33]],[[2849,4028],[30,-20],[43,-93],[28,91],[48,-82],[40,-15],[29,130],[58,-10],[5,42]],[[3130,4071],[39,-24]],[[3169,4047],[-15,-99]],[[3154,3948],[-64,-7]],[[3154,3948],[68,-75]],[[3222,3873],[8,-77]],[[3169,4047],[78,-47]],[[3247,4000],[5,-45],[-30,-82]],[[3247,4000],[72,3]],[[3319,4003],[-10,-84],[-56,-48],[-31,2]],[[3319,4003],[43,5]],[[2849,4028],[-63,109],[15,52],[-27,21],[27,86],[-13,101]],[[2788,4397],[84,-43],[47,-56],[26,40]],[[2945,4338],[43,-44],[6,-84],[-39,-89],[59,18],[0,90],[24,2],[12,-97],[80,-63]],[[2945,4338],[79,34],[88,114],[-27,68],[53,53]],[[3138,4607],[104,-46],[70,-60],[84,-118],[36,-7],[65,75]],[[3497,4451],[78,-30],[75,-6],[45,50]],[[2674,4099],[51,18],[-37,-90],[73,10],[70,-42]],[[2805,3916],[-1,41],[-82,-17],[-27,-83],[-13,89],[-52,8],[-48,51]],[[2582,4005],[-14,94],[106,0]],[[2311,3661],[21,108],[65,5],[22,45]],[[2419,3819],[15,-41],[24,54],[78,51],[54,89],[-8,33]],[[2335,3594],[-24,67]],[[2498,4189],[10,-2]],[[2508,4187],[12,-91],[-35,-141],[-56,-8],[17,-49],[-27,-79]],[[2311,3661],[-36,70],[23,106],[8,162],[56,36],[-55,43]],[[2307,4078],[48,14],[104,-4],[39,101]],[[2629,4239],[45,-140]],[[2508,4187],[34,39],[40,-77],[47,90]],[[2629,4239],[27,207],[-9,39]],[[2647,4485],[40,79],[27,6],[87,-113],[-13,-60]],[[2647,4485],[-43,75],[-49,-39],[-44,11]],[[2511,4532],[22,109]],[[2533,4641],[30,4],[5,57],[65,66],[23,156],[25,48]],[[2681,4972],[46,-85],[47,-47],[75,132],[17,59],[30,10],[54,-38],[-13,-185],[144,-96],[57,-115]],[[2681,4972],[29,130],[2,69],[24,91]],[[2736,5262],[34,-48],[83,-51],[141,-66],[38,-44],[84,-29],[45,-35],[30,-61],[123,-90],[36,-48],[46,-19],[128,98],[10,-55],[-32,-181],[5,-143],[-10,-39]],[[2498,4189],[12,153],[-74,95]],[[2436,4437],[1,55],[36,45]],[[2473,4537],[38,-5]],[[2307,4078],[-77,19],[-27,-32],[-64,24]],[[2139,4089],[10,80],[21,3],[27,91],[108,61],[52,-15],[37,41],[42,87]],[[2235,3572],[-27,-38],[-55,46],[-61,-74],[-89,4],[-40,72],[-36,17],[-64,104],[-6,105],[19,-2],[57,116],[93,-52],[-7,72],[58,-73],[-3,47],[-57,102],[4,75],[87,-11]],[[2108,4082],[31,7]],[[1925,4358],[138,-23],[128,88],[-39,46],[41,138],[41,-16],[-51,-104],[75,10],[48,-40],[25,40],[23,-37],[23,66],[76,51],[20,-40]],[[2108,4082],[-79,50]],[[2029,4132],[-21,120],[-20,7],[-63,99]],[[2450,4634],[83,7]],[[1925,4358],[52,127],[49,58],[38,116]],[[2064,4659],[19,4],[78,101],[101,45],[38,-33],[-57,-43],[5,-24],[80,-39],[-1,83],[23,-87],[21,35],[79,-67]],[[2423,5302],[190,1],[123,-41]],[[2450,4634],[-16,132],[-33,29],[-43,93],[-22,7],[-16,127],[-1,-107],[-57,-28],[25,49],[-22,53]],[[2265,4989],[0,121],[93,17],[16,122],[41,-8],[8,61]],[[2064,4659],[-31,22],[9,81],[74,37],[-17,48],[31,25],[-22,38],[45,49],[9,-84],[28,47],[-6,-113],[41,20],[-2,128],[42,32]],[[2029,4132],[-179,15],[-48,-17],[-36,-78],[-106,-46],[-51,14],[-50,80],[-42,136],[8,104],[30,135],[68,60],[61,9],[34,42],[62,29],[43,-47],[91,-34],[0,42],[-43,124],[14,37],[20,161],[10,228],[31,111],[23,33],[131,-20],[323,52]],[[2572,1051],[-69,-8],[-26,-47],[-36,11],[-57,58],[-13,66],[-110,43],[-49,76],[-152,48],[-10,42],[-85,9],[12,50],[-49,50],[-43,-5],[-41,32],[-82,1],[-28,-80],[-26,-16],[-7,86],[-44,52],[-14,62],[-65,59],[-74,10],[-1,106],[35,49],[0,72],[-67,101],[-33,157],[-22,30],[-5,99],[26,93],[52,47],[-39,64],[45,111],[-14,82],[-79,81],[1,114],[47,97],[-13,88],[-39,48],[35,249],[-48,64],[-47,155],[-37,376],[6,72],[-31,92],[12,40],[-34,28],[-37,113],[-46,41],[25,29],[35,250],[-9,45],[32,111],[104,4],[22,34],[85,-11],[28,-40],[68,193],[-36,17],[4,49],[50,83],[29,89],[57,55],[57,0],[30,42],[94,0],[50,45],[19,58],[74,29],[18,95],[38,39],[-20,107],[57,48],[-49,70],[32,100],[53,26],[-23,78],[-56,16],[-36,-18],[-58,78],[-47,-23],[-61,80],[-66,-5],[-24,38],[-90,28],[-58,-57],[-21,18],[13,108],[-35,93],[13,134],[54,115],[52,43],[-14,129],[-66,24],[-18,35],[-62,-8],[-48,42],[-100,-36],[-35,30],[-65,12],[-96,-33],[-52,85],[-124,45],[-75,91],[-105,86],[-4,136],[23,118],[-98,86],[-53,-68],[-44,16],[-61,-38],[-71,8],[-4,55],[-96,3],[-67,-98],[-48,24],[-69,-64],[-62,60],[-70,5],[-36,59],[-51,10],[-1,83],[23,23],[10,77],[51,69],[-12,53],[-66,56],[5,69],[51,101],[-26,68],[57,177],[49,32],[77,-51],[-9,37],[76,75],[35,10],[66,111],[70,65],[-9,102],[56,54],[84,-13],[6,121],[82,53],[66,155],[-27,73],[-4,122],[57,-23],[76,68],[25,-45],[47,19],[128,10],[12,38],[79,24],[36,-35],[94,-27],[94,16],[10,-40],[118,-16],[30,53],[84,-10],[30,26],[66,-33],[44,13],[-9,87],[-53,75],[-37,0],[-40,56],[-102,34],[-13,43],[-57,62],[13,56],[75,-29],[31,20],[66,-39],[35,29],[51,-6],[44,-48],[32,7],[77,-106],[28,10],[39,-46],[61,75],[69,5],[46,141],[117,-35],[70,65],[75,95],[57,26],[25,41],[133,-3],[28,-69],[33,-11],[14,178],[-9,23],[101,32],[65,43],[24,-108],[139,0],[14,-72],[87,-169],[36,54],[103,91],[88,-70],[62,32],[52,68],[44,101],[72,33],[102,4],[10,-152],[30,-41],[50,14],[20,-35],[-26,-72],[6,-51],[47,-31],[13,-98],[23,-49],[179,-92],[75,-137],[92,-225],[82,-76],[49,-15],[94,-86],[95,-37],[105,-19],[122,-177],[27,-3],[78,-85],[127,29],[102,-108],[22,-76],[-23,-42],[62,-85],[82,-38],[23,-42],[49,-15],[48,43],[76,-105],[26,-110],[104,-71],[6,-69],[-42,-12],[-70,-129],[76,-135],[20,-87],[63,-36],[52,-73],[52,-31],[92,-16],[50,11],[55,45],[49,-1],[57,-63],[2,-75],[69,-10],[3,-28],[80,-4],[39,-23],[16,42],[40,-2],[54,-122],[41,-34],[-15,-78],[38,-37],[-2,-104],[30,-24],[-52,-34],[-80,65],[-66,-22],[37,-85],[116,-67],[89,52],[149,-23],[30,33],[22,-29],[76,13],[-6,87],[63,-49],[66,29],[111,-71],[14,48],[72,-66],[-16,71],[-51,36],[56,132],[-16,71],[47,-54],[71,12],[35,-79],[21,17],[45,-38],[35,33],[-1,56],[49,102],[19,94],[73,-43],[22,50],[-3,88],[21,33],[71,-9],[69,40],[43,100],[124,-41],[78,96],[66,36],[35,63],[79,31],[64,4],[69,-26],[151,54],[26,28],[60,-80],[139,-31],[36,11],[69,120],[-13,66],[43,106],[89,19],[123,4],[21,-147],[23,-46],[123,-22],[37,-34],[215,-95],[10,-23],[185,-41],[61,82],[53,35],[51,-1],[48,-74],[23,-101],[38,-48],[32,-96],[152,-62],[66,-65],[19,-102],[17,-159],[-54,-73],[6,-108],[-49,-213],[-13,-122],[-51,-134],[-6,-61],[8,-189],[-16,-106],[-67,-249],[-31,-56],[-21,-121],[7,-139],[-32,-38],[-120,-66],[-105,5],[-109,-144],[26,-66],[-41,-75],[63,-41],[5,-71],[-57,-39],[-103,-10],[-112,39],[-112,-57],[24,-112],[43,-17],[1,-161],[43,-102],[-17,-110],[-53,-50],[-32,8],[-21,-64],[1,-90],[-43,-71],[-33,-19],[-25,-80],[31,-54],[-23,-30],[-87,44],[-198,22],[-27,43],[-37,-21],[-5,-58],[-40,-32],[-53,10],[-74,50],[-95,-57],[-45,-109],[58,-113],[25,-116],[70,-173],[48,15],[13,-52],[-32,-37]]],"transform":{"scale":[0.0007797733745352974,0.0004800030344892427],"translate":[72.45632605015848,32.23192362973131]}}