{"type":"Topology","objects":{"Haryana":{"type":"GeometryCollection","bbox":[74.4990678835014,27.64653339320424,77.59405719052218,30.916622775525983],"geometries":[{"type":"Polygon","properties":{"ac":"90","ASSEMBLY_1":"TIGAON","DISTRICT":"FARIDABAD","PARLIAMENT":"10","P_NAME":"FARIDABAD","STATE_UT":"HARYANA"},"arcs":[[0,1,2,3]]},{"type":"Polygon","properties":{"ac":"89","ASSEMBLY_1":"FARIDABAD","DISTRICT":"FARIDABAD","PARLIAMENT":"10","P_NAME":"FARIDABAD","STATE_UT":"HARYANA"},"arcs":[[4,-4,5,6]]},{"type":"Polygon","properties":{"ac":"88","ASSEMBLY_1":"BALLABHGARH","DISTRICT":"FARIDABAD","PARLIAMENT":"10","P_NAME":"FARIDABAD","STATE_UT":"HARYANA"},"arcs":[[-7,7,8,9]]},{"type":"Polygon","properties":{"ac":"87","ASSEMBLY_1":"BADKHAL","DISTRICT":"FARIDABAD","PARLIAMENT":"10","P_NAME":"FARIDABAD","STATE_UT":"HARYANA"},"arcs":[[-5,-10,10,11,-1]]},{"type":"Polygon","properties":{"ac":"86","ASSEMBLY_1":"FARIDABAD NIT","DISTRICT":"FARIDABAD","PARLIAMENT":"10","P_NAME":"FARIDABAD","STATE_UT":"HARYANA"},"arcs":[[-11,-9,12,13,14]]},{"type":"Polygon","properties":{"ac":"85","ASSEMBLY_1":"PRITHLA","DISTRICT":"FARIDABAD","PARLIAMENT":"10","P_NAME":"FARIDABAD","STATE_UT":"HARYANA"},"arcs":[[15,-13,-8,-6,-3,16,17,18]]},{"type":"Polygon","properties":{"ac":"84","ASSEMBLY_1":"PALWAL","DISTRICT":"FARIDABAD","PARLIAMENT":"10","P_NAME":"FARIDABAD","STATE_UT":"HARYANA"},"arcs":[[19,20,-18,21]]},{"type":"Polygon","properties":{"ac":"83","ASSEMBLY_1":"HODAL (SC)","DISTRICT":"FARIDABAD","PARLIAMENT":"10","P_NAME":"FARIDABAD","STATE_UT":"HARYANA"},"arcs":[[22,23,-20,24]]},{"type":"Polygon","properties":{"ac":"82","ASSEMBLY_1":"HATHIN","DISTRICT":"FARIDABAD","PARLIAMENT":"10","P_NAME":"FARIDABAD","STATE_UT":"HARYANA"},"arcs":[[-21,-24,25,26,27,28,-19]]},{"type":"Polygon","properties":{"ac":"81","ASSEMBLY_1":"PUNAHANA","DISTRICT":"GURGAON","PARLIAMENT":"9","P_NAME":"GURGAON","STATE_UT":"HARYANA"},"arcs":[[29,30,-26,-23]]},{"type":"Polygon","properties":{"ac":"80","ASSEMBLY_1":"FEROZEPUR JHIRKA","DISTRICT":"GURGAON","PARLIAMENT":"9","P_NAME":"GURGAON","STATE_UT":"HARYANA"},"arcs":[[-27,-31,31,32]]},{"type":"Polygon","properties":{"ac":"79","ASSEMBLY_1":"NUH","DISTRICT":"GURGAON","PARLIAMENT":"9","P_NAME":"GURGAON","STATE_UT":"HARYANA"},"arcs":[[-33,33,34,-28]]},{"type":"Polygon","properties":{"ac":"78","ASSEMBLY_1":"SOHNA","DISTRICT":"GURGAON","PARLIAMENT":"9","P_NAME":"GURGAON","STATE_UT":"HARYANA"},"arcs":[[35,36,37,38,39,40,-14,-16,-29,-35]]},{"type":"Polygon","properties":{"ac":"77","ASSEMBLY_1":"GURGAON","DISTRICT":"GURGAON","PARLIAMENT":"9","P_NAME":"GURGAON","STATE_UT":"HARYANA"},"arcs":[[41,42,-40]]},{"type":"Polygon","properties":{"ac":"76","ASSEMBLY_1":"BADSHAHPUR","DISTRICT":"GURGAON","PARLIAMENT":"9","P_NAME":"GURGAON","STATE_UT":"HARYANA"},"arcs":[[-42,-39,43,44,45]]},{"type":"Polygon","properties":{"ac":"75","ASSEMBLY_1":"PATAUDI (SC)","DISTRICT":"GURGAON","PARLIAMENT":"9","P_NAME":"GURGAON","STATE_UT":"HARYANA"},"arcs":[[-44,-38,46,47,48]]},{"type":"Polygon","properties":{"ac":"74","ASSEMBLY_1":"REWARI","DISTRICT":"REWARI","PARLIAMENT":"9","P_NAME":"GURGAON","STATE_UT":"HARYANA"},"arcs":[[49,50,-47,-37,51]]},{"type":"Polygon","properties":{"ac":"73","ASSEMBLY_1":"KOSLI","DISTRICT":"REWARI","PARLIAMENT":"7","P_NAME":"ROHTAK","STATE_UT":"HARYANA"},"arcs":[[52,53,-48,-51,54,55,56]]},{"type":"Polygon","properties":{"ac":"72","ASSEMBLY_1":"BAWAL (SC)","DISTRICT":"REWARI","PARLIAMENT":"9","P_NAME":"GURGAON","STATE_UT":"HARYANA"},"arcs":[[57,-55,-50,58]]},{"type":"Polygon","properties":{"ac":"71","ASSEMBLY_1":"NAGAL CHAUDHRY","DISTRICT":"MAHENDRAGARH","PARLIAMENT":"8","P_NAME":"BHIWANI MAHENDRAGARH","STATE_UT":"HARYANA"},"arcs":[[59,60]]},{"type":"Polygon","properties":{"ac":"70","ASSEMBLY_1":"NARNAUL","DISTRICT":"MAHENDRAGARH","PARLIAMENT":"8","P_NAME":"BHIWANI MAHENDRAGARH","STATE_UT":"HARYANA"},"arcs":[[-60,61,62,63,64]]},{"type":"Polygon","properties":{"ac":"69","ASSEMBLY_1":"MAHENDRAGARH","DISTRICT":"MAHENDRAGARH","PARLIAMENT":"8","P_NAME":"BHIWANI MAHENDRAGARH","STATE_UT":"HARYANA"},"arcs":[[65,-57,66,-63,67,68]]},{"type":"Polygon","properties":{"ac":"68","ASSEMBLY_1":"ATELI","DISTRICT":"MAHENDRAGARH","PARLIAMENT":"8","P_NAME":"BHIWANI MAHENDRAGARH","STATE_UT":"HARYANA"},"arcs":[[-67,-56,-58,69,-64]]},{"type":"Polygon","properties":{"ac":"67","ASSEMBLY_1":"BERI","DISTRICT":"JHAJJAR","PARLIAMENT":"7","P_NAME":"ROHTAK","STATE_UT":"HARYANA"},"arcs":[[70,71,72,73,74,75,76]]},{"type":"Polygon","properties":{"ac":"66","ASSEMBLY_1":"JHAJJAR (SC)","DISTRICT":"JHAJJAR","PARLIAMENT":"7","P_NAME":"ROHTAK","STATE_UT":"HARYANA"},"arcs":[[77,78,-76,79,-53]]},{"type":"Polygon","properties":{"ac":"65","ASSEMBLY_1":"BADLI","DISTRICT":"JHAJJAR","PARLIAMENT":"7","P_NAME":"ROHTAK","STATE_UT":"HARYANA"},"arcs":[[80,-45,-49,-54,-80,-75]]},{"type":"Polygon","properties":{"ac":"64","ASSEMBLY_1":"BAHADURGARH","DISTRICT":"JHAJJAR","PARLIAMENT":"7","P_NAME":"ROHTAK","STATE_UT":"HARYANA"},"arcs":[[81,82,-73,83]]},{"type":"Polygon","properties":{"ac":"63","ASSEMBLY_1":"KALANAUR (SC)","DISTRICT":"ROHTAK","PARLIAMENT":"7","P_NAME":"ROHTAK","STATE_UT":"HARYANA"},"arcs":[[84,85,86,87,88,89,-71]]},{"type":"Polygon","properties":{"ac":"62","ASSEMBLY_1":"ROHTAK","DISTRICT":"ROHTAK","PARLIAMENT":"7","P_NAME":"ROHTAK","STATE_UT":"HARYANA"},"arcs":[[-89,90]]},{"type":"Polygon","properties":{"ac":"61","ASSEMBLY_1":"GARHI SAMPLA KILOI","DISTRICT":"ROHTAK","PARLIAMENT":"7","P_NAME":"ROHTAK","STATE_UT":"HARYANA"},"arcs":[[91,92,93,-84,-72,-90,-91,-88,94]]},{"type":"Polygon","properties":{"ac":"60","ASSEMBLY_1":"MEHAM","DISTRICT":"ROHTAK","PARLIAMENT":"7","P_NAME":"ROHTAK","STATE_UT":"HARYANA"},"arcs":[[95,-95,-87,96,97]]},{"type":"Polygon","properties":{"ac":"59","ASSEMBLY_1":"BAWANI KHERA (SC)","DISTRICT":"BHIWANI","PARLIAMENT":"4","P_NAME":"HISAR","STATE_UT":"HARYANA"},"arcs":[[-97,-86,98,99,100,101,102,103]]},{"type":"Polygon","properties":{"ac":"58","ASSEMBLY_1":"TOSHAM","DISTRICT":"BHIWANI","PARLIAMENT":"8","P_NAME":"BHIWANI MAHENDRAGARH","STATE_UT":"HARYANA"},"arcs":[[104,-101,105,106,107]]},{"type":"Polygon","properties":{"ac":"57","ASSEMBLY_1":"BHIWANI","DISTRICT":"BHIWANI","PARLIAMENT":"8","P_NAME":"BHIWANI MAHENDRAGARH","STATE_UT":"HARYANA"},"arcs":[[-100,108,109,-106]]},{"type":"Polygon","properties":{"ac":"56","ASSEMBLY_1":"DADRI","DISTRICT":"BHIWANI","PARLIAMENT":"8","P_NAME":"BHIWANI MAHENDRAGARH","STATE_UT":"HARYANA"},"arcs":[[-77,-79,110,-109,-99,-85]]},{"type":"Polygon","properties":{"ac":"55","ASSEMBLY_1":"BADHRA","DISTRICT":"BHIWANI","PARLIAMENT":"8","P_NAME":"BHIWANI MAHENDRAGARH","STATE_UT":"HARYANA"},"arcs":[[-66,111,-107,-110,-111,-78]]},{"type":"Polygon","properties":{"ac":"54","ASSEMBLY_1":"LOHARU","DISTRICT":"BHIWANI","PARLIAMENT":"8","P_NAME":"BHIWANI MAHENDRAGARH","STATE_UT":"HARYANA"},"arcs":[[112,113,-108,-112,-69]]},{"type":"Polygon","properties":{"ac":"53","ASSEMBLY_1":"NALWA","DISTRICT":"HISAR","PARLIAMENT":"4","P_NAME":"HISAR","STATE_UT":"HARYANA"},"arcs":[[-114,114,115,116,117,118,-102,-105]]},{"type":"Polygon","properties":{"ac":"52","ASSEMBLY_1":"HISAR","DISTRICT":"HISAR","PARLIAMENT":"4","P_NAME":"HISAR","STATE_UT":"HARYANA"},"arcs":[[119,-117,120]]},{"type":"Polygon","properties":{"ac":"51","ASSEMBLY_1":"BARWALA","DISTRICT":"HISAR","PARLIAMENT":"4","P_NAME":"HISAR","STATE_UT":"HARYANA"},"arcs":[[121,122,123,124,-118,-120]]},{"type":"Polygon","properties":{"ac":"50","ASSEMBLY_1":"HANSI","DISTRICT":"HISAR","PARLIAMENT":"4","P_NAME":"HISAR","STATE_UT":"HARYANA"},"arcs":[[125,-103,-119,-125]]},{"type":"Polygon","properties":{"ac":"49","ASSEMBLY_1":"NARNAUND","DISTRICT":"HISAR","PARLIAMENT":"4","P_NAME":"HISAR","STATE_UT":"HARYANA"},"arcs":[[-104,-126,-124,126,127,128,129,-98]]},{"type":"Polygon","properties":{"ac":"48","ASSEMBLY_1":"UKLANA (SC)","DISTRICT":"HISAR","PARLIAMENT":"4","P_NAME":"HISAR","STATE_UT":"HARYANA"},"arcs":[[130,-127,-123,131,132,133]]},{"type":"Polygon","properties":{"ac":"47","ASSEMBLY_1":"ADAMPUR","DISTRICT":"HISAR","PARLIAMENT":"4","P_NAME":"HISAR","STATE_UT":"HARYANA"},"arcs":[[-132,-122,-121,-116,134,135]]},{"type":"Polygon","properties":{"ac":"46","ASSEMBLY_1":"ELLENABAD","DISTRICT":"SIRSA","PARLIAMENT":"3","P_NAME":"SIRSA (SC)","STATE_UT":"HARYANA"},"arcs":[[136,137,138,139]]},{"type":"Polygon","properties":{"ac":"45","ASSEMBLY_1":"SIRSA","DISTRICT":"SIRSA","PARLIAMENT":"3","P_NAME":"SIRSA (SC)","STATE_UT":"HARYANA"},"arcs":[[140,141,-137,142]]},{"type":"Polygon","properties":{"ac":"44","ASSEMBLY_1":"RANIA","DISTRICT":"SIRSA","PARLIAMENT":"3","P_NAME":"SIRSA (SC)","STATE_UT":"HARYANA"},"arcs":[[-140,143,144,145,-143]]},{"type":"Polygon","properties":{"ac":"43","ASSEMBLY_1":"DABWALI","DISTRICT":"SIRSA","PARLIAMENT":"3","P_NAME":"SIRSA (SC)","STATE_UT":"HARYANA"},"arcs":[[146,147,-145]]},{"type":"Polygon","properties":{"ac":"42","ASSEMBLY_1":"KALANWALI (SC)","DISTRICT":"SIRSA","PARLIAMENT":"3","P_NAME":"SIRSA (SC)","STATE_UT":"HARYANA"},"arcs":[[148,149,-141,-146,-148,150]]},{"type":"Polygon","properties":{"ac":"41","ASSEMBLY_1":"RATIA (SC)","DISTRICT":"FATEHABAD","PARLIAMENT":"3","P_NAME":"SIRSA (SC)","STATE_UT":"HARYANA"},"arcs":[[151,152,153,-149]]},{"type":"Polygon","properties":{"ac":"40","ASSEMBLY_1":"FATEHABAD","DISTRICT":"FATEHABAD","PARLIAMENT":"3","P_NAME":"SIRSA (SC)","STATE_UT":"HARYANA"},"arcs":[[154,-138,-142,-150,-154,155,-133,-136]]},{"type":"Polygon","properties":{"ac":"39","ASSEMBLY_1":"TOHANA","DISTRICT":"FATEHABAD","PARLIAMENT":"3","P_NAME":"SIRSA (SC)","STATE_UT":"HARYANA"},"arcs":[[156,157,-134,-156,-153,158]]},{"type":"Polygon","properties":{"ac":"38","ASSEMBLY_1":"NARWANA (SC)","DISTRICT":"JIND","PARLIAMENT":"3","P_NAME":"SIRSA (SC)","STATE_UT":"HARYANA"},"arcs":[[159,160,161,-157]]},{"type":"Polygon","properties":{"ac":"37","ASSEMBLY_1":"UCHANA KALAN","DISTRICT":"JIND","PARLIAMENT":"4","P_NAME":"HISAR","STATE_UT":"HARYANA"},"arcs":[[162,163,-128,-131,-158,-162,164,165]]},{"type":"Polygon","properties":{"ac":"36","ASSEMBLY_1":"JIND","DISTRICT":"JIND","PARLIAMENT":"6","P_NAME":"SONIPAT","STATE_UT":"HARYANA"},"arcs":[[-164,166,167,-129]]},{"type":"Polygon","properties":{"ac":"35","ASSEMBLY_1":"SAFIDON","DISTRICT":"JIND","PARLIAMENT":"6","P_NAME":"SONIPAT","STATE_UT":"HARYANA"},"arcs":[[168,169,170,-167,-163,171]]},{"type":"Polygon","properties":{"ac":"34","ASSEMBLY_1":"JULANA","DISTRICT":"JIND","PARLIAMENT":"6","P_NAME":"SONIPAT","STATE_UT":"HARYANA"},"arcs":[[-92,-96,-130,-168,-171,172]]},{"type":"Polygon","properties":{"ac":"33","ASSEMBLY_1":"BARODA","DISTRICT":"SONIPAT","PARLIAMENT":"6","P_NAME":"SONIPAT","STATE_UT":"HARYANA"},"arcs":[[173,174,-93,-173,-170,175]]},{"type":"Polygon","properties":{"ac":"32","ASSEMBLY_1":"GOHANA","DISTRICT":"SONIPAT","PARLIAMENT":"6","P_NAME":"SONIPAT","STATE_UT":"HARYANA"},"arcs":[[-174,176,177,178,179]]},{"type":"Polygon","properties":{"ac":"31","ASSEMBLY_1":"SONIPAT","DISTRICT":"SONIPAT","PARLIAMENT":"6","P_NAME":"SONIPAT","STATE_UT":"HARYANA"},"arcs":[[180,181,-179,182]]},{"type":"Polygon","properties":{"ac":"30","ASSEMBLY_1":"KHARKHAUDA (SC)","DISTRICT":"SONIPAT","PARLIAMENT":"6","P_NAME":"SONIPAT","STATE_UT":"HARYANA"},"arcs":[[-82,-94,-175,-180,-182,183,184]]},{"type":"Polygon","properties":{"ac":"29","ASSEMBLY_1":"RAI","DISTRICT":"SONIPAT","PARLIAMENT":"6","P_NAME":"SONIPAT","STATE_UT":"HARYANA"},"arcs":[[185,186,-184,-181]]},{"type":"Polygon","properties":{"ac":"28","ASSEMBLY_1":"GANAUR","DISTRICT":"SONIPAT","PARLIAMENT":"6","P_NAME":"SONIPAT","STATE_UT":"HARYANA"},"arcs":[[187,-186,-183,-178,188,189]]},{"type":"Polygon","properties":{"ac":"27","ASSEMBLY_1":"SAMALKHA","DISTRICT":"PANIPAT","PARLIAMENT":"5","P_NAME":"KARNAL","STATE_UT":"HARYANA"},"arcs":[[-190,190,191,192,193]]},{"type":"Polygon","properties":{"ac":"26","ASSEMBLY_1":"ISRANA (SC)","DISTRICT":"PANIPAT","PARLIAMENT":"5","P_NAME":"KARNAL","STATE_UT":"HARYANA"},"arcs":[[-169,194,195,-191,-189,-177,-176]]},{"type":"Polygon","properties":{"ac":"25","ASSEMBLY_1":"PANIPAT CITY","DISTRICT":"PANIPAT","PARLIAMENT":"5","P_NAME":"KARNAL","STATE_UT":"HARYANA"},"arcs":[[196]]},{"type":"Polygon","properties":{"ac":"23","ASSEMBLY_1":"ASSANDH","DISTRICT":"KARNAL","PARLIAMENT":"5","P_NAME":"KARNAL","STATE_UT":"HARYANA"},"arcs":[[-172,-166,197,198,199,200,201,202,-195]]},{"type":"Polygon","properties":{"ac":"22","ASSEMBLY_1":"GHARAUNDA","DISTRICT":"KARNAL","PARLIAMENT":"5","P_NAME":"KARNAL","STATE_UT":"HARYANA"},"arcs":[[-193,203,-202,204,205,206]]},{"type":"Polygon","properties":{"ac":"21","ASSEMBLY_1":"KARNAL","DISTRICT":"KARNAL","PARLIAMENT":"5","P_NAME":"KARNAL","STATE_UT":"HARYANA"},"arcs":[[207,-205,-201,208]]},{"type":"Polygon","properties":{"ac":"20","ASSEMBLY_1":"INDRI","DISTRICT":"KARNAL","PARLIAMENT":"5","P_NAME":"KARNAL","STATE_UT":"HARYANA"},"arcs":[[-206,-208,209,210,211,212]]},{"type":"Polygon","properties":{"ac":"19","ASSEMBLY_1":"NILOKHERI (SC)","DISTRICT":"KARNAL","PARLIAMENT":"5","P_NAME":"KARNAL","STATE_UT":"HARYANA"},"arcs":[[-200,213,214,-210,-209]]},{"type":"Polygon","properties":{"ac":"18","ASSEMBLY_1":"PUNDRI","DISTRICT":"KAITHAL","PARLIAMENT":"2","P_NAME":"KURUKSHETRA","STATE_UT":"HARYANA"},"arcs":[[215,216,217,218,-214,-199]]},{"type":"Polygon","properties":{"ac":"17","ASSEMBLY_1":"KAITHAL","DISTRICT":"KAITHAL","PARLIAMENT":"2","P_NAME":"KURUKSHETRA","STATE_UT":"HARYANA"},"arcs":[[219,220,221,-217]]},{"type":"Polygon","properties":{"ac":"16","ASSEMBLY_1":"KALAYAT","DISTRICT":"KAITHAL","PARLIAMENT":"2","P_NAME":"KURUKSHETRA","STATE_UT":"HARYANA"},"arcs":[[-216,-198,-165,-161,222,223,-220]]},{"type":"Polygon","properties":{"ac":"15","ASSEMBLY_1":"GUHLA (SC)","DISTRICT":"KAITHAL","PARLIAMENT":"2","P_NAME":"KURUKSHETRA","STATE_UT":"HARYANA"},"arcs":[[224,-221,-224,225]]},{"type":"Polygon","properties":{"ac":"14","ASSEMBLY_1":"PEHOWA","DISTRICT":"KURUKSHETRA","PARLIAMENT":"2","P_NAME":"KURUKSHETRA","STATE_UT":"HARYANA"},"arcs":[[226,227,228,229,-218,-222,-225]]},{"type":"Polygon","properties":{"ac":"13","ASSEMBLY_1":"THANESAR","DISTRICT":"KURUKSHETRA","PARLIAMENT":"2","P_NAME":"KURUKSHETRA","STATE_UT":"HARYANA"},"arcs":[[230,-215,-219,-230,231]]},{"type":"Polygon","properties":{"ac":"12","ASSEMBLY_1":"SHAHBAD (SC)","DISTRICT":"KURUKSHETRA","PARLIAMENT":"2","P_NAME":"KURUKSHETRA","STATE_UT":"HARYANA"},"arcs":[[232,233,234,235,-232,-229,236]]},{"type":"Polygon","properties":{"ac":"11","ASSEMBLY_1":"LADWA","DISTRICT":"KURUKSHETRA","PARLIAMENT":"2","P_NAME":"KURUKSHETRA","STATE_UT":"HARYANA"},"arcs":[[237,-211,-231,-236,238]]},{"type":"Polygon","properties":{"ac":"10","ASSEMBLY_1":"RADAUR","DISTRICT":"YAMUNANAGAR","PARLIAMENT":"2","P_NAME":"KURUKSHETRA","STATE_UT":"HARYANA"},"arcs":[[-238,239,240,241,242,243,-212]]},{"type":"Polygon","properties":{"ac":"9","ASSEMBLY_1":"YAMUNANAGAR","DISTRICT":"YAMUNANAGAR","PARLIAMENT":"1","P_NAME":"AMBALA (SC)","STATE_UT":"HARYANA"},"arcs":[[-243,244,245]]},{"type":"Polygon","properties":{"ac":"8","ASSEMBLY_1":"JAGADHRI","DISTRICT":"YAMUNANAGAR","PARLIAMENT":"1","P_NAME":"AMBALA (SC)","STATE_UT":"HARYANA"},"arcs":[[-245,-242,246,247]]},{"type":"Polygon","properties":{"ac":"7","ASSEMBLY_1":"SADHAURA (SC)","DISTRICT":"YAMUNANAGAR","PARLIAMENT":"1","P_NAME":"AMBALA (SC)","STATE_UT":"HARYANA"},"arcs":[[-241,248,249,250,-247]]},{"type":"Polygon","properties":{"ac":"6","ASSEMBLY_1":"MULANA (SC)","DISTRICT":"AMBALA","PARLIAMENT":"1","P_NAME":"AMBALA (SC)","STATE_UT":"HARYANA"},"arcs":[[251,-249,-240,-239,-235,252,253]]},{"type":"Polygon","properties":{"ac":"4","ASSEMBLY_1":"AMBALA CANTT.","DISTRICT":"AMBALA","PARLIAMENT":"1","P_NAME":"AMBALA (SC)","STATE_UT":"HARYANA"},"arcs":[[254,255,256,-254]]},{"type":"Polygon","properties":{"ac":"3","ASSEMBLY_1":"NARAINGARH","DISTRICT":"AMBALA","PARLIAMENT":"1","P_NAME":"AMBALA (SC)","STATE_UT":"HARYANA"},"arcs":[[-252,-257,257,258,259,260,-250]]},{"type":"Polygon","properties":{"ac":"2","ASSEMBLY_1":"PANCHKULA","DISTRICT":"AMBALA","PARLIAMENT":"1","P_NAME":"AMBALA (SC)","STATE_UT":"HARYANA"},"arcs":[[261,-259,262]]},{"type":"Polygon","properties":{"ac":"1","ASSEMBLY_1":"KALKA","DISTRICT":"AMBALA","PARLIAMENT":"1","P_NAME":"AMBALA (SC)","STATE_UT":"HARYANA"},"arcs":[[-260,-262,263]]},{"type":"Polygon","properties":{"ac":"24","ASSEMBLY_1":"PANIPAT RURAL","DISTRICT":"PANIPAT","PARLIAMENT":"5","P_NAME":"KARNAL","STATE_UT":"HARYANA"},"arcs":[[-196,-203,-204,-192],[-197]]},{"type":"Polygon","properties":{"ac":"5","ASSEMBLY_1":"AMBALA CITY","DISTRICT":"AMBALA","PARLIAMENT":"1","P_NAME":"AMBALA (SC)","STATE_UT":"HARYANA"},"arcs":[[-255,-253,-234,264],[236,-266,227]]}]}},"arcs":[[[9099,2382],[-26,177]],[[9073,2559],[143,51],[196,-147],[99,-24],[35,-71],[124,-55],[-25,-41],[90,-126],[-90,-74]],[[9645,2072],[-56,-119],[-61,-1],[-119,108],[-31,76],[-95,15],[-60,126]],[[9223,2277],[8,107],[-132,-2]],[[9098,2241],[1,141]],[[9223,2277],[-4,-75]],[[9219,2202],[-93,-39],[-28,78]],[[9219,2202],[42,-53],[-144,-138],[-77,180]],[[9040,2191],[1,43]],[[9041,2234],[57,7]],[[9041,2234],[-91,39],[-204,-24],[-4,60]],[[8742,2309],[176,50],[-48,96],[52,74],[151,30]],[[9040,2191],[-170,-115],[-128,-24],[-15,-85]],[[8727,1967],[-115,66],[-9,212],[74,51]],[[8677,2296],[65,13]],[[8854,1872],[35,45],[-162,50]],[[9645,2072],[98,-83],[-53,-129]],[[9690,1860],[-12,-103],[-143,-57],[-74,-93],[-256,139],[-238,-11],[-60,65]],[[8907,1800],[-53,72]],[[9796,1106],[-20,-49],[-216,105],[-63,-63],[-199,142]],[[9298,1241],[45,107],[-106,-21],[-128,144],[-36,-30],[-126,46],[-13,60],[-109,92],[2,108],[80,53]],[[9690,1860],[192,-31],[-73,-76],[25,-68],[-110,15],[11,-83],[147,19],[-19,-63],[-105,-24],[2,-122],[-96,-112],[34,-128],[98,-81]],[[9220,599],[-134,137]],[[9086,736],[-38,90],[54,88],[-22,97],[59,32],[-58,187],[28,76],[84,-66],[105,1]],[[9796,1106],[83,-74],[-82,-60],[85,-25],[-53,-102],[-161,3],[3,-116],[-88,-50],[-97,54],[1,-114],[-136,12],[-131,-35]],[[9086,736],[-30,-59],[-175,68],[-126,141],[-108,6],[-48,64],[-117,7]],[[8482,963],[-110,71]],[[8372,1034],[109,69],[15,105],[-48,54],[99,26],[43,150],[-40,28],[132,157]],[[8682,1623],[82,133],[-13,42],[103,74]],[[9220,599],[-7,-42],[-209,-68],[-89,-92],[-132,110],[-143,-28],[-7,-80],[-104,11]],[[8529,410],[-11,158],[-138,81],[51,135],[12,157],[39,22]],[[8529,410],[-40,-16],[-208,107],[-60,-122],[166,-64],[24,-67],[-81,-28],[-69,63],[-120,-20],[-77,-259],[-117,54],[-92,-58],[-45,72],[74,65],[-101,72],[77,340],[61,-6],[-4,183],[41,75],[-64,18],[18,163]],[[7912,982],[95,45],[126,-7],[13,87],[123,-86],[103,13]],[[7912,982],[-20,60],[87,225],[49,222]],[[8028,1489],[105,149],[161,102],[165,23],[139,-46],[84,-94]],[[8028,1489],[-66,14],[-187,131],[52,39],[-147,62]],[[7680,1735],[-11,41]],[[7669,1776],[74,80],[64,-48],[62,53],[-41,89],[93,73],[169,14]],[[8090,2037],[60,-37],[106,67],[7,99],[128,22],[8,115]],[[8399,2303],[124,97]],[[8523,2400],[154,-104]],[[8399,2303],[-205,52],[-100,226],[375,-78]],[[8469,2503],[54,-103]],[[8090,2037],[19,72],[-113,111],[85,72],[-132,15],[9,-65],[-155,-93],[-173,97],[9,74],[-69,15],[-91,167]],[[7479,2502],[110,108],[164,-8]],[[7753,2602],[209,14],[77,43],[119,-40],[0,85],[165,-87],[51,20],[114,-81],[-19,-53]],[[7669,1776],[-136,18],[-24,44],[-74,-108],[-217,126],[-123,13],[27,153],[-94,-28]],[[7028,1994],[44,231]],[[7072,2225],[160,-76],[40,100],[-69,40],[20,103],[-42,182],[160,-93],[138,21]],[[7480,1606],[-189,-11],[-22,85],[-140,-67],[-93,34],[-17,-160],[-229,152],[-134,12]],[[6656,1651],[59,173],[-39,38],[97,43],[196,-17],[59,106]],[[7680,1735],[-158,-28],[-42,-101]],[[5830,2385],[140,-24],[39,127],[73,-17],[-4,-84],[106,-12],[-3,140],[83,-5]],[[6264,2510],[80,-152],[224,47],[140,-23],[17,-76],[50,91],[170,-37],[127,-135]],[[6656,1651],[-180,-24],[-29,38],[-204,37],[-156,87],[-70,-41]],[[6017,1748],[6,237],[68,67],[-37,128],[96,-9],[23,97],[-98,18],[-36,-100],[-78,-15],[-99,57],[-32,122]],[[5830,2350],[0,35]],[[5917,1604],[-27,60],[127,84]],[[7480,1606],[-3,-79],[-168,-86],[-94,11],[-89,-107],[-111,-17],[41,-223],[-197,-29],[-101,-80],[-118,-13],[23,182],[-266,22],[6,48],[129,9],[-159,86],[25,52],[134,-10],[-84,131],[-362,-20],[-23,69],[-146,52]],[[4895,1434],[212,-102],[-49,-98],[28,-169],[33,14],[303,-58]],[[5422,1021],[84,-60],[-31,-192],[93,-32],[-27,-53],[52,-104],[-107,-122],[-146,78],[-19,63],[-109,44],[-125,-64],[-131,46],[-148,5],[46,136],[-158,23],[31,104],[79,-43],[76,135],[-97,61],[105,10],[-48,100],[115,0],[-14,54],[88,42],[-56,62],[-44,-85],[-89,-13],[8,84],[-132,27],[177,107]],[[4895,1434],[12,69],[106,66],[124,-13],[-4,-71],[88,5]],[[5221,1490],[61,7],[45,102],[54,-57],[101,17],[37,58]],[[5519,1617],[81,-72],[22,-112],[-66,-5],[-28,-201]],[[5528,1227],[-33,-33],[120,-52],[-128,-31],[-65,-90]],[[4592,2365],[302,34],[54,-25],[16,-128],[184,13],[123,173],[122,37],[54,-79],[123,51],[97,-9],[-1,-60],[164,13]],[[5830,2350],[-61,14],[-74,-87],[-99,-243],[-15,-178],[-114,-115],[52,-124]],[[5221,1490],[-126,237],[-135,54],[22,120],[-103,45],[-98,128],[-94,20],[-16,73],[-107,75]],[[4564,2242],[28,123]],[[5917,1604],[-92,-13],[54,-75],[192,-79],[-76,-66],[-111,-17],[186,-83],[-57,-135],[-151,1],[0,58],[-126,67],[-57,-46],[-151,11]],[[6198,3140],[36,123],[111,46],[440,14],[34,127],[148,72],[-2,94],[79,-76]],[[7044,3540],[11,-59],[118,-21],[-3,-58],[176,-4],[65,-68],[117,127]],[[7528,3457],[57,-6],[-94,-142],[149,-117],[119,-19],[110,-119]],[[7869,3054],[53,-61],[-184,-10]],[[7738,2983],[-13,68],[-191,66],[-190,-58],[10,-111],[-65,-67],[-66,24]],[[7223,2905],[-93,102],[55,52],[-199,50],[-99,-90],[-81,5],[-62,-62],[-102,10],[-96,-79],[-156,10]],[[6390,2903],[-45,152],[-136,16],[-11,69]],[[5830,2385],[-38,140]],[[5792,2525],[136,29],[67,178],[2,164],[185,-40],[31,-126],[50,-4],[37,142],[90,35]],[[7223,2905],[-330,-119],[-197,24],[-175,-86],[-50,-113],[37,-69],[-172,24],[-72,-56]],[[7738,2983],[-122,-235],[135,-102],[2,-44]],[[7781,3694],[52,-120],[109,-22]],[[7942,3552],[28,-225],[-27,-91],[22,-121],[-96,-61]],[[7528,3457],[-90,61],[86,53],[76,-42],[130,81],[51,84]],[[6198,3140],[-52,49],[56,164],[-67,64]],[[6135,3417],[-186,102],[-120,-19],[-6,217]],[[5823,3717],[298,97],[-2,-79],[111,-68],[153,70],[121,15],[83,-131],[-15,-133],[147,36],[-4,138],[-68,104],[57,190]],[[6704,3956],[7,-90]],[[6711,3866],[15,-118],[146,-44]],[[6872,3704],[101,-6],[87,146],[138,-73],[41,-147],[-195,-84]],[[6711,3866],[197,-30],[-36,-132]],[[6402,4365],[56,185],[42,41]],[[6500,4591],[7,-233],[111,73],[86,-115],[229,-25],[8,-80],[78,-15],[20,-131],[274,-63],[69,-58]],[[7382,3944],[16,-53],[111,4],[28,-76],[-46,-118],[290,-7]],[[6704,3956],[-102,84],[-48,195],[-152,130]],[[5854,4374],[160,1],[94,-41],[77,24],[134,-65],[83,72]],[[5823,3717],[-16,74],[-157,17],[-84,187],[27,54]],[[5593,4049],[63,50],[-17,169],[126,28],[89,78]],[[6135,3417],[-116,-31],[-144,36]],[[5875,3422],[-224,22],[-38,-70],[-84,26],[92,106],[-155,5]],[[5466,3511],[-77,37],[82,42],[-57,110],[-168,-48],[12,-79],[-113,-13],[-210,41],[-82,48],[8,257],[-97,-41],[-86,42],[-238,-97],[-93,27]],[[4347,3837],[124,160]],[[4471,3997],[72,35],[37,125],[57,26],[168,-99],[-37,144],[75,114],[185,-83],[39,-82],[105,36],[251,-87],[-37,140],[106,-70]],[[5492,4196],[14,-103],[87,-44]],[[4037,3813],[106,-14],[90,81],[114,-43]],[[5466,3511],[-246,-51],[-210,-115],[-103,7],[-26,-70],[104,-281]],[[4985,3001],[-226,-124],[-198,14]],[[4561,2891],[-291,164],[-54,160],[-96,50],[-161,28],[26,56],[-106,2],[63,93],[-15,177],[97,86],[13,106]],[[5875,3422],[-69,-159],[-136,-109],[-43,-103],[-197,16],[-87,55],[-44,-105],[-77,39],[-139,-73]],[[5083,2983],[-98,18]],[[5792,2525],[-72,0],[11,96],[-210,122],[-26,80],[-143,-26],[-24,58],[-168,125],[-77,3]],[[4592,2365],[29,70],[-102,93],[-166,52],[11,109],[81,137],[116,65]],[[4564,2242],[-175,13],[-225,70],[41,112],[-139,45],[5,45],[-149,36],[-81,103],[-117,38],[-63,184],[-174,26],[-51,104],[-36,309],[-98,114],[48,149],[-81,70],[0,117],[-62,122],[91,10],[61,124]],[[3359,4033],[117,-19],[207,15],[30,-64],[147,-131],[177,-21]],[[3359,4033],[-36,101]],[[3323,4134],[-22,101],[32,150],[-39,86],[12,136],[62,15],[24,151],[91,12],[64,-57],[23,67],[170,-112],[-25,-69],[69,-69],[159,-25]],[[3943,4520],[-16,-42],[143,-46]],[[4070,4432],[-106,-44],[85,-92],[45,77],[119,-89],[137,-11]],[[4350,4273],[45,-93],[-159,-41],[-2,-88],[187,-14],[50,-40]],[[4132,4682],[88,-45],[-28,-146],[-122,-59]],[[3943,4520],[16,154],[173,8]],[[4132,4682],[23,76],[-89,3],[3,173],[42,88]],[[4111,5022],[105,122],[149,80],[179,30],[138,-29],[33,-48],[-83,-117]],[[4632,5060],[-93,-141],[-102,-29],[-44,-104],[64,-9],[98,-101]],[[4555,4676],[2,-220],[-108,-94],[14,-71],[-113,-18]],[[4555,4676],[95,-44],[82,25],[89,109],[25,-96],[-66,-105],[123,-22],[106,83],[143,-22],[26,65],[117,-88],[-41,-121],[-58,-44],[125,-108],[165,-37],[6,-75]],[[4632,5060],[168,-8],[66,-41],[154,13],[83,191],[82,114]],[[5185,5329],[143,-33],[82,105],[134,-76],[155,-48]],[[5699,5277],[-46,-81],[-96,20],[-83,-87],[75,-62]],[[5549,5067],[-59,-93],[148,-230],[160,-41],[96,-266],[-40,-63]],[[4755,5828],[-73,-153],[12,-52],[197,-58],[-29,-81],[134,-110],[141,58],[48,-103]],[[4111,5022],[-153,-3],[-178,-109],[-49,-131],[-171,209],[12,134]],[[3572,5122],[78,204],[52,52],[262,35],[57,59],[-32,76],[104,23],[92,128],[53,-3]],[[4238,5696],[97,-33],[111,140],[93,-65],[131,134],[85,-44]],[[3323,4134],[-226,4],[-16,146],[-159,17],[0,123],[50,54],[-112,43],[25,82],[102,59],[-48,98],[32,125],[-147,-47],[-16,-63],[-98,28],[15,176],[-138,-61]],[[2587,4918],[-70,65],[132,86],[138,-45],[159,45],[-53,108],[17,70],[118,16],[-20,90],[301,-30],[69,-122],[157,6],[37,-85]],[[1394,5530],[135,-78],[233,78],[34,-60],[125,7],[126,-124],[6,-77],[106,-97],[224,35],[28,37]],[[2411,5251],[115,-85],[-130,-88],[57,-227]],[[2453,4851],[-38,-52],[-89,28],[-50,74],[-232,-129],[-146,36],[-72,146],[-158,-48],[-122,30],[-8,111],[-74,138],[-249,113],[-128,-14],[-109,-119],[-140,-22],[-64,44],[-194,5],[-27,-125],[-144,-15],[13,78],[-90,150],[-118,46],[37,128],[110,-15],[102,226]],[[463,5665],[102,16],[24,-106],[74,86],[124,-22],[88,-74],[401,-78],[118,43]],[[1685,5856],[96,56],[5,-119],[144,-61],[12,-57],[85,57],[131,-51],[-16,-136],[138,16],[95,-51],[27,57],[169,-41]],[[2571,5526],[64,-89],[-76,-57],[-114,-13],[-34,-116]],[[1394,5530],[184,158],[-49,77],[156,91]],[[463,5665],[-121,63],[26,297],[38,89]],[[406,6114],[437,24],[109,-46],[46,73],[90,-38],[208,35],[42,134],[60,-32]],[[1398,6264],[55,-51],[206,-50],[98,-81],[-102,-163],[30,-63]],[[406,6114],[46,213],[-241,-56],[-188,31],[-23,137],[90,112],[141,21],[76,70],[-73,127],[-101,27],[68,128],[204,-124],[180,-8],[8,79],[144,133],[87,-25],[165,46],[79,57],[154,-97],[102,30],[10,-89],[98,33],[88,-139]],[[1520,6820],[-82,-118],[-11,-126],[-143,-7],[12,-88],[176,-48],[-74,-169]],[[2632,5795],[-1,-119],[-61,-57]],[[2570,5619],[1,-93]],[[1520,6820],[84,-37],[64,-101],[154,78],[88,-6],[40,101],[81,-46],[-69,-146],[82,-68],[-54,-61],[111,-1],[54,-88],[44,131],[87,58],[60,-26],[-11,-103],[106,-133],[-104,-64],[-31,-154],[-96,-35],[46,-118],[154,-71],[-32,-74],[38,-110],[216,49]],[[2632,5795],[45,81],[-77,45],[88,89],[33,118],[102,-15],[-51,68],[162,140],[85,126],[107,34],[3,67],[200,-103],[161,-23],[20,-67],[163,9],[38,81],[133,0],[67,-63]],[[3911,6382],[-50,-121],[37,-54],[-57,-62],[46,-121],[-194,-76],[-77,-66],[-20,-134],[-64,-163]],[[3532,5585],[-339,186],[-127,-36],[-102,-110],[-98,-48],[-62,63],[-234,-21]],[[2587,4918],[-16,-60],[-118,-7]],[[3532,5585],[-26,-50],[78,-86],[122,42],[11,87],[71,25],[-33,92],[119,128],[196,17],[105,-43],[63,-101]],[[4720,6330],[-38,-143],[63,-274]],[[4745,5913],[10,-85]],[[3911,6382],[61,172],[211,53],[79,-55],[77,25],[140,-191],[108,10],[133,-66]],[[4720,6330],[109,-3],[167,72],[55,-22],[106,101],[11,75],[124,-29],[305,144]],[[5597,6668],[20,-116],[-121,-379],[93,-58],[-8,-83],[131,-120]],[[5712,5912],[-294,-12],[-70,-65],[-28,56],[-263,-27],[-229,64],[-83,-15]],[[6556,5591],[-142,-44],[-152,-105],[-19,-59]],[[6243,5383],[-269,36],[-87,-71],[-188,-71]],[[5712,5912],[77,-60],[8,-96],[90,25],[-4,102],[143,-15],[12,-80],[91,-79],[114,59],[182,-4],[41,-82]],[[6466,5682],[90,-91]],[[6243,5383],[-13,-135],[165,-4],[-1,-34]],[[6394,5210],[-204,-94],[-183,-24],[-129,-99],[-28,75],[-301,-1]],[[7305,5539],[-71,-227],[-268,-74],[-46,-160],[21,-65],[127,-74]],[[7068,4939],[-199,51],[-185,-14],[16,-161],[-81,-61],[-45,62],[-143,47]],[[6431,4863],[-71,134],[42,48],[-8,165]],[[6556,5591],[114,-79],[145,47],[127,-2],[52,62],[110,-46],[126,15],[75,-49]],[[6431,4863],[69,-272]],[[7489,4778],[-127,-249],[-119,62],[-90,119],[-69,-11],[53,-242],[94,-18],[77,-102],[130,-41],[70,-112],[-32,-42]],[[7476,4142],[-98,-94],[4,-104]],[[7068,4939],[93,-60],[208,82],[46,-22],[74,-161]],[[7489,4778],[166,-40]],[[7655,4738],[-105,-123],[65,-90],[95,16],[36,-80],[90,3],[94,-65],[40,-111],[81,-82]],[[8051,4206],[-63,-157],[44,-33]],[[8032,4016],[-197,-37],[12,46],[-200,21],[-171,96]],[[8237,4116],[-10,-142]],[[8227,3974],[-195,42]],[[8051,4206],[102,-1],[84,-89]],[[8227,3974],[74,-44],[-143,-75],[77,-76],[25,-101]],[[8260,3678],[-35,-76],[-165,-1],[-118,-49]],[[8237,4116],[52,29],[-105,55],[133,103],[1,64],[228,-5]],[[8546,4362],[74,-116],[170,-129],[-68,-136],[24,-122],[79,-40],[-123,-56],[17,-69],[-140,-76],[-45,70],[-171,58],[-103,-68]],[[8497,4619],[29,-112],[-37,-100],[57,-45]],[[7655,4738],[193,33]],[[7848,4771],[102,-52],[372,-51],[57,-56],[118,7]],[[7848,4771],[37,212]],[[7885,4983],[134,-1],[99,134],[15,124],[79,28],[61,192],[48,2]],[[8321,5462],[172,159]],[[8493,5621],[-8,-125],[65,-43],[-46,-63],[64,-98],[-92,-41],[17,-98],[70,0],[20,-86],[-79,-136],[34,-108],[-48,-29],[7,-175]],[[7305,5539],[160,47],[139,-21]],[[7604,5565],[-5,-91],[212,-95],[37,-95],[-74,-76],[-223,-16],[47,-113],[70,-21],[60,75],[71,-2],[86,-148]],[[7921,5290],[-8,58],[101,40],[-14,-186],[-95,27],[16,61]],[[6466,5682],[102,78],[74,154],[-44,72]],[[6598,5986],[101,48],[119,-2],[245,131]],[[7063,6163],[-40,-91],[24,-104],[98,-9],[210,68],[-6,69],[140,130],[-17,83],[171,100]],[[7643,6409],[21,-112],[110,-20],[0,-105],[61,-9],[13,-128]],[[7848,6035],[-29,-57],[-119,-48],[65,-95],[-108,-129],[7,-92]],[[7664,5614],[-60,-49]],[[8321,5462],[-191,19],[-115,62],[-50,-28],[-146,69],[-48,-39],[-107,69]],[[7848,6035],[176,-34],[141,16],[98,140]],[[8263,6157],[141,48],[100,-22]],[[8504,6183],[-112,-245],[73,-146],[-78,-60],[106,-111]],[[7979,6426],[155,-206],[129,-63]],[[7643,6409],[131,83],[36,-90],[169,24]],[[7979,6426],[28,77],[-114,88],[125,18],[90,175],[-141,123]],[[7967,6907],[-22,68],[94,69],[120,-30],[232,8],[78,117]],[[8469,7139],[49,-82],[122,27],[53,-91],[108,-12]],[[8801,6981],[-100,-117],[8,-90],[-98,-244],[-109,-55],[-17,-84],[85,-94],[-66,-114]],[[7063,6163],[69,-3],[-41,268],[83,187],[-78,21],[17,204],[114,-26]],[[7227,6814],[79,-47],[255,102],[74,-74],[71,3],[68,127],[102,19],[91,-37]],[[6598,5986],[-34,90],[-69,24],[25,213],[82,48],[-58,70]],[[6544,6431],[122,205],[-3,95]],[[6663,6731],[136,59],[-12,108],[81,20],[159,116],[74,-121],[25,41],[175,-35]],[[7301,6919],[-74,-105]],[[6544,6431],[-64,29],[-143,-59],[-119,30],[-103,172],[-68,8]],[[6047,6611],[24,80],[81,-1],[-65,108],[188,-44],[46,151],[-17,100],[56,49]],[[6360,7054],[75,-25],[-40,-134],[166,-46],[102,-118]],[[5597,6668],[78,51]],[[5675,6719],[66,-77],[182,-53],[124,22]],[[6373,7459],[-126,-169],[57,-63],[105,5],[-49,-178]],[[5675,6719],[-32,77],[-131,11],[-17,176],[79,-7],[-46,183],[32,93],[180,215],[-211,96],[47,69],[152,-122],[249,-27],[66,56],[131,0],[39,93],[-68,76],[126,47],[20,-155],[66,-30],[16,-111]],[[6373,7459],[126,-11],[33,-62],[172,68]],[[6704,7454],[70,-72],[133,59]],[[6907,7441],[343,-61],[-125,-78],[33,-83]],[[7158,7219],[48,-113],[159,-85],[-17,-117],[-47,15]],[[7644,7310],[102,-93],[77,-3],[-23,-158],[167,-149]],[[7158,7219],[216,49],[52,89],[83,-69],[135,22]],[[6925,7610],[13,18]],[[6938,7628],[211,115]],[[7149,7743],[180,15],[150,58],[76,113],[109,-13],[-4,-49],[123,-120],[48,33],[136,-21],[-53,-77],[110,-13]],[[8024,7669],[-171,-260],[-49,31],[-164,-66],[4,-64]],[[6907,7441],[18,169]],[[8302,7548],[51,-60],[-48,-95],[111,-127],[53,-127]],[[8024,7669],[70,6],[208,-127]],[[8302,7548],[43,135],[51,-38],[55,67],[-88,62],[35,90],[135,-1]],[[8533,7863],[-27,-65],[130,-133],[119,-20],[46,-80],[113,163],[76,36]],[[8990,7764],[47,-41]],[[9037,7723],[-65,-139],[48,-79],[119,112],[123,-193]],[[9262,7424],[-99,-69],[-172,-42],[-24,-142],[-87,-66],[-79,-124]],[[9037,7723],[97,-2],[91,201],[130,-14],[7,-175],[-33,-48],[136,-10]],[[9465,7675],[-74,-144],[49,-35],[-178,-72]],[[8990,7764],[62,33],[-80,160],[36,106],[154,-46],[99,31],[29,79],[98,53],[-30,130],[164,94]],[[9522,8404],[175,44],[58,97],[95,-157],[149,-79],[-76,-104],[5,-80],[-140,-89],[-167,-289],[-156,-72]],[[8533,7863],[26,174],[150,82],[-73,143]],[[8636,8262],[57,83],[-25,247],[111,120]],[[8779,8712],[8,-79],[157,14],[38,-54],[149,-39],[113,26],[107,-48],[64,-82],[143,145],[22,-79],[-116,-97],[58,-15]],[[7732,8096],[140,2],[112,184],[117,-9],[103,-74],[163,19],[28,-64],[128,39],[10,78],[103,-9]],[[7149,7743],[108,100],[146,195],[162,25]],[[7565,8063],[100,-22],[67,55]],[[7565,8063],[-110,61],[-23,300]],[[7432,8424],[90,-9],[77,68],[103,-77],[51,-149]],[[7753,8257],[-56,-111],[35,-50]],[[7753,8257],[164,116],[-85,22],[-48,97],[22,119],[75,152]],[[7881,8763],[119,61],[32,73],[171,172],[-4,30]],[[8199,9099],[187,-170],[151,-16]],[[8537,8913],[42,-103],[154,-39],[46,-59]],[[7619,9537],[67,-82],[101,-28],[-40,-138],[68,-39],[143,80],[-7,-114],[175,29],[53,-27],[20,-119]],[[7881,8763],[-111,47],[54,32],[36,149],[-115,114],[-60,9],[12,119],[-89,-72],[-54,106],[60,73],[-44,78],[49,119]],[[7619,9537],[-32,163],[-86,31],[-103,103],[2,91],[130,74],[40,-130],[95,-51],[161,82],[82,-183],[164,-116],[62,47],[-30,-114],[94,-110],[50,46],[139,-31],[240,-164],[34,-160],[-13,-108],[-111,-94]],[[6938,7628],[37,154],[-201,153],[-103,-78],[12,105],[214,33],[209,142],[116,35],[74,82],[-86,17],[-36,87],[185,138],[73,-72]],[[6704,7454],[221,156]]],"transform":{"scale":[0.0003095298836904472,0.0003270416423964139],"translate":[74.4990678835014,27.64653339320424]}}