{"type":"Topology","objects":{"Himachal_Pradesh":{"type":"GeometryCollection","bbox":[75.61503523730613,30.377955113498086,79.01612138989533,33.23588794020716],"geometries":[{"type":"Polygon","properties":{"ac":"45","ASSEMBLY_1":"KUTLEHAR","DISTRICT":"UNA","PARLIAMENT":"3","PARLIAME_1":"HAMIRPUR","STATE_UT":"HIMACHAL PRADESH"},"arcs":[[0,1,2,3,4,5,6,7,8]]},{"type":"Polygon","properties":{"ac":"44","ASSEMBLY_1":"UNA","DISTRICT":"UNA","PARLIAMENT":"3","PARLIAME_1":"HAMIRPUR","STATE_UT":"HIMACHAL PRADESH"},"arcs":[[9,-6,10]]},{"type":"Polygon","properties":{"ac":"43","ASSEMBLY_1":"HAROLI","DISTRICT":"UNA","PARLIAMENT":"3","PARLIAME_1":"HAMIRPUR","STATE_UT":"HIMACHAL PRADESH"},"arcs":[[11,12,13,-7,-10]]},{"type":"Polygon","properties":{"ac":"39","ASSEMBLY_1":"BARSAR","DISTRICT":"HAMIRPUR","PARLIAMENT":"3","PARLIAME_1":"HAMIRPUR","STATE_UT":"HIMACHAL PRADESH"},"arcs":[[14,15,16,17,-2]]},{"type":"Polygon","properties":{"ac":"42","ASSEMBLY_1":"GAGRET","DISTRICT":"UNA","PARLIAMENT":"3","PARLIAME_1":"HAMIRPUR","STATE_UT":"HIMACHAL PRADESH"},"arcs":[[18,-13,19]]},{"type":"Polygon","properties":{"ac":"41","ASSEMBLY_1":"CHINTPURNI (SC)","DISTRICT":"UNA","PARLIAMENT":"3","PARLIAME_1":"HAMIRPUR","STATE_UT":"HIMACHAL PRADESH"},"arcs":[[20,21,-8,-14,-19]]},{"type":"Polygon","properties":{"ac":"40","ASSEMBLY_1":"NADAUN","DISTRICT":"HAMIRPUR","PARLIAMENT":"3","PARLIAME_1":"HAMIRPUR","STATE_UT":"HIMACHAL PRADESH"},"arcs":[[22,-15,-1,23,24,25]]},{"type":"Polygon","properties":{"ac":"38","ASSEMBLY_1":"HAMIRPUR","DISTRICT":"HAMIRPUR","PARLIAMENT":"3","PARLIAME_1":"HAMIRPUR","STATE_UT":"HIMACHAL PRADESH"},"arcs":[[26,-16,-23,27,28]]},{"type":"Polygon","properties":{"ac":"19","ASSEMBLY_1":"PALAMPUR","DISTRICT":"KANGRA","PARLIAMENT":"1","PARLIAME_1":"KANGRA","STATE_UT":"HIMACHAL PRADESH"},"arcs":[[29,30,31,32,33,34]]},{"type":"Polygon","properties":{"ac":"18","ASSEMBLY_1":"DHARAMSHALA","DISTRICT":"KANGRA","PARLIAMENT":"1","PARLIAME_1":"KANGRA","STATE_UT":"HIMACHAL PRADESH"},"arcs":[[35,36,37,-33,38]]},{"type":"Polygon","properties":{"ac":"17","ASSEMBLY_1":"SHAHPUR","DISTRICT":"KANGRA","PARLIAMENT":"1","PARLIAME_1":"KANGRA","STATE_UT":"HIMACHAL PRADESH"},"arcs":[[39,40,41,42,-37,43]]},{"type":"Polygon","properties":{"ac":"16","ASSEMBLY_1":"KANGRA","DISTRICT":"KANGRA","PARLIAMENT":"1","PARLIAME_1":"KANGRA","STATE_UT":"HIMACHAL PRADESH"},"arcs":[[-36,44,45,-44]]},{"type":"Polygon","properties":{"ac":"15","ASSEMBLY_1":"NAGROTA","DISTRICT":"KANGRA","PARLIAMENT":"1","PARLIAME_1":"KANGRA","STATE_UT":"HIMACHAL PRADESH"},"arcs":[[46,-45,-39,-32,47,48]]},{"type":"Polygon","properties":{"ac":"14","ASSEMBLY_1":"SULLAH","DISTRICT":"KANGRA","PARLIAMENT":"1","PARLIAME_1":"KANGRA","STATE_UT":"HIMACHAL PRADESH"},"arcs":[[-48,-31,49,50]]},{"type":"Polygon","properties":{"ac":"12","ASSEMBLY_1":"JAWALAMUKHI","DISTRICT":"KANGRA","PARLIAMENT":"1","PARLIAME_1":"KANGRA","STATE_UT":"HIMACHAL PRADESH"},"arcs":[[51,-25,52,53,-49,-51,54]]},{"type":"Polygon","properties":{"ac":"11","ASSEMBLY_1":"JASWAN-PRAGPUR","DISTRICT":"KANGRA","PARLIAMENT":"3","PARLIAME_1":"HAMIRPUR","STATE_UT":"HIMACHAL PRADESH"},"arcs":[[55,56,-53,-24,-9,-22,57]]},{"type":"Polygon","properties":{"ac":"10","ASSEMBLY_1":"DEHRA","DISTRICT":"KANGRA","PARLIAMENT":"3","PARLIAME_1":"HAMIRPUR","STATE_UT":"HIMACHAL PRADESH"},"arcs":[[-40,-46,-47,-54,-57,58,59]]},{"type":"Polygon","properties":{"ac":"9","ASSEMBLY_1":"JAWALI","DISTRICT":"KANGRA","PARLIAMENT":"1","PARLIAME_1":"KANGRA","STATE_UT":"HIMACHAL PRADESH"},"arcs":[[-60,60,61,62,-41]]},{"type":"Polygon","properties":{"ac":"8","ASSEMBLY_1":"FATEHPUR","DISTRICT":"KANGRA","PARLIAMENT":"1","PARLIAME_1":"KANGRA","STATE_UT":"HIMACHAL PRADESH"},"arcs":[[-56,63,64,65,-61,-59]]},{"type":"Polygon","properties":{"ac":"7","ASSEMBLY_1":"INDORA (SC)","DISTRICT":"KANGRA","PARLIAMENT":"1","PARLIAME_1":"KANGRA","STATE_UT":"HIMACHAL PRADESH"},"arcs":[[66,67,-65]]},{"type":"Polygon","properties":{"ac":"6","ASSEMBLY_1":"NURPUR","DISTRICT":"KANGRA","PARLIAMENT":"1","PARLIAME_1":"KANGRA","STATE_UT":"HIMACHAL PRADESH"},"arcs":[[-62,-66,-68,68,69]]},{"type":"Polygon","properties":{"ac":"5","ASSEMBLY_1":"BHATTIYAT","DISTRICT":"CHAMBA","PARLIAMENT":"1","PARLIAME_1":"KANGRA","STATE_UT":"HIMACHAL PRADESH"},"arcs":[[70,71,72,73,-42,-63,-70]]},{"type":"Polygon","properties":{"ac":"4","ASSEMBLY_1":"DALHOUSIE","DISTRICT":"CHAMBA","PARLIAMENT":"1","PARLIAME_1":"KANGRA","STATE_UT":"HIMACHAL PRADESH"},"arcs":[[-72,74,75,76]]},{"type":"Polygon","properties":{"ac":"3","ASSEMBLY_1":"CHAMBA","DISTRICT":"CHAMBA","PARLIAMENT":"1","PARLIAME_1":"KANGRA","STATE_UT":"HIMACHAL PRADESH"},"arcs":[[-73,-77,77,78]]},{"type":"Polygon","properties":{"ac":"2","ASSEMBLY_1":"BHARMOUR (ST)","DISTRICT":"CHAMBA","PARLIAMENT":"2","PARLIAME_1":"MANDI","STATE_UT":"HIMACHAL PRADESH"},"arcs":[[-74,-79,79,80,81,-34,-38,-43]]},{"type":"Polygon","properties":{"ac":"1","ASSEMBLY_1":"CHURAH (SC)","DISTRICT":"CHAMBA","PARLIAMENT":"1","PARLIAME_1":"KANGRA","STATE_UT":"HIMACHAL PRADESH"},"arcs":[[-78,-76,82,83,-80]]},{"type":"Polygon","properties":{"ac":"56","ASSEMBLY_1":"NAHAN","DISTRICT":"SIRMOUR","PARLIAMENT":"4","PARLIAME_1":"SHIMLA","STATE_UT":"HIMACHAL PRADESH"},"arcs":[[84,85,86,87]]},{"type":"Polygon","properties":{"ac":"55","ASSEMBLY_1":"PACHHAD (SC)","DISTRICT":"SIRMOUR","PARLIAMENT":"4","PARLIAME_1":"SHIMLA","STATE_UT":"HIMACHAL PRADESH"},"arcs":[[88,89,90,-85,91,92,93,94]]},{"type":"Polygon","properties":{"ac":"54","ASSEMBLY_1":"KASAULI (SC)","DISTRICT":"SOLAN","PARLIAMENT":"4","PARLIAME_1":"SHIMLA","STATE_UT":"HIMACHAL PRADESH"},"arcs":[[95,96,97,98,-93]]},{"type":"Polygon","properties":{"ac":"59","ASSEMBLY_1":"SHILLAI","DISTRICT":"SIRMOUR","PARLIAMENT":"4","PARLIAME_1":"SHIMLA","STATE_UT":"HIMACHAL PRADESH"},"arcs":[[99,100,101,102]]},{"type":"Polygon","properties":{"ac":"58","ASSEMBLY_1":"PAONTA SAHIB","DISTRICT":"SIRMOUR","PARLIAMENT":"4","PARLIAME_1":"SHIMLA","STATE_UT":"HIMACHAL PRADESH"},"arcs":[[-87,103,-102,104]]},{"type":"Polygon","properties":{"ac":"57","ASSEMBLY_1":"SRI RENUKAJI (SC)","DISTRICT":"SIRMOUR","PARLIAMENT":"4","PARLIAME_1":"SHIMLA","STATE_UT":"HIMACHAL PRADESH"},"arcs":[[-103,-104,-86,-91,105]]},{"type":"Polygon","properties":{"ac":"64","ASSEMBLY_1":"SHIMLA RURAL","DISTRICT":"SHIMLA","PARLIAMENT":"4","PARLIAME_1":"SHIMLA","STATE_UT":"HIMACHAL PRADESH"},"arcs":[[106,107,108,109,110,111,112,113]]},{"type":"Polygon","properties":{"ac":"63","ASSEMBLY_1":"SHIMLA","DISTRICT":"SHIMLA","PARLIAMENT":"4","PARLIAME_1":"SHIMLA","STATE_UT":"HIMACHAL PRADESH"},"arcs":[[-107,114]]},{"type":"Polygon","properties":{"ac":"62","ASSEMBLY_1":"KASUMPTI","DISTRICT":"SHIMLA","PARLIAMENT":"4","PARLIAME_1":"SHIMLA","STATE_UT":"HIMACHAL PRADESH"},"arcs":[[-108,-115,-114,115,-95,116]]},{"type":"Polygon","properties":{"ac":"53","ASSEMBLY_1":"SOLAN (SC)","DISTRICT":"SOLAN","PARLIAMENT":"4","PARLIAME_1":"SHIMLA","STATE_UT":"HIMACHAL PRADESH"},"arcs":[[-117,-94,-99,117,-109]]},{"type":"Polygon","properties":{"ac":"52","ASSEMBLY_1":"DOON","DISTRICT":"SOLAN","PARLIAMENT":"4","PARLIAME_1":"SHIMLA","STATE_UT":"HIMACHAL PRADESH"},"arcs":[[118,-97,119,120]]},{"type":"Polygon","properties":{"ac":"51","ASSEMBLY_1":"NALAGARH","DISTRICT":"SOLAN","PARLIAMENT":"4","PARLIAME_1":"SHIMLA","STATE_UT":"HIMACHAL PRADESH"},"arcs":[[121,122,-121,123]]},{"type":"Polygon","properties":{"ac":"50","ASSEMBLY_1":"ARKI","DISTRICT":"SOLAN","PARLIAMENT":"4","PARLIAME_1":"SHIMLA","STATE_UT":"HIMACHAL PRADESH"},"arcs":[[-118,-98,-119,-123,124,125,126,-110]]},{"type":"Polygon","properties":{"ac":"49","ASSEMBLY_1":"SRI NAINA DEVIJI","DISTRICT":"BILASPUR","PARLIAMENT":"3","PARLIAME_1":"HAMIRPUR","STATE_UT":"HIMACHAL PRADESH"},"arcs":[[-125,-122,127,-4,128,129]]},{"type":"Polygon","properties":{"ac":"48","ASSEMBLY_1":"BILASPUR","DISTRICT":"BILASPUR","PARLIAMENT":"3","PARLIAME_1":"HAMIRPUR","STATE_UT":"HIMACHAL PRADESH"},"arcs":[[130,131,132,133,-126,-130]]},{"type":"Polygon","properties":{"ac":"47","ASSEMBLY_1":"GHUMARWIN","DISTRICT":"BILASPUR","PARLIAMENT":"3","PARLIAME_1":"HAMIRPUR","STATE_UT":"HIMACHAL PRADESH"},"arcs":[[134,-132,135,-17,-27,136]]},{"type":"Polygon","properties":{"ac":"46","ASSEMBLY_1":"JHANDUTA (SC)","DISTRICT":"BILASPUR","PARLIAMENT":"3","PARLIAME_1":"HAMIRPUR","STATE_UT":"HIMACHAL PRADESH"},"arcs":[[-131,-129,-3,-18,-136]]},{"type":"Polygon","properties":{"ac":"28","ASSEMBLY_1":"NACHAN (SC)","DISTRICT":"MANDI","PARLIAMENT":"2","PARLIAME_1":"MANDI","STATE_UT":"HIMACHAL PRADESH"},"arcs":[[137,138,139,140,141]]},{"type":"Polygon","properties":{"ac":"27","ASSEMBLY_1":"SUNDERNAGAR","DISTRICT":"MANDI","PARLIAMENT":"2","PARLIAME_1":"MANDI","STATE_UT":"HIMACHAL PRADESH"},"arcs":[[142,143,-141,144,-111,-127,-134]]},{"type":"Polygon","properties":{"ac":"26","ASSEMBLY_1":"KARSOG (SC)","DISTRICT":"MANDI","PARLIAMENT":"2","PARLIAME_1":"MANDI","STATE_UT":"HIMACHAL PRADESH"},"arcs":[[145,-112,-145,-140,146,147]]},{"type":"Polygon","properties":{"ac":"67","ASSEMBLY_1":"ROHRU (SC)","DISTRICT":"SHIMLA","PARLIAMENT":"4","PARLIAME_1":"SHIMLA","STATE_UT":"HIMACHAL PRADESH"},"arcs":[[148,149,150,151]]},{"type":"Polygon","properties":{"ac":"66","ASSEMBLY_1":"RAMPUR (SC)","DISTRICT":"SHIMLA","PARLIAMENT":"2","PARLIAME_1":"MANDI","STATE_UT":"HIMACHAL PRADESH"},"arcs":[[152,153,154,155,-149,156]]},{"type":"Polygon","properties":{"ac":"65","ASSEMBLY_1":"JUBBAL-KOTKHAI","DISTRICT":"SHIMLA","PARLIAMENT":"4","PARLIAME_1":"SHIMLA","STATE_UT":"HIMACHAL PRADESH"},"arcs":[[157,158,-157,-152,159]]},{"type":"Polygon","properties":{"ac":"61","ASSEMBLY_1":"THEOG","DISTRICT":"SHIMLA","PARLIAMENT":"4","PARLIAME_1":"SHIMLA","STATE_UT":"HIMACHAL PRADESH"},"arcs":[[-89,-116,-113,-146,160,-153,-159,161]]},{"type":"Polygon","properties":{"ac":"60","ASSEMBLY_1":"CHOPAL","DISTRICT":"SHIMLA","PARLIAMENT":"4","PARLIAME_1":"SHIMLA","STATE_UT":"HIMACHAL PRADESH"},"arcs":[[-158,162,-100,-106,-90,-162]]},{"type":"Polygon","properties":{"ac":"25","ASSEMBLY_1":"ANNI (SC)","DISTRICT":"KULLU","PARLIAMENT":"2","PARLIAME_1":"MANDI","STATE_UT":"HIMACHAL PRADESH"},"arcs":[[-148,163,164,-154,-161]]},{"type":"Polygon","properties":{"ac":"37","ASSEMBLY_1":"SUJANPUR","DISTRICT":"HAMIRPUR","PARLIAMENT":"3","PARLIAME_1":"HAMIRPUR","STATE_UT":"HIMACHAL PRADESH"},"arcs":[[165,-28,-26,-52,166,167]]},{"type":"Polygon","properties":{"ac":"36","ASSEMBLY_1":"BHORANJ (SC)","DISTRICT":"HAMIRPUR","PARLIAMENT":"3","PARLIAME_1":"HAMIRPUR","STATE_UT":"HIMACHAL PRADESH"},"arcs":[[-137,-29,-166,168,169]]},{"type":"Polygon","properties":{"ac":"35","ASSEMBLY_1":"SARKAGHAT","DISTRICT":"MANDI","PARLIAMENT":"2","PARLIAME_1":"MANDI","STATE_UT":"HIMACHAL PRADESH"},"arcs":[[170,171,172,-143,-133,-135,-170]]},{"type":"Polygon","properties":{"ac":"34","ASSEMBLY_1":"BALH (SC)","DISTRICT":"MANDI","PARLIAMENT":"2","PARLIAME_1":"MANDI","STATE_UT":"HIMACHAL PRADESH"},"arcs":[[-142,-144,-173,173]]},{"type":"Polygon","properties":{"ac":"33","ASSEMBLY_1":"MANDI","DISTRICT":"MANDI","PARLIAMENT":"2","PARLIAME_1":"MANDI","STATE_UT":"HIMACHAL PRADESH"},"arcs":[[-172,174,175,176,177,-138,-174]]},{"type":"Polygon","properties":{"ac":"32","ASSEMBLY_1":"DHARAMPUR","DISTRICT":"MANDI","PARLIAMENT":"3","PARLIAME_1":"HAMIRPUR","STATE_UT":"HIMACHAL PRADESH"},"arcs":[[178,179,-175,-171,-169,-168]]},{"type":"Polygon","properties":{"ac":"31","ASSEMBLY_1":"JOGINDERNAGAR","DISTRICT":"MANDI","PARLIAMENT":"2","PARLIAME_1":"MANDI","STATE_UT":"HIMACHAL PRADESH"},"arcs":[[180,181,-176,-180,182]]},{"type":"Polygon","properties":{"ac":"30","ASSEMBLY_1":"DARANG","DISTRICT":"MANDI","PARLIAMENT":"2","PARLIAME_1":"MANDI","STATE_UT":"HIMACHAL PRADESH"},"arcs":[[183,184,185,-177,-182,186]]},{"type":"Polygon","properties":{"ac":"29","ASSEMBLY_1":"SERAJ","DISTRICT":"MANDI","PARLIAMENT":"2","PARLIAME_1":"MANDI","STATE_UT":"HIMACHAL PRADESH"},"arcs":[[-186,187,-164,-147,-139,-178]]},{"type":"Polygon","properties":{"ac":"22","ASSEMBLY_1":"MANALI","DISTRICT":"KULLU","PARLIAMENT":"2","PARLIAME_1":"MANDI","STATE_UT":"HIMACHAL PRADESH"},"arcs":[[188,189,190]]},{"type":"Polygon","properties":{"ac":"20","ASSEMBLY_1":"BAIJNATH (SC)","DISTRICT":"KANGRA","PARLIAMENT":"1","PARLIAME_1":"KANGRA","STATE_UT":"HIMACHAL PRADESH"},"arcs":[[-35,-82,191,-190,192,-187,-181,193]]},{"type":"Polygon","properties":{"ac":"13","ASSEMBLY_1":"JAISINGHPUR (SC)","DISTRICT":"KANGRA","PARLIAMENT":"1","PARLIAME_1":"KANGRA","STATE_UT":"HIMACHAL PRADESH"},"arcs":[[-194,-183,-179,-167,-55,-50,-30]]},{"type":"Polygon","properties":{"ac":"24","ASSEMBLY_1":"BANJAR","DISTRICT":"KULLU","PARLIAMENT":"2","PARLIAME_1":"MANDI","STATE_UT":"HIMACHAL PRADESH"},"arcs":[[194,-155,-165,-188,-185,195,196]]},{"type":"Polygon","properties":{"ac":"23","ASSEMBLY_1":"KULLU","DISTRICT":"KULLU","PARLIAMENT":"2","PARLIAME_1":"MANDI","STATE_UT":"HIMACHAL PRADESH"},"arcs":[[-193,-189,197,-196,-184]]},{"type":"Polygon","properties":{"ac":"68","ASSEMBLY_1":"KINNAUR (ST","DISTRICT":"KINNAUR","PARLIAMENT":"2","PARLIAME_1":"MANDI","STATE_UT":"HIMACHAL PRADESH"},"arcs":[[-195,198,199,200,201,202,203,204,-150,-156]]},{"type":"Polygon","properties":{"ac":"21","ASSEMBLY_1":"LAHAUL & SPITI(ST)","DISTRICT":"LAHUL AND SPITI","PARLIAMENT":"2","PARLIAME_1":"MANDI","STATE_UT":"HIMACHAL PRADESH"},"arcs":[[-192,-81,-84,205,206,-203,207,-201,208,-199,-197,-198,-191]]}]}},"arcs":[[[2077,4630],[158,-277],[82,-92]],[[2317,4261],[185,-442]],[[2502,3819],[56,-143],[-19,-71]],[[2539,3605],[-107,-46],[-107,53],[-8,-67]],[[2317,3545],[-54,107]],[[2263,3652],[-47,62],[-143,-17],[-45,125],[-182,-28]],[[1846,3794],[-81,94],[-43,151]],[[1722,4039],[187,138],[65,-69],[111,29],[-82,124],[3,247]],[[2006,4508],[71,122]],[[2077,3310],[-60,143],[-85,59],[-7,122],[-79,160]],[[2263,3652],[-12,-90],[-126,-48],[40,-198],[-88,-6]],[[2077,3310],[7,-61],[-136,-41],[-242,-31],[-19,121],[-78,39],[-16,102],[66,77],[-84,135],[-59,178],[-121,226]],[[1395,4055],[122,-2],[119,58]],[[1636,4111],[86,-72]],[[2317,4261],[76,9],[60,-139],[54,-5],[121,128]],[[2628,4254],[92,36],[24,111],[213,-362]],[[2957,4039],[-12,-270],[49,-85],[-28,-76]],[[2966,3608],[-178,51],[-286,160]],[[1070,5016],[101,12],[18,-62],[133,-105],[47,29],[82,-193],[-20,-83],[40,-121],[-71,-12],[51,-157],[112,-87],[73,-126]],[[1395,4055],[-185,296],[-167,461],[-67,123],[94,81]],[[1070,5016],[-27,60]],[[1043,5076],[120,-17],[139,39],[195,-188],[132,-29],[66,-90],[62,12],[58,-105],[191,-190]],[[2577,4742],[-40,-6],[31,-159],[-84,-55],[46,-221],[98,-47]],[[2077,4630],[-36,229]],[[2041,4859],[39,-33],[112,55],[50,-53],[86,69],[182,30]],[[2510,4927],[-4,-124],[71,-61]],[[2981,4132],[-24,-93]],[[2577,4742],[39,-153],[182,-3],[59,-69],[108,43]],[[2965,4560],[-62,-83],[24,-174],[-25,-118],[79,-53]],[[2899,5850],[-93,0],[-27,-144]],[[2779,5706],[-96,-28],[3,196],[-86,41],[-55,-43],[-57,101]],[[2488,5973],[-98,101]],[[2390,6074],[94,56],[18,126],[49,41],[4,130]],[[2555,6427],[96,-40],[247,-31],[173,-113]],[[3071,6243],[-56,-51],[-18,-224],[-75,-22],[-23,-96]],[[2172,6044],[-96,34]],[[2076,6078],[-32,45],[107,133],[-86,112],[19,89],[147,218]],[[2231,6675],[48,-73],[276,-175]],[[2390,6074],[-107,1],[-1,80],[-110,-111]],[[1710,5759],[-34,79],[-156,34]],[[1520,5872],[-30,-14],[-44,166],[-123,136],[151,-81],[96,72],[29,103],[-43,77]],[[1556,6331],[123,33],[40,137],[-56,42],[-18,257],[152,146]],[[1797,6946],[116,-1],[111,-189],[207,-81]],[[2076,6078],[-112,53],[-63,-95],[-131,37],[-36,-105],[54,-118],[-94,44],[63,-115],[-47,-20]],[[2172,6044],[-61,-268],[-56,27],[-27,-94],[-96,-86],[-40,-161]],[[1892,5462],[-80,144],[-28,-24],[-74,177]],[[1955,5332],[-63,130]],[[2488,5973],[-63,-120],[-47,9],[-50,-141],[-82,-58],[28,-63],[116,-27],[-15,-96]],[[2375,5477],[-303,-61],[-117,-84]],[[2779,5706],[-1,-85],[-82,-65],[-101,-394],[-91,34]],[[2504,5196],[-101,136],[-28,145]],[[2527,5003],[-17,-76]],[[2041,4859],[-16,99],[-117,60]],[[1908,5018],[1,79],[78,-4],[24,110],[-56,129]],[[2504,5196],[-20,-122],[43,-71]],[[902,5387],[120,52]],[[1022,5439],[144,-49],[-8,-45],[141,-28],[163,22],[218,-113],[-164,5],[-50,-80],[105,-9],[-89,-94],[50,-98],[159,108],[217,-40]],[[1043,5076],[-141,311]],[[1022,5439],[63,38],[-35,69],[74,169],[-54,67],[15,166]],[[1085,5948],[71,-135],[92,19],[-34,99],[31,85],[105,-229],[104,-30],[-43,-78],[91,15],[62,97],[-44,81]],[[1085,5948],[-8,125],[-57,30],[-55,147],[50,37],[-34,92]],[[981,6379],[70,-1],[53,98],[140,-57],[20,68]],[[1264,6487],[163,5],[116,-72],[13,-89]],[[902,5387],[-169,105],[-179,60],[-113,118]],[[441,5670],[139,5],[54,-45],[106,21],[-55,178],[-55,82],[-104,40],[137,43],[119,-104],[46,139],[-104,123]],[[724,6152],[101,44],[53,150],[103,33]],[[441,5670],[-67,-7],[-58,83],[-113,46],[-150,-41],[-53,47],[238,204],[-6,115],[-110,33],[-7,189],[151,112],[175,37]],[[441,6488],[31,-187],[132,25],[93,85],[65,-103],[-108,-54],[70,-102]],[[441,6488],[302,389],[194,109]],[[937,6986],[141,-61],[139,-190],[0,-172],[47,-76]],[[937,6986],[67,57],[-237,263],[0,135],[46,137],[147,240]],[[960,7818],[48,-66],[22,-161],[-54,-33],[85,-140],[167,44]],[[1228,7462],[101,-124],[136,-38],[75,-145]],[[1540,7155],[45,-100],[70,-3],[142,-106]],[[960,7818],[-81,166],[43,233],[-115,197],[-156,102],[-99,175],[59,130],[174,3],[195,-158]],[[980,8666],[196,-226],[178,-48],[78,19],[34,-119],[82,-12],[-151,-132],[-190,-259],[-21,-109]],[[1186,7780],[43,-131],[-1,-187]],[[1186,7780],[148,-21],[42,51],[68,-72],[41,165],[113,-53],[100,176],[216,-43],[134,-142],[180,-27],[37,-79]],[[2265,7735],[-109,-73],[-38,-113],[-55,18],[-174,-132],[42,-204],[-201,11],[-79,160],[-111,-247]],[[2265,7735],[56,-63],[113,80],[-41,85],[37,62]],[[2430,7899],[64,-23],[153,51],[226,-82],[46,-125],[67,-12],[-2,-101],[56,23],[178,-35],[16,-111],[72,82],[293,-117],[129,-20],[-83,-156],[35,-54]],[[3680,7219],[-224,-200],[8,-115],[-96,-61],[102,-151],[-37,-32],[-5,-266],[-108,-137],[-111,29],[-48,-60],[-90,17]],[[980,8666],[245,120],[188,181],[33,128],[171,64],[249,37],[109,253],[245,189],[94,104],[228,-20],[229,107],[114,-17],[41,-107],[79,-39],[205,70],[97,-7]],[[3307,9729],[-27,-360],[58,-173],[55,-37],[15,-187],[-49,-112],[-129,-25],[-4,-115],[-94,-127],[-131,-45],[-81,42],[-191,-149],[-214,-30],[-55,164],[-132,-40],[-96,-78],[-4,-79],[85,-207],[66,-87],[51,-185]],[[4574,1049],[82,21],[131,-133],[97,12]],[[4884,949],[222,-72],[61,-80],[63,-309],[136,-8],[163,36]],[[5529,516],[9,-66],[178,-61],[-120,-168]],[[5596,221],[-52,-112],[-86,-42],[-127,9],[106,113],[-20,88],[-145,-158],[-42,87],[-100,54],[-102,-30],[-136,45],[-34,61],[-152,0],[-40,145],[-139,43],[-77,100],[135,114],[15,137],[-26,174]],[[5072,2161],[107,76],[59,-35]],[[5238,2202],[136,-125],[4,-107],[-90,-67],[116,-222]],[[5404,1681],[-50,-109],[-97,6],[-117,-99],[-22,-94],[-105,-128],[62,-83],[-191,-225]],[[4574,1049],[-148,145],[-202,84],[-83,-10]],[[4141,1268],[192,165],[11,117],[109,91]],[[4453,1641],[121,-31],[140,111],[8,97],[85,53]],[[4807,1871],[158,133],[107,157]],[[4141,1268],[-76,161],[-151,134],[-74,208]],[[3840,1771],[78,159],[152,94],[-167,307]],[[3903,2331],[99,23]],[[4002,2354],[90,8],[11,-167],[109,-139],[66,1],[-76,-177],[251,-239]],[[5696,1384],[96,1],[106,113],[122,-27],[91,-121]],[[6111,1350],[155,-204],[-22,-87],[116,-79],[42,-157],[-163,-74]],[[6239,749],[-135,-131],[-35,-114],[-116,81]],[[5953,585],[-50,49],[-284,31],[-54,39],[119,153],[-26,219],[-70,107],[74,83],[31,-76],[124,-88],[0,136],[-121,146]],[[5529,516],[139,43],[269,-4],[16,30]],[[6239,749],[153,-145],[85,13],[-19,-174],[-96,-25],[-327,-195],[-187,-37],[-109,-73],[31,-95],[-86,23],[-88,180]],[[5404,1681],[75,9],[43,-247],[90,-38],[81,49],[3,-70]],[[4588,2567],[-105,-27],[146,-122]],[[4629,2418],[-31,-66],[34,-168]],[[4632,2184],[-347,140],[56,54],[-83,84],[-57,-77],[-35,82],[58,85],[-137,-39]],[[4087,2513],[98,189],[-82,77],[42,131],[-45,63],[31,121],[-36,91]],[[4095,3185],[176,-122]],[[4271,3063],[187,-106],[101,0],[84,86],[169,-1],[204,105]],[[5016,3147],[144,-87],[-216,-258],[-35,-175]],[[4909,2627],[-74,14],[-28,102],[-131,116],[-99,-110],[58,-119],[-47,-63]],[[4588,2567],[125,-38],[-84,-111]],[[4909,2627],[-40,-99],[34,-74],[52,98],[89,-27],[28,-364]],[[4807,1871],[16,100],[-132,67],[6,84],[-65,62]],[[4002,2354],[85,159]],[[3570,2305],[87,-15],[233,109],[13,-68]],[[3840,1771],[-144,-94],[-89,59],[-36,149],[-117,-85],[-223,227]],[[3231,2027],[50,124],[89,-14],[39,111],[161,57]],[[3060,2865],[131,28],[112,81],[136,-66]],[[3439,2908],[125,-332],[-27,-25],[33,-246]],[[3231,2027],[-91,-4],[-155,114],[-31,171],[71,226],[-101,32],[4,192],[132,107]],[[3439,2908],[172,41],[135,-25],[-50,77],[179,197],[-152,100]],[[3723,3298],[0,80]],[[3723,3378],[132,45],[66,-111],[174,-127]],[[3060,2865],[-56,58],[-119,-14],[77,87],[-91,102],[-105,-89],[6,100],[-67,-68],[-74,30],[-65,128],[-54,-15],[-202,293],[7,68]],[[2539,3605],[383,-428],[47,-160],[191,-39],[30,164],[137,-6]],[[3327,3136],[123,-21],[32,40],[-61,155],[115,-15],[0,56],[187,-53]],[[3327,3136],[35,77],[-35,155],[-55,46]],[[3272,3414],[117,101],[-55,248],[63,53],[-110,50],[-104,-47],[4,129],[102,154]],[[3289,4102],[38,-160],[132,-54]],[[3459,3888],[54,-275],[222,-34],[-44,-109],[32,-92]],[[3293,4177],[-4,-75]],[[3272,3414],[-7,59],[-147,189],[-152,-54]],[[2981,4132],[241,91],[71,-46]],[[4061,4318],[164,102]],[[4225,4420],[143,-140],[-144,-57],[-27,-114],[94,-71],[85,6],[112,-196],[75,-36],[18,-178]],[[4581,3634],[-216,-134]],[[4365,3500],[-110,58],[-90,101],[-167,-67],[-88,88],[-94,333],[-61,51],[-5,96]],[[3750,4160],[26,49],[284,-34],[1,143]],[[3459,3888],[85,12]],[[3544,3900],[70,21],[62,197],[74,42]],[[4365,3500],[-17,-110],[-121,-22],[-3,-162],[66,-67],[-19,-76]],[[5216,3422],[-66,-17],[-134,-258]],[[4581,3634],[95,67],[135,9],[128,-48],[132,66]],[[5071,3728],[128,-108],[17,-198]],[[5913,3093],[101,46],[58,130],[199,-28],[17,89],[120,5],[127,51],[20,65],[275,87],[43,61]],[[6873,3599],[187,-8],[93,61],[152,4],[190,-148],[-4,-117],[152,-67],[89,60],[171,-94],[35,-112]],[[7938,3178],[-15,-77],[-72,17],[-108,-127],[-97,-35],[-155,21],[-180,-144],[-174,-20],[-41,-94],[-145,24],[-46,50],[-125,-77],[-86,-4]],[[6694,2712],[-65,61],[-70,-55],[-175,37],[-120,-66],[-109,75],[-38,-108],[-195,-36],[-15,51],[77,152],[85,23],[-156,247]],[[5567,3019],[53,69],[-51,52],[104,150],[-51,103]],[[5622,3393],[64,108],[251,58],[-5,184],[113,46],[110,142],[-28,137],[-125,125],[21,198],[-43,88]],[[5980,4479],[109,152],[189,41]],[[6278,4672],[177,-174],[6,-182],[71,-109],[3,-253],[120,-67],[55,-152],[163,-136]],[[5913,3093],[-123,-61],[-223,-13]],[[6307,2082],[-5,195],[-84,-6],[-59,80],[-117,-16],[-140,102],[-346,-46],[-104,146],[-85,-4]],[[5367,2533],[61,153],[67,48],[-8,130],[80,155]],[[6694,2712],[-26,-107],[-86,-46],[-27,-105],[-89,-79],[3,-211],[-47,-110],[-115,28]],[[5216,3422],[127,-67],[199,53],[80,-15]],[[5367,2533],[-20,-51],[73,-122],[-58,-15],[-124,-143]],[[6307,2082],[-59,-97],[31,-94],[132,16],[-4,-240],[-141,69],[0,-146],[-155,-240]],[[5071,3728],[-57,201],[6,79]],[[5020,4008],[332,38],[37,74],[156,-25],[183,172],[4,86],[248,126]],[[3055,4719],[-90,-159]],[[2527,5003],[154,62],[9,69],[132,91],[111,17],[101,-65]],[[3034,5177],[-57,-295],[78,-163]],[[3055,4719],[74,-35],[58,-172],[73,-35]],[[3260,4477],[-7,-144],[40,-156]],[[3260,4477],[17,275],[178,-11],[113,-47]],[[3568,4694],[58,-80]],[[3626,4614],[-120,-275],[50,-124],[-48,-171],[36,-144]],[[3626,4614],[35,4],[31,-167],[133,-62],[109,122],[107,-96],[20,-97]],[[3568,4694],[-47,301]],[[3521,4995],[106,28]],[[3627,5023],[146,-130],[86,-35],[38,-228],[160,-49],[65,87],[118,-192]],[[4240,4476],[-15,-56]],[[3034,5177],[109,-3]],[[3143,5174],[118,-11],[167,-170],[93,2]],[[3143,5294],[47,86],[-90,337],[75,75],[144,-72],[131,128]],[[3450,5848],[105,-90],[149,-254],[-116,-267],[85,-49],[-46,-165]],[[3143,5174],[0,120]],[[3906,5844],[111,-133],[4,-138],[133,-218],[19,-93],[114,-198]],[[4287,5064],[287,14],[58,-59],[89,-349]],[[4721,4670],[-185,-97],[-114,-8],[-182,-89]],[[3450,5848],[173,-84],[131,60],[152,20]],[[4721,4670],[164,-65],[93,-136],[-11,-366],[53,-95]],[[5206,6406],[19,-123],[-37,-74],[-202,-35],[-36,-75],[-111,-67],[-40,-160],[-101,-74],[-105,-273],[-132,-4],[-106,-63],[-42,168],[-139,136],[-122,251]],[[4052,6013],[-6,150],[55,157],[139,92],[-60,72],[1,199],[43,53],[18,153],[64,114]],[[4306,7003],[216,72],[134,-51],[330,-217],[113,-173],[-8,-104],[115,-124]],[[3680,7219],[128,25],[-49,-102],[104,-82],[80,35],[0,-78],[83,8],[224,91],[56,-113]],[[4052,6013],[-124,2],[-22,-171]],[[3143,5294],[-139,54],[-12,278],[-99,90],[6,134]],[[6614,4920],[-51,-100],[-59,18],[-221,-34],[-5,-132]],[[4287,5064],[104,89],[120,23],[0,141],[148,-77],[164,71],[-5,80],[113,3],[44,76],[189,-42],[186,-189],[153,-37],[247,-1],[168,54],[128,-115],[89,1],[81,-237],[99,23],[139,-23],[106,93]],[[6560,4997],[54,-77]],[[5206,6406],[113,-76],[102,8],[46,112],[171,-93],[39,79],[61,-91],[250,-164],[105,-144],[166,-46],[56,-177],[81,-77],[-47,-37],[77,-91],[-93,-135],[108,-165],[180,-40],[-86,-121],[25,-151]],[[6614,4920],[93,-103],[108,-12],[27,125],[183,-26],[66,-49],[140,96],[23,249],[287,51],[-19,157],[57,59],[218,8],[91,-32],[123,25],[82,93],[152,-78],[93,2],[22,74],[-122,106],[70,223],[119,-36]],[[8427,5852],[19,18]],[[8446,5870],[169,54]],[[8615,5924],[62,-1]],[[8677,5923],[111,-30],[159,78],[9,42]],[[8956,6013],[15,13]],[[8971,6026],[116,-167],[140,-144],[100,-13],[-138,-421],[-9,-163],[-81,-75],[55,-244],[70,-188],[132,-3],[14,-101],[138,-144],[-99,-155],[-224,-128],[-43,-70],[27,-119],[96,14],[140,-132],[-57,-178],[120,-48],[63,-85],[-28,-119],[114,-100],[33,-101],[83,-48],[10,-89],[74,-40],[32,-101],[77,-38],[72,-228],[-160,-46],[-86,39],[-97,-45],[-180,151],[-70,204],[-135,-39],[-264,28],[-190,114],[-85,-10],[-86,-96],[-198,-11],[-11,60],[-140,136],[-64,-44],[-49,117],[-74,34],[-171,-12]],[[3307,9729],[87,161],[10,104],[126,-62],[66,22],[-74,-170],[2,-135],[145,-152],[46,31],[145,-300],[240,-151],[108,37],[116,-91],[83,50],[97,-21],[63,-235],[72,8],[137,-66],[31,-106],[58,40],[136,-77],[50,-110],[101,12],[7,109],[60,88],[135,12],[87,-75],[87,88],[102,5],[195,186],[197,72],[33,94],[139,-47],[229,-228],[-83,-143],[137,-99],[156,-65],[58,-141],[101,-31],[10,-123],[-45,-132],[50,-47],[167,-302],[118,-15],[70,66],[-21,105],[98,-32],[74,130],[68,-68],[83,121],[115,-42],[119,44],[34,68],[175,66],[-24,88],[167,92],[83,-11],[14,-140],[-43,-166],[72,-167],[-168,-136],[-102,-28],[5,-166],[-59,-75],[96,-111],[204,195],[151,-69],[53,-71],[-30,-120],[121,-107],[121,-24],[-168,-289],[12,-209],[-74,-111],[308,11],[157,-111],[-18,-159],[-43,-46],[66,-123],[128,-39],[35,-64]],[[8971,6026],[-15,-13]],[[8677,5923],[-62,1]],[[8446,5870],[-19,-18]]],"transform":{"scale":[0.00034014262952187233,0.0002858218648573928],"translate":[75.61503523730613,30.377955113498086]}}