Type of election,Year,State,Constituency no,Constituency name,Constituency type,Position,Candidate name,Party/Alliance,Vote percent
Lok Sabha,2014,ANDHRA PRADESH,454,ADILABAD,ST,2,NARESH,INC,25
Lok Sabha,2014,UTTAR PRADESH,736,AGRA,SC,4,UPENDRA SINGH,INC,3
Lok Sabha,2014,GUJARAT,555,AHMEDABAD EAST,GEN,2,PATEL HIMMATSINGH PRAHLADSINGH,INC,31
Lok Sabha,2014,GUJARAT,543,AHMEDABAD WEST,SC,2,MAKWANA ISHWARBAHI DHANABHAI,INC,31
Lok Sabha,2014,RAJASTHAN,707,AJMER,GEN,2,SACHIN PILOT,INC,40
Lok Sabha,2014,UTTAR PRADESH,687,AKBARPUR,GEN,4,RAJARAM PAL,INC,10
Lok Sabha,2014,MAHARASHTRA,483,AKOLA,GEN,2,PATEL HIDAYAT ULLA BARKAT ULLA,INC,26
Lok Sabha,2014,KERALA,309,ALAPPUZHA,GEN,1,K.C. VENUGOPAL,INC,46
Lok Sabha,2014,KERALA,321,ALATHUR,SC,2,SHEEBA K A,INC,40
Lok Sabha,2014,UTTAR PRADESH,754,ALIGARH,GEN,4,BIJENDRA SINGH,INC,6
Lok Sabha,2014,WEST BENGAL,708,ALIPURDUARS,ST,4,JOSEPH MUNDA,INC,10
Lok Sabha,2014,UTTAR PRADESH,628,ALLAHABAD,GEN,4,NAND GOPAL GUPTA NANDI,INC,11
Lok Sabha,2014,UTTARAKHAND,804,ALMORA,SC,2,PRADEEP TAMTA,INC,38
Lok Sabha,2014,RAJASTHAN,755,ALWAR,GEN,2,JITENDRA SINGH,INC,34
Lok Sabha,2014,ANDHRA PRADESH,399,AMALAPURAM,SC,3,AITHABATHULA JOGESWARA VENKATA BUTCHI MAHESWARA RAO,INC,1
Lok Sabha,2014,HARYANA,806,AMBALA,SC,2,RAJ KUMAR,INC,22
Lok Sabha,2014,UTTAR PRADESH,693,AMBEDKAR NAGAR,GEN,4,ASHOK SINGH,INC,2
Lok Sabha,2014,UTTAR PRADESH,690,AMETHI,GEN,1,RAHUL GANDHI,INC,47
Lok Sabha,2014,GUJARAT,503,AMRELI,GEN,2,THUMMAR VIRJIBHAI KESHAVBHAI,INC,35
Lok Sabha,2014,PUNJAB,817,AMRITSAR,GEN,1,CAPTAIN AMARINDER SINGH,INC,48
Lok Sabha,2014,ANDHRA PRADESH,419,ANAKAPALLE,GEN,3,SMT. THOTA VIJAYA LAKSHMI,INC,2
Lok Sabha,2014,GUJARAT,526,ANAND,GEN,2,BHARATBHAI MADHAVSINH SOLANKI,INC,44
Lok Sabha,2014,PUNJAB,812,ANANDPUR SAHIB,GEN,2,AMBIKA SONI,INC,30
Lok Sabha,2014,ANDHRA PRADESH,377,ANANTAPUR,GEN,3,P. ANIL CHOWDARY,INC,1
Lok Sabha,2014,ANDAMAN & NICOBAR ISLANDS,213,ANDAMAN & NICOBAR ISLANDS,GEN,2,KULDEEP RAI SHARMA,INC,44
Lok Sabha,2014,UTTAR PRADESH,760,AONLA,GEN,4,SALEEM IQBAL SHERVANI,INC,9
Lok Sabha,2014,TAMIL NADU,362,ARAKKONAM,GEN,4,"RAJESH, R",INC,5
Lok Sabha,2014,ANDHRA PRADESH,441,ARAKU,ST,3,KISHORE CHANDRA SURYANARAYANA DEO VYRICHERLA,INC,6
Lok Sabha,2014,WEST BENGAL,542,ARAMBAG,SC,4,SAMBHUNATH MALIK,INC,2
Lok Sabha,2014,TAMIL NADU,349,ARANI,GEN,4,M.K.VISHNU PRASAD,INC,3
Lok Sabha,2014,ARUNACHAL PRADESH,787,ARUNACHAL EAST,ST,1,NINONG ERING,INC,45
Lok Sabha,2014,ARUNACHAL PRADESH,779,ARUNACHAL WEST,GEN,2,TAKAM SANJOY,INC,38
Lok Sabha,2014,WEST BENGAL,569,ASANSOL,GEN,4,INDRANI MISHRA,INC,4
Lok Sabha,2014,ORISSA,457,ASKA,GEN,2,SRILOKANATH RATHA,INC,26
Lok Sabha,2014,KERALA,302,ATTINGAL,GEN,2,ADV.BINDHU KRISHNA,INC,38
Lok Sabha,2014,BIHAR,606,AURANGABAD,GEN,2,NIKHIL KUMAR,INC,31
Lok Sabha,2014,MAHARASHTRA,606,AURANGABAD,GEN,2,PATIL NITIN SURESH,INC,37
Lok Sabha,2014,ASSAM,685,AUTONOMOUS DISTRICT,ST,1,BIREN SINGH ENGTI,INC,39
Lok Sabha,2014,UTTAR PRADESH,672,AZAMGARH,GEN,4,ARVIND KUMAR JAISWAL,INC,2
Lok Sabha,2014,KARNATAKA,393,BAGALKOT,GEN,2,AJAYKUMAR SARNAIK,INC,42
Lok Sabha,2014,WEST BENGAL,582,BAHARAMPUR,GEN,1,ADHIR RANJAN CHOWDHURY,INC,51
Lok Sabha,2014,UTTAR PRADESH,756,BAHRAICH,SC,4,COMANDO KAMAL KISHOR,INC,3
Lok Sabha,2014,MADHYA PRADESH,515,BALAGHAT,GEN,2,HINA LIKHIRAM KAWRE,INC,35
Lok Sabha,2014,ORISSA,499,BALASORE,GEN,3,SHRIKANTA KUMAR JENA,INC,26
Lok Sabha,2014,UTTAR PRADESH,650,BALLIA,GEN,5,SUDHA RAI,INC,1
Lok Sabha,2014,WEST BENGAL,632,BALURGHAT,GEN,4,OM PRAKASH MISHRA,INC,8
Lok Sabha,2014,GUJARAT,599,BANASKANTHA,GEN,2,PATEL JOITABHAI KASANABHAI,INC,34
Lok Sabha,2014,UTTAR PRADESH,637,BANDA,GEN,4,VIVEK KUMAR SINGH,INC,4
Lok Sabha,2014,KARNATAKA,357,BANGALORE CENTRAL,GEN,2,RIZWAN ARSHAD,INC,39
Lok Sabha,2014,KARNATAKA,160,BANGALORE NORTH,GEN,2,C.NARAYANA SWAMY,INC,36
Lok Sabha,2014,KARNATAKA,360,BANGALORE RURAL,GEN,1,D.K. SURESH,INC,45
Lok Sabha,2014,KARNATAKA,352,BANGALORE SOUTH,GEN,2,NANDAN NILEKANI,INC,36
Lok Sabha,2014,WEST BENGAL,550,BANGAON,SC,4,ILA MONDAL,INC,3
Lok Sabha,2014,WEST BENGAL,566,BANKURA,GEN,5,NILMADHAB GUPTA,INC,2
Lok Sabha,2014,UTTAR PRADESH,694,BANSGAON,SC,4,SANJAY KUMAR,INC,6
Lok Sabha,2014,RAJASTHAN,577,BANSWARA,ST,2,RESHAM MALVIYA,INC,41
Lok Sabha,2014,ANDHRA PRADESH,388,BAPATLA,SC,3,PANABAKA LAKSHMI,INC,2
Lok Sabha,2014,UTTAR PRADESH,725,BARABANKI,SC,2,P.L. PUNIA,INC,23
Lok Sabha,2014,WEST BENGAL,537,BARASAT,GEN,4,RIJU GHOSAL,INC,3
Lok Sabha,2014,WEST BENGAL,563,BARDHAMAN PURBA,SC,4,CHANDANA MAJHI,INC,5
Lok Sabha,2014,WEST BENGAL,28,BARDHAMAN-DURGAPUR,GEN,4,AGASTY PRADIP,INC,3
Lok Sabha,2014,GUJARAT,491,BARDOLI,ST,2,TUSHARBHAI AMARSINHBHAI CHAUDHARI,INC,41
Lok Sabha,2014,UTTAR PRADESH,773,BAREILLY,GEN,4,PRAVEEN SINGH ARON,INC,8
Lok Sabha,2014,ORISSA,502,BARGARH,GEN,3,SANJAY BHOI,INC,24
Lok Sabha,2014,RAJASTHAN,751,BARMER,GEN,3,HARISH CHAUDHARY,INC,18
Lok Sabha,2014,ASSAM,686,BARPETA,GEN,3,ISMAIL HUSSAIN,INC,23
Lok Sabha,2014,WEST BENGAL,540,BARRACKPUR,GEN,4,SAMRAT TOPADAR,INC,3
Lok Sabha,2014,WEST BENGAL,535,BASIRHAT,GEN,4,QUAZI ABDUR RAHIM,INC,8
Lok Sabha,2014,CHHATTISGARH,456,BASTAR,ST,2,DEEPAK KARMA,INC,34
Lok Sabha,2014,UTTAR PRADESH,719,BASTI,GEN,4,AMBIKA SINGH,INC,3
Lok Sabha,2014,PUNJAB,801,BATHINDA,GEN,2,MANPREET SINGH BADAL S/O GURDAS SINGH,INC,42
Lok Sabha,2014,KARNATAKA,390,BELGAUM,GEN,2,LAKSHMI HEBBALKAR,INC,44
Lok Sabha,2014,KARNATAKA,379,BELLARY,ST,2,N Y HANUMANTAPPA,INC,43
Lok Sabha,2014,ORISSA,452,BERHAMPUR,GEN,2,CHANDRA SEKHAR SAHU,INC,30
Lok Sabha,2014,MADHYA PRADESH,519,BETUL,ST,2,AJAY SHAH MAKRAI,INC,30
Lok Sabha,2014,UTTAR PRADESH,634,BHADOHI,GEN,5,SARTAJ IMAAM,INC,2
Lok Sabha,2014,ORISSA,487,BHADRAK,SC,2,SANGRAM KESHARI JENA,INC,30
Lok Sabha,2014,RAJASTHAN,741,BHARATPUR,SC,2,DR. SURESH JATAV,INC,35
Lok Sabha,2014,GUJARAT,508,BHARUCH,GEN,2,JAYESHBHAI AMBALALBHAI PATEL,INC,37
Lok Sabha,2014,GUJARAT,510,BHAVNAGAR,GEN,2,PRAVINBHAI JINABHAI RATHOD,INC,28
Lok Sabha,2014,RAJASTHAN,653,BHILWARA,GEN,2,ASHOK CHANDNA,INC,35
Lok Sabha,2014,MADHYA PRADESH,695,BHIND,SC,2,IMARTI DEVI,INC,34
Lok Sabha,2014,MAHARASHTRA,453,BHIWANDI,GEN,2,PATIL VISHWANATH RAMCHANDRA,INC,34
Lok Sabha,2014,HARYANA,778,BHIWANI-MAHENDRAGARH,GEN,3,SHRUTI CHOUDHRY,INC,26
Lok Sabha,2014,ANDHRA PRADESH,418,BHONGIR,GEN,2,KOMATIREDDY RAJGOPAL REDDY,INC,34
Lok Sabha,2014,MADHYA PRADESH,570,BHOPAL,GEN,2,PRAKASH MANGILAL SHARMA,INC,30
Lok Sabha,2014,ORISSA,467,BHUBANESWAR,GEN,3,BIJAY MOHANTY,INC,16
Lok Sabha,2014,KARNATAKA,423,BIDAR,GEN,2,N.DHARAM SINGH,INC,38
Lok Sabha,2014,KARNATAKA,408,BIJAPUR,SC,2,PRAKASH RATHOD,INC,42
Lok Sabha,2014,RAJASTHAN,784,BIKANER,SC,2,ER. SHANKAR PANNU,INC,30
Lok Sabha,2014,CHHATTISGARH,527,BILASPUR,GEN,2,KARUNA SHUKLA,INC,36
Lok Sabha,2014,WEST BENGAL,592,BIRBHUM,GEN,4,SIRAJ SYED,INC,10
Lok Sabha,2014,WEST BENGAL,558,BISHNUPUR,SC,4,NARAYAN CHANDRA KHAN,INC,2
Lok Sabha,2014,ORISSA,479,BOLANGIR,GEN,3,SARAT PATTNAYAK,INC,24
Lok Sabha,2014,WEST BENGAL,581,BOLPUR,SC,4,TAPAN KUMAR SAHA,INC,4
Lok Sabha,2014,KERALA,317,CHALAKUDY,GEN,2,P C CHACKO,INC,39
Lok Sabha,2014,KARNATAKA,345,CHAMARAJANAGAR,SC,1,R. DHRUVANARAYANA,INC,50
Lok Sabha,2014,UTTAR PRADESH,631,CHANDAULI,GEN,4,TARUNENDRA CHAND PATEL,INC,3
Lok Sabha,2014,CHANDIGARH,805,CHANDIGARH,GEN,2,PAWAN KUMAR BANSAL,INC,27
Lok Sabha,2014,NATIONAL CAPITAL TERRITORY OF DELHI,771,CHANDNI CHOWK,GEN,3,KAPIL SIBAL,INC,18
Lok Sabha,2014,MAHARASHTRA,468,CHANDRAPUR,GEN,2,DEOTALE SANJAY WAMANRAO,INC,24
Lok Sabha,2014,JHARKHAND,590,CHATRA,GEN,2,DHIRAJ PRASAD SAHU,INC,17
Lok Sabha,2014,TAMIL NADU,358,CHENNAI CENTRAL,GEN,4,C.D. MEYYAPPAN,INC,3
Lok Sabha,2014,TAMIL NADU,361,CHENNAI NORTH,GEN,4,BIJU CHACKO,INC,3
Lok Sabha,2014,TAMIL NADU,354,CHENNAI SOUTH,GEN,4,S.V. RAMANI,INC,2
Lok Sabha,2014,ANDHRA PRADESH,413,CHEVELLA,GEN,2,PATOLLA KARTIK REDDY,INC,28
Lok Sabha,2014,MADHYA PRADESH,533,CHHINDWARA,GEN,1,KAMAL NATH,INC,51
Lok Sabha,2014,GUJARAT,520,CHHOTA UDAIPUR,ST,2,NARANBHAI JEMLABHAI RATHWA,INC,39
Lok Sabha,2014,TAMIL NADU,334,CHIDAMBARAM,SC,4,VALLAL PERUMAN,INC,3
Lok Sabha,2014,KARNATAKA,369,CHIKKBALLAPUR,GEN,1,M. VEERAPPA MOILY,INC,34
Lok Sabha,2014,KARNATAKA,398,CHIKKODI,GEN,1,PRAKASH HUKKERI,INC,44
Lok Sabha,2014,KARNATAKA,375,CHITRADURGA,SC,1,B.N. CHANDRAPPA,INC,43
Lok Sabha,2014,ANDHRA PRADESH,366,CHITTOOR,SC,3,B RAJAGOPAL,INC,1
Lok Sabha,2014,RAJASTHAN,116,CHITTORGARH,GEN,2,DR. GIRIJA VYAS,INC,33
Lok Sabha,2014,RAJASTHAN,786,CHURU,GEN,3,PRATAP SINGH,INC,16
Lok Sabha,2014,TAMIL NADU,328,COIMBATORE,GEN,4,"PRABHU, R.",INC,5
Lok Sabha,2014,WEST BENGAL,680,COOCHBEHAR,SC,4,KESHAB CHANDRA RAY,INC,6
Lok Sabha,2014,TAMIL NADU,175,CUDDALORE,GEN,4,ALAGIRI.S,INC,3
Lok Sabha,2014,ORISSA,471,CUTTACK,GEN,2,APARAJITA MOHANTY,INC,22
Lok Sabha,2014,DADRA & NAGAR HAVELI,465,DADRA & NAGAR HAVELI,ST,2,DELKAR MOHANBHAI SANJIBHAI,INC,45
Lok Sabha,2014,GUJARAT,556,DAHOD,ST,2,TAVIYAD DR. PRABHABEN KISHORSINH,INC,31
Lok Sabha,2014,KARNATAKA,359,DAKSHINA KANNADA,GEN,2,JANARDHANA POOJARY,INC,41
Lok Sabha,2014,DAMAN & DIU,170,DAMAN & DIU,GEN,2,PATEL KETANBHAI DAHAYABHAI,INC,43
Lok Sabha,2014,MADHYA PRADESH,600,DAMOH,GEN,2,MAHENDRA PRATAP SINGH,INC,33
Lok Sabha,2014,WEST BENGAL,720,DARJEELING,GEN,4,SUJAY GHATAK,INC,8
Lok Sabha,2014,RAJASTHAN,733,DAUSA,ST,3,NAMONARAYAN,INC,19
Lok Sabha,2014,KARNATAKA,374,DAVANAGERE,GEN,2,S. S. MALLIKARJUN,INC,45
Lok Sabha,2014,UTTAR PRADESH,701,DEORIA,GEN,4,SABHA KUNWAR,INC,4
Lok Sabha,2014,MADHYA PRADESH,575,DEWAS,SC,2,SAJJAN SINGH VERMA,INC,35
Lok Sabha,2014,JHARKHAND,576,DHANBAD,GEN,2,AJAY KUMAR DUBEY,INC,22
Lok Sabha,2014,MADHYA PRADESH,545,DHAR,ST,2,UMANG SINGHAR,INC,42
Lok Sabha,2014,TAMIL NADU,346,DHARMAPURI,GEN,4,RAMA SUGANTHAN,INC,1
Lok Sabha,2014,KARNATAKA,381,DHARWAD,GEN,2,VINAY KULKARNI,INC,41
Lok Sabha,2014,UTTAR PRADESH,753,DHAURAHRA,GEN,4,KUNWAR JITIN PRASAD,INC,16
Lok Sabha,2014,ORISSA,494,DHENKANAL,GEN,3,SUDHIR KUMAR SAMAL,INC,21
Lok Sabha,2014,ASSAM,670,DHUBRI,GEN,2,WAZED ALI CHOUDHURY,INC,26
Lok Sabha,2014,MAHARASHTRA,486,DHULE,GEN,2,AMRISHBHAI RASIKLAL PATEL,INC,41
Lok Sabha,2014,WEST BENGAL,517,DIAMOND HARBOUR,GEN,4,MD. QAMRUZZAMAN QAMAR,INC,5
Lok Sabha,2014,ASSAM,737,DIBRUGARH,GEN,2,PABAN SINGH GHATOWAR,INC,35
Lok Sabha,2014,TAMIL NADU,320,DINDIGUL,GEN,4,CHITTHAN N.S.V,INC,3
Lok Sabha,2014,UTTAR PRADESH,730,DOMARIYAGANJ,GEN,5,VASUNDHARA,INC,9
Lok Sabha,2014,WEST BENGAL,531,DUM DUM,GEN,4,DHANANJOY MOITRA,INC,3
Lok Sabha,2014,CHHATTISGARH,500,DURG,GEN,1,TAMRADWAJ SAHU,INC,46
Lok Sabha,2014,NATIONAL CAPITAL TERRITORY OF DELHI,768,EAST DELHI,GEN,3,SANDEEP DIKSHIT,INC,17
Lok Sabha,2014,ANDHRA PRADESH,409,ELURU,GEN,3,MUSUNURI NAGESWARA RAO,INC,1
Lok Sabha,2014,KERALA,316,ERNAKULAM,GEN,1,K.V. THOMAS,INC,42
Lok Sabha,2014,TAMIL NADU,332,ERODE,GEN,4,GOPI P,INC,3
Lok Sabha,2014,UTTAR PRADESH,700,ETAWAH,SC,4,HANSH MUKHI,INC,1
Lok Sabha,2014,UTTAR PRADESH,712,FAIZABAD,GEN,4,DR. NIRMAL KHATRI,INC,13
Lok Sabha,2014,HARYANA,759,FARIDABAD,GEN,2,AVTAR SINGH BHADANA,INC,16
Lok Sabha,2014,PUNJAB,810,FARIDKOT,SC,3,JOGINDER SINGH,INC,24
Lok Sabha,2014,UTTAR PRADESH,739,FARRUKHABAD,GEN,4,SALMAN KHURSHEED,INC,10
Lok Sabha,2014,PUNJAB,808,FATEHGARH SAHIB,SC,2,SADHU SINGH,INC,30
Lok Sabha,2014,UTTAR PRADESH,663,FATEHPUR,GEN,4,USHA MAURYA,INC,4
Lok Sabha,2014,UTTAR PRADESH,732,FIROZABAD,GEN,4,ATUL CHATURVEDI,INC,1
Lok Sabha,2014,PUNJAB,811,FIROZPUR,GEN,2,SUNIL JAKHAR,INC,41
Lok Sabha,2014,MAHARASHTRA,489,GADCHIROLI-CHIMUR,ST,2,DR. NAMDEO DALLUJI USENDI,INC,29
Lok Sabha,2014,GUJARAT,554,GANDHINAGAR,GEN,2,PATEL KIRITBHAI ISHVARBHAI,INC,26
Lok Sabha,2014,RAJASTHAN,113,GANGANAGAR,SC,2,BHANWARLAL MEGHWAL,INC,29
Lok Sabha,2014,UTTARAKHAND,809,GARHWAL,GEN,2,HARAK SINGH RAWAT,INC,32
Lok Sabha,2014,ASSAM,674,GAUHATI,GEN,2,SHRI MANASH BORAH,INC,30
Lok Sabha,2014,UTTAR PRADESH,765,GAUTAM BUDHHA NAGAR,GEN,5,RAMESH CHAND TOMAR,INC,1
Lok Sabha,2014,WEST BENGAL,530,GHATAL,GEN,3,MANAS RANJAN BHUNIA,INC,9
Lok Sabha,2014,UTTAR PRADESH,774,GHAZIABAD,GEN,2,RAJ BABBAR,INC,14
Lok Sabha,2014,UTTAR PRADESH,645,GHAZIPUR,GEN,6,MOHD. MAQSOOD KHAN,INC,2
Lok Sabha,2014,UTTAR PRADESH,665,GHOSI,GEN,5,RASHTRA KUNWAR SINGH,INC,2
Lok Sabha,2014,JHARKHAND,611,GODDA,GEN,2,FURKAN ANSARI,INC,30
Lok Sabha,2014,UTTAR PRADESH,727,GONDA,GEN,4,BENI PRASAD VERMA,INC,12
Lok Sabha,2014,BIHAR,688,GOPALGANJ,SC,2,DR JYOTI BHARTI,INC,21
Lok Sabha,2014,UTTAR PRADESH,718,GORAKHPUR,GEN,4,ASTBHUJA PRASAD TRIPATHI,INC,4
Lok Sabha,2014,KARNATAKA,414,GULBARGA,SC,1,MALLIKARJUN KHARGE,INC,51
Lok Sabha,2014,MADHYA PRADESH,626,GUNA,GEN,1,JYOTIRADITYA MADHAVRAO SCINDIA,INC,53
Lok Sabha,2014,ANDHRA PRADESH,391,GUNTUR,GEN,3,ABDUL WAHEED SHAIK,INC,4
Lok Sabha,2014,PUNJAB,820,GURDASPUR,GEN,2,PARTAP SINGH BAJWA,INC,33
Lok Sabha,2014,HARYANA,762,GURGAON,GEN,3,DHARAMPAL YADAV,INC,10
Lok Sabha,2014,MADHYA PRADESH,668,GWALIOR,GEN,2,ASHOK SINGH,INC,42
Lok Sabha,2014,BIHAR,651,HAJIPUR,SC,2,SANJEEV PRASAD TONI,INC,25
Lok Sabha,2014,HIMACHAL PRADESH,819,HAMIRPUR,GEN,2,RAJINDER SINGH RANA S/O LATE SHRI SUKH RAM,INC,42
Lok Sabha,2014,UTTAR PRADESH,660,HAMIRPUR,GEN,4,PREETAM SINGH LODHI,INC,8
Lok Sabha,2014,UTTAR PRADESH,740,HARDOI,SC,4,SARVESH KUMAR,INC,2
Lok Sabha,2014,UTTARAKHAND,799,HARDWAR,GEN,2,RENUKA RAWAT,INC,35
Lok Sabha,2014,KARNATAKA,365,HASSAN,GEN,2,MANJU. A.,INC,36
Lok Sabha,2014,MAHARASHTRA,404,HATKANANGLE,GEN,2,AWADE KALLAPPA BABURAO,INC,39
Lok Sabha,2014,KARNATAKA,383,HAVERI,GEN,2,SALEEM AZEEZ AHMED,INC,43
Lok Sabha,2014,JHARKHAND,591,HAZARIBAGH,GEN,2,SAURABH NARAIN SINGH,INC,26
Lok Sabha,2014,ANDHRA PRADESH,373,HINDUPUR,GEN,3,GUTTURU CHINNA VENKATARAMUDU,INC,3
Lok Sabha,2014,MAHARASHTRA,460,HINGOLI,GEN,1,RAJEEV SHANKARRAO SATAV,INC,45
Lok Sabha,2014,HARYANA,789,HISAR,GEN,3,SAMPAT SINGH,INC,9
Lok Sabha,2014,WEST BENGAL,548,HOOGHLY,GEN,4,PRITAM GHOSH,INC,3
Lok Sabha,2014,MADHYA PRADESH,551,HOSHANGABAD,GEN,2,"DEVENDRA PATEL ""GUDDU BHAIYA""",INC,27
Lok Sabha,2014,PUNJAB,818,HOSHIARPUR,SC,2,MOHINDER SINGH KAYPEE,INC,35
Lok Sabha,2014,WEST BENGAL,525,HOWRAH,GEN,4,MANOJ KUMAR PANDEY,INC,6
Lok Sabha,2014,ANDHRA PRADESH,406,HYDERABAD,GEN,3,S KRISHNA REDDY,INC,5
Lok Sabha,2014,KERALA,312,IDUKKI,GEN,2,ADV. DEAN KURIAKOSE,INC,41
Lok Sabha,2014,MADHYA PRADESH,544,INDORE,GEN,2,SATYANARAYAN PATEL,INC,29
Lok Sabha,2014,MANIPUR,604,INNER MANIPUR,GEN,1,DR. THOKCHOM MEINYA,INC,46
Lok Sabha,2014,MADHYA PRADESH,562,JABALPUR,GEN,2,VIVEKKRISHNA TANKHA,INC,36
Lok Sabha,2014,WEST BENGAL,522,JADAVPUR,GEN,4,SAMIR AICH,INC,2
Lok Sabha,2014,ORISSA,466,JAGATSINGHPUR,SC,2,BIBHU PRASAD TARAI,INC,31
Lok Sabha,2014,RAJASTHAN,710,JAIPUR,GEN,2,MAHESH JOSHI,INC,25
Lok Sabha,2014,RAJASTHAN,743,JAIPUR RURAL,GEN,2,DR. C.P. JOSHI,INC,30
Lok Sabha,2014,ORISSA,478,JAJPUR,SC,2,ASOK DAS,INC,23
Lok Sabha,2014,PUNJAB,815,JALANDHAR,SC,1,SANTOKH SINGH CHAUDHARY,INC,37
Lok Sabha,2014,UTTAR PRADESH,675,JALAUN,SC,4,VIJAY CHAUDHARY,INC,7
Lok Sabha,2014,MAHARASHTRA,470,JALNA,GEN,2,AUTADE VILAS KESHAVRAO,INC,36
Lok Sabha,2014,RAJASTHAN,643,JALORE,GEN,2,ANJANA UDAI LAL,INC,18
Lok Sabha,2014,WEST BENGAL,706,JALPAIGURI,SC,4,DR. SUKHBILAS BARMA,INC,7
Lok Sabha,2014,JAMMU & KASHMIR,823,JAMMU,GEN,2,MADAN LAL SHARMA,INC,29
Lok Sabha,2014,GUJARAT,538,JAMNAGAR,GEN,2,MADAM VIKRAMBHAI ARJANBHAI,INC,36
Lok Sabha,2014,WEST BENGAL,595,JANGIPUR,GEN,1,ABHIJIT MUKHERJEE,INC,34
Lok Sabha,2014,CHHATTISGARH,509,JANJGIR-CHAMPA,SC,2,PREMCHAND JAYASI,INC,32
Lok Sabha,2014,UTTAR PRADESH,662,JAUNPUR,GEN,6,RAVI KISHAN,INC,4
Lok Sabha,2014,WEST BENGAL,29,JAYNAGAR,SC,5,ARNAB ROY,INC,3
Lok Sabha,2014,RAJASTHAN,623,JHALAWAR-BARAN,GEN,2,PRAMOD KUMAR,INC,34
Lok Sabha,2014,UTTAR PRADESH,636,JHANSI,GEN,4,PRADEEP KUMAR JAIN,INC,6
Lok Sabha,2014,WEST BENGAL,546,JHARGRAM,ST,4,ANITA HANSDA,INC,3
Lok Sabha,2014,RAJASTHAN,761,JHUNJHUNU,GEN,2,RAJBALA OLA,INC,25
Lok Sabha,2014,RAJASTHAN,746,JODHPUR,GEN,2,CHANDRESH KUMARI,INC,28
Lok Sabha,2014,ASSAM,722,JORHAT,GEN,2,BIJOY KRISHNA HANDIQUE,INC,38
Lok Sabha,2014,GUJARAT,495,JUNAGADH,GEN,2,PUNJABHAI BHIMABHAI VANSH,INC,40
Lok Sabha,2014,GUJARAT,161,KACHCHH,SC,2,DR. DINESH PARMAR,INC,33
Lok Sabha,2014,ANDHRA PRADESH,376,KADAPA,GEN,3,VEENA AJAYA KUMAR,INC,1
Lok Sabha,2014,UTTAR PRADESH,731,KAISERGANJ,GEN,4,MUKESH SRIVASTAV ALIAS GYANENDRA PRATAP,INC,6
Lok Sabha,2014,ANDHRA PRADESH,410,KAKINADA,GEN,3,MANGAPATI PALLAM RAJU MALLIPUDI,INC,2
Lok Sabha,2014,ORISSA,477,KALAHANDI,GEN,3,BHAKTA CHARAN DAS,INC,28
Lok Sabha,2014,ASSAM,697,KALIABOR,GEN,1,GOURAV GOGOI,INC,38
Lok Sabha,2014,TAMIL NADU,342,KALLAKURICHI,GEN,4,DEVADASS. R,INC,4
Lok Sabha,2014,TAMIL NADU,351,KANCHEEPURAM,SC,4,VISWANATHAN P,INC,3
Lok Sabha,2014,ORISSA,475,KANDHAMAL,GEN,2,HARIHARA KARANA,INC,29
Lok Sabha,2014,HIMACHAL PRADESH,821,KANGRA,GEN,2,CHANDER KUMAR,INC,36
Lok Sabha,2014,CHHATTISGARH,476,KANKER,ST,2,FOOLODEVI NETAM,INC,42
Lok Sabha,2014,TAMIL NADU,300,KANNIYAKUMARI,GEN,2,VASANTHA KUMAR H.,INC,25
Lok Sabha,2014,KERALA,343,KANNUR,GEN,2,K SUDHAKARAN,INC,44
Lok Sabha,2014,UTTAR PRADESH,678,KANPUR,GEN,2,SRI PRAKASH JAISWAL,INC,30
Lok Sabha,2014,WEST BENGAL,506,KANTHI,GEN,4,KUNAL BANERJEE,INC,2
Lok Sabha,2014,RAJASTHAN,709,KARAULI-DHOLPUR,SC,2,LAKKHIRAM,INC,44
Lok Sabha,2014,ASSAM,602,KARIMGANJ,SC,3,LALIT MOHON SUKLABAIDYA,INC,26
Lok Sabha,2014,ANDHRA PRADESH,433,KARIMNAGAR,GEN,2,PONNAM PRABHAKAR,INC,27
Lok Sabha,2014,HARYANA,796,KARNAL,GEN,2,ARVIND KUMAR SHARMA,INC,20
Lok Sabha,2014,TAMIL NADU,327,KARUR,GEN,4,"JOTHIMANI, S.",INC,3
Lok Sabha,2014,KERALA,154,KASARAGOD,GEN,2,T.SIDDIQUE,INC,39
Lok Sabha,2014,UTTAR PRADESH,652,KAUSHAMBI,SC,4,MAHENDRA KUMAR,INC,4
Lok Sabha,2014,ORISSA,474,KENDRAPARA,GEN,2,DHARANIDHAR NAYAK,INC,34
Lok Sabha,2014,ORISSA,505,KEONJHAR,ST,3,MADHABA SARDAR,INC,18
Lok Sabha,2014,PUNJAB,816,KHADOOR SAHIB,GEN,2,HARMINDER SINGH GILL,INC,35
Lok Sabha,2014,MADHYA PRADESH,133,KHAJURAHO,GEN,2,RAJA PATERIYA,INC,26
Lok Sabha,2014,MADHYA PRADESH,529,KHANDWA,GEN,2,ARUN SUBHASH CHANDRA YADAV,INC,37
Lok Sabha,2014,MADHYA PRADESH,511,KHARGONE,ST,2,RAMESH CHENSINGH,INC,34
Lok Sabha,2014,GUJARAT,547,KHEDA,GEN,2,DINSHA JHAVARBHAI PATEL,INC,35
Lok Sabha,2014,UTTAR PRADESH,769,KHERI,GEN,3,ZAFAR ALI NAQVI,INC,17
Lok Sabha,2014,JHARKHAND,552,KHUNTI,ST,3,KALICHARAN MUNDA,INC,20
Lok Sabha,2014,BIHAR,681,KISHANGANJ,GEN,1,MOHAMMAD ASRARUL HAQUE,INC,53
Lok Sabha,2014,JHARKHAND,601,KODARMA,GEN,4,TILAKDHARI PRASAD SINGH,INC,6
Lok Sabha,2014,KARNATAKA,364,KOLAR,SC,1,K.H. MUNIYAPPA,INC,37
Lok Sabha,2014,WEST BENGAL,518,KOLKATA DAKSHIN ,GEN,4,MALA ROY,INC,10
Lok Sabha,2014,WEST BENGAL,524,KOLKATA UTTAR,GEN,4,SOMENDRA NATH MITRA,INC,14
Lok Sabha,2014,KARNATAKA,387,KOPPAL,GEN,2,BASAVARAJ,INC,45
Lok Sabha,2014,ORISSA,458,KORAPUT,ST,2,DR. GIRIDHAR GAMANG,INC,38
Lok Sabha,2014,CHHATTISGARH,574,KORBA,GEN,2,CHARAN DAS MAHANT,INC,41
Lok Sabha,2014,RAJASTHAN,646,KOTA,GEN,2,IJYARAJ SINGH,INC,38
Lok Sabha,2014,KERALA,335,KOZHIKODE,GEN,1,M.K. RAGHAVAN,INC,42
Lok Sabha,2014,TAMIL NADU,350,KRISHNAGIRI,GEN,4,CHELLAKUMAR. DR. A,INC,4
Lok Sabha,2014,WEST BENGAL,1,KRISHNANAGAR,GEN,4,RAZIA AHMED,INC,6
Lok Sabha,2014,ANDHRA PRADESH,384,KURNOOL,GEN,3,KOTLA JAYA SURYA PRAKASH REDDY,INC,11
Lok Sabha,2014,HARYANA,798,KURUKSHETRA,GEN,3,NAVEEN JINDAL,INC,25
Lok Sabha,2014,UTTAR PRADESH,724,KUSHI NAGAR,GEN,2,KUNWAR RATANJEET PRATAP NARAYAN SINGH,INC,30
Lok Sabha,2014,JAMMU & KASHMIR,177,LADAKH,ST,4,TSERING SAMPHEL,INC,22
Lok Sabha,2014,ASSAM,747,LAKHIMPUR,GEN,2,RANEE NARAH,INC,29
Lok Sabha,2014,LAKSHADWEEP,135,LAKSHADWEEP,ST,2,MUHAMMED HAMDULLAH SAYEED,INC,47
Lok Sabha,2014,UTTAR PRADESH,673,LALGANJ,SC,4,BALIHARI,INC,2
Lok Sabha,2014,MAHARASHTRA,438,LATUR,SC,2,BANSODE DATTATRAY GUNDERAO,INC,34
Lok Sabha,2014,JHARKHAND,564,LOHARDAGA,ST,2,RAMESHWAR ORAON,INC,34
Lok Sabha,2014,UTTAR PRADESH,703,LUCKNOW,GEN,2,DR. RITA BAHUGUNA JOSHI,INC,28
Lok Sabha,2014,PUNJAB,807,LUDHIANA,GEN,1,RAVNEET SINGH BITTU,INC,27
Lok Sabha,2014,UTTAR PRADESH,644,MACHHLISHAHR,SC,4,TUFANI NISHAD,INC,4
Lok Sabha,2014,ANDHRA PRADESH,392,MACHILIPATNAM,GEN,3,SISTLA RAMESH,INC,1
Lok Sabha,2014,TAMIL NADU,315,MADURAI,GEN,4,T.N.BHARATH NACHIAPPAN,INC,3
Lok Sabha,2014,ANDHRA PRADESH,427,MAHABUBABAD,ST,2,P. BALRAM,INC,25
Lok Sabha,2014,UTTAR PRADESH,729,MAHARAJGANJ,GEN,4,HARSH VARDHAN,INC,5
Lok Sabha,2014,CHHATTISGARH,490,MAHASAMUND,ST,2,AJIT PRAMOD KUMAR JOGI,INC,46
Lok Sabha,2014,ANDHRA PRADESH,402,MAHBUBNAGAR,GEN,2,JAIPAL REDDY SUDINI,INC,33
Lok Sabha,2014,GUJARAT,571,MAHESANA,GEN,2,PATEL JIVABHAI AMBALAL,INC,37
Lok Sabha,2014,WEST BENGAL,614,MALDAHA DAKSHIN,GEN,1,ABU HASEM KHAN CHOWDHURY,INC,35
Lok Sabha,2014,WEST BENGAL,627,MALDAHA UTTAR,GEN,1,MAUSAM NOOR,INC,33
Lok Sabha,2014,ANDHRA PRADESH,415,MALKAJGIRI,GEN,3,SARVEY SATHYANARAYANA,INC,14
Lok Sabha,2014,HIMACHAL PRADESH,822,MANDI,GEN,2,PRATIBHA SINGH,INC,44
Lok Sabha,2014,MADHYA PRADESH,553,MANDLA,ST,2,OMKAR SINGH MARKAM,INC,39
Lok Sabha,2014,MADHYA PRADESH,603,MANDSOUR,GEN,2,MEENAKSHI NATARAJAN,INC,34
Lok Sabha,2014,KARNATAKA,353,MANDYA,GEN,2,DIVYA SPANDANA URUF RAMYA,INC,44
Lok Sabha,2014,ASSAM,704,MANGALDOI,GEN,2,KIRIP CHALIHA,INC,38
Lok Sabha,2014,WEST BENGAL,3,MATHURAPUR,SC,4,SHRI MANORANJAN HALDER,INC,4
Lok Sabha,2014,KERALA,308,MAVELIKKARA,SC,1,KODIKKUNNIL SURESH,INC,45
Lok Sabha,2014,TAMIL NADU,331,MAYILADUTHURAI,GEN,4,MANI SHANKAR AIYAR,INC,6
Lok Sabha,2014,ORISSA,516,MAYURBHANJ,ST,4,SHYAM SUNDAR HANSDAH,INC,13
Lok Sabha,2014,ANDHRA PRADESH,422,MEDAK,GEN,2,DR.P. SRAVAN KUMAR REDDY,INC,22
Lok Sabha,2014,WEST BENGAL,523,MEDINIPUR,GEN,4,DR. BIMAL KUMAR RAJ,INC,4
Lok Sabha,2014,UTTAR PRADESH,781,MEERUT,GEN,4,MORARJI NAGMA ARVIND,INC,4
Lok Sabha,2014,UTTAR PRADESH,615,MIRZAPUR,GEN,3,LALITESH PATI TRIPATHI,INC,15
Lok Sabha,2014,UTTAR PRADESH,734,MISRIKH,SC,4,OM PRAKASH,INC,3
Lok Sabha,2014,MIZORAM,589,MIZORAM,ST,1,C. L. RUALA,INC,49
Lok Sabha,2014,UTTAR PRADESH,726,MOHANLALGANJ,SC,4,NARENDRA KUMAR,INC,5
Lok Sabha,2014,UTTAR PRADESH,793,MORADABAD,GEN,5,BEGUM NOOR BANO ALIAS MAHTAB ZAMANI BEGUM,INC,2
Lok Sabha,2014,MADHYA PRADESH,698,MORENA,GEN,3,DR GOVIND SINGH,INC,22
Lok Sabha,2014,MAHARASHTRA,444,MUMBAI NORTH,GEN,2,SANJAY NIRUPAM,INC,23
Lok Sabha,2014,MAHARASHTRA,437,MUMBAI NORTH CENTRAL,GEN,2,DUTT PRIYA SUNIL,INC,35
Lok Sabha,2014,MAHARASHTRA,442,MUMBAI NORTH WEST,GEN,2,KAMAT GURUDAS VASANT,INC,31
Lok Sabha,2014,MAHARASHTRA,434,MUMBAI SOUTH,GEN,2,DEORA MILIND MURLI,INC,32
Lok Sabha,2014,MAHARASHTRA,435,MUMBAI SOUTH CENTRAL,GEN,2,GAIKWAD EKNATH MAHADEO,INC,32
Lok Sabha,2014,WEST BENGAL,585,MURSHIDABAD,GEN,2,ABDUL MANNAN HOSSAIN,INC,32
Lok Sabha,2014,UTTAR PRADESH,791,MUZAFFARNAGAR,GEN,4,PANKAJ AGARWAL,INC,1
Lok Sabha,2014,BIHAR,671,MUZAFFARPUR,GEN,2,AKHILESH PRASAD SINGH,INC,26
Lok Sabha,2014,KARNATAKA,348,MYSORE,GEN,2,ADAGUR H VISHWANATH,INC,41
Lok Sabha,2014,ORISSA,461,NABARANGPUR,ST,2,PRADEEP KUMAR MAJHI,INC,36
Lok Sabha,2014,NAGALAND,714,NAGALAND,GEN,2,K. V. PUSA,INC,30
Lok Sabha,2014,TAMIL NADU,324,NAGAPATTINAM,SC,5,SENTHILPANDIAN. THALAI. T.A.P,INC,3
Lok Sabha,2014,ANDHRA PRADESH,400,NAGARKURNOOL,SC,1,NANDI YELLAIAH,INC,38
Lok Sabha,2014,RAJASTHAN,738,NAGAUR,GEN,2,DR JYOTI MIRDHA,INC,34
Lok Sabha,2014,MAHARASHTRA,480,NAGPUR,GEN,2,MUTTEMWAR VILASRAO BABURAO,INC,28
Lok Sabha,2014,UTTARAKHAND,790,NAINITAL-UDHAMSINGH NAGAR,GEN,2,K.C. SINGH BABA,INC,32
Lok Sabha,2014,BIHAR,624,NALANDA,GEN,3,ASHISH RANJAN SINHA,INC,14
Lok Sabha,2014,ANDHRA PRADESH,405,NALGONDA,GEN,1,GUTHA SUKENDER REDDY,INC,40
Lok Sabha,2014,TAMIL NADU,336,NAMAKKAL,GEN,4,SUBRAMANIYAN G.R,INC,2
Lok Sabha,2014,MAHARASHTRA,448,NANDED,GEN,1,ASHOKRAO SHANKARRAO CHAVAN,INC,49
Lok Sabha,2014,MAHARASHTRA,501,NANDURBAR,ST,2,GAVIT MANIKRAO HODLYA,INC,42
Lok Sabha,2014,ANDHRA PRADESH,386,NANDYAL,GEN,3,B.Y.RAMAIAH,INC,1
Lok Sabha,2014,ANDHRA PRADESH,395,NARASARAOPET,GEN,3,KONDAPALLI VENKATESWARLU,INC,2
Lok Sabha,2014,ANDHRA PRADESH,397,NARSAPURAM,GEN,3,KANUMURI BAPIRAJU S/O. KRISHNAM RAJU,INC,2
Lok Sabha,2014,GUJARAT,481,NAVSARI,GEN,2,MAKSUD MIRZA,INC,23
Lok Sabha,2014,ANDHRA PRADESH,378,NELLORE,GEN,3,VAKATI NARAYANA REDDY,INC,2
Lok Sabha,2014,NATIONAL CAPITAL TERRITORY OF DELHI,766,NEW DELHI,GEN,3,AJAY MAKEN,INC,19
Lok Sabha,2014,TAMIL NADU,337,NILGIRIS,SC,4,"GANDHI, P.",INC,4
Lok Sabha,2014,ANDHRA PRADESH,436,NIZAMABAD,GEN,2,MADHU YASKHI GOUD,INC,26
Lok Sabha,2014,NATIONAL CAPITAL TERRITORY OF DELHI,168,NORTH EAST DELHI,GEN,3,JAI PRAKASH AGARWAL,INC,16
Lok Sabha,2014,GOA,382,NORTH GOA,GEN,2,RAVI NAIK,INC,33
Lok Sabha,2014,NATIONAL CAPITAL TERRITORY OF DELHI,775,NORTH WEST DELHI,SC,3,KRISHNA TIRATH,INC,12
Lok Sabha,2014,ASSAM,679,NOWGONG,GEN,2,JONJONALI BARUAH,INC,29
Lok Sabha,2014,ANDHRA PRADESH,389,ONGOLE,GEN,3,DARISI VEERA VENKATA PAVAN KUMAR @ DARISI PAVANA KUMAR,INC,1
Lok Sabha,2014,MANIPUR,635,OUTER MANIPUR,ST,1,THANGSO BAITE,INC,38
Lok Sabha,2014,RAJASTHAN,705,PALI,GEN,2,MUNNI,INC,29
Lok Sabha,2014,GUJARAT,557,PANCHMAHAL,GEN,2,PARMAR RAMSINH PRABHATSINH,INC,36
Lok Sabha,2014,GUJARAT,584,PATAN,GEN,2,RATHOD BHAVSINHBHAI DAHYABHAI,INC,40
Lok Sabha,2014,KERALA,306,PATHANAMTHITTA,GEN,1,ANTO ANTONY,INC,41
Lok Sabha,2014,PUNJAB,803,PATIALA,GEN,2,PRENEET KAUR,INC,31
Lok Sabha,2014,BIHAR,633,PATNA SAHIB,GEN,2,KUNAL SINGH,INC,25
Lok Sabha,2014,ANDHRA PRADESH,445,PEDDAPALLI,SC,2,DR.GADDAM VIVEKANAND,INC,27
Lok Sabha,2014,TAMIL NADU,333,PERAMBALUR,GEN,4,"RAJASEKARAN, M.,",INC,3
Lok Sabha,2014,UTTAR PRADESH,641,PHULPUR,GEN,4,MOHAMMAD KAIF,INC,6
Lok Sabha,2014,UTTAR PRADESH,776,PILIBHIT,GEN,4,SANJAY KAPOOR,INC,3
Lok Sabha,2014,TAMIL NADU,325,POLLACHI,GEN,4,SELVARAJ,INC,3
Lok Sabha,2014,PUDUCHERRY,120,PONDICHERRY,GEN,2,V. NARAYANASAMY,INC,26
Lok Sabha,2014,UTTAR PRADESH,661,PRATAPGARH,GEN,3,RAJKUMARI RATNA SINGH,INC,15
Lok Sabha,2014,MAHARASHTRA,426,PUNE,GEN,2,DR.VISHWAJEET PATANGRAO KADAM,INC,26
Lok Sabha,2014,ORISSA,463,PURI,GEN,2,SUCHARITA MOHANTY,INC,25
Lok Sabha,2014,BIHAR,654,PURNIA,GEN,3,AMARNATH TIWARI,INC,12
Lok Sabha,2014,WEST BENGAL,565,PURULIA,GEN,3,NEPAL MAHATA,INC,21
Lok Sabha,2014,UTTAR PRADESH,684,RAE BARELI,GEN,1,SONIA GANDHI,INC,64
Lok Sabha,2014,KARNATAKA,396,RAICHUR,ST,1,B.V. NAYAK,INC,46
Lok Sabha,2014,WEST BENGAL,667,RAIGANJ,GEN,2,DEEPA DASMUNSI,INC,29
Lok Sabha,2014,CHHATTISGARH,549,RAIGARH,ST,2,ARTI SINGH,INC,36
Lok Sabha,2014,CHHATTISGARH,498,RAIPUR,GEN,2,SATYA NARAYAN SHARMA (SATTU BHAIYA),INC,39
Lok Sabha,2014,ANDHRA PRADESH,403,RAJAHMUNDRY,GEN,3,KANDULA LAKSHMI DURGESH PRASAD,INC,2
Lok Sabha,2014,ANDHRA PRADESH,370,RAJAMPET,GEN,4,ANNAYYAGARI SAI PRATHAP,INC,3
Lok Sabha,2014,MADHYA PRADESH,594,RAJGARH,GEN,2,NARAYAN SINGH,INC,36
Lok Sabha,2014,GUJARAT,539,RAJKOT,GEN,2,KUVARJIBHAI MOHANBHAI BAVALIYA,INC,36
Lok Sabha,2014,CHHATTISGARH,513,RAJNANDGAON,GEN,2,KAMLESHWAR VERMA,INC,35
Lok Sabha,2014,RAJASTHAN,717,RAJSAMAND,GEN,2,GOPAL SINGH SHEKHAWAT,INC,25
Lok Sabha,2014,TAMIL NADU,314,RAMANATHAPURAM,GEN,4,THIRUNNAVUKKARASAR .SU,INC,6
Lok Sabha,2014,UTTAR PRADESH,783,RAMPUR,GEN,3,NAWAB KAZIM ALI KHAN,INC,16
Lok Sabha,2014,MAHARASHTRA,496,RAMTEK,SC,2,MUKUL WASNIK,INC,33
Lok Sabha,2014,WEST BENGAL,560,RANAGHAT,SC,4,PRATAP KANTI RAY,INC,7
Lok Sabha,2014,JHARKHAND,567,RANCHI,GEN,2,SUBODH KANT SAHAI,INC,24
Lok Sabha,2014,MADHYA PRADESH,561,RATLAM,ST,2,KANTILAL BHURIYA,INC,40
Lok Sabha,2014,MAHARASHTRA,411,RATNAGIRI SINDHUDURG,GEN,2,DR. NILESH NARAYAN RANE,INC,38
Lok Sabha,2014,MADHYA PRADESH,610,REWA,GEN,2,SUNDER LAL TIWARI,INC,26
Lok Sabha,2014,UTTAR PRADESH,613,ROBERTSGANJ,SC,4,BHAGWATI PRASAD CHAUDHARY,INC,10
Lok Sabha,2014,HARYANA,782,ROHTAK,GEN,1,DEEPENDER SINGH,INC,47
Lok Sabha,2014,GUJARAT,587,SABARKANTHA,GEN,2,VAGHELA SHANKERSINH,INC,43
Lok Sabha,2014,MADHYA PRADESH,586,SAGAR,GEN,2,GOVIND SINGH RAJPUT,INC,41
Lok Sabha,2014,UTTAR PRADESH,800,SAHARANPUR,GEN,2,IMRAN MASOOD,INC,34
Lok Sabha,2014,TAMIL NADU,341,SALEM,GEN,4,RANGARAJAN MOHAN KUMARAMANGALAM,INC,4
Lok Sabha,2014,UTTAR PRADESH,676,SALEMPUR,GEN,5,DR. BHOLA PANDEY,INC,5
Lok Sabha,2014,BIHAR,657,SAMASTIPUR,SC,2,DR. ASHOK KUMAR,INC,31
Lok Sabha,2014,ORISSA,507,SAMBALPUR,GEN,3,AMARNATH PRADHAN,INC,25
Lok Sabha,2014,UTTAR PRADESH,777,SAMBHAL,GEN,5,ACHARYA PRAMOD KRISHNAM,INC,2
Lok Sabha,2014,MAHARASHTRA,412,SANGLI,GEN,2,PATIL PRATIK PRAKASHBAPU,INC,36
Lok Sabha,2014,PUNJAB,802,SANGRUR,GEN,3,VIJAY INDER SINGLA,INC,16
Lok Sabha,2014,UTTAR PRADESH,716,SANT KABIR NAGAR,GEN,5,ROHIT KUMAR PANDEY,INC,2
Lok Sabha,2014,BIHAR,619,SASARAM,SC,2,MEIRA KUMAR,INC,36
Lok Sabha,2014,MADHYA PRADESH,609,SATNA,GEN,2,AJAY ARJUN SINGH,INC,40
Lok Sabha,2014,ANDHRA PRADESH,407,SECUNDERABAD,GEN,2,M.ANJAN KUMAR YADAV,INC,18
Lok Sabha,2014,MADHYA PRADESH,578,SHAHDOL,ST,2,RAJES NANDINI SINGH - DALVIR,INC,29
Lok Sabha,2014,UTTAR PRADESH,757,SHAHJAHANPUR,SC,4,CHETRAM,INC,2
Lok Sabha,2014,MEGHALAYA,658,SHILLONG,ST,1,VINCENT H. PALA,INC,34
Lok Sabha,2014,HIMACHAL PRADESH,813,SHIMLA,SC,2,MOHAN LAL BRAKTA,INC,41
Lok Sabha,2014,KARNATAKA,372,SHIMOGA,GEN,2,V.MANJUNATH BHANDARY,INC,22
Lok Sabha,2014,MAHARASHTRA,459,SHIRDI,SC,2,BHAUSAHEB RAJARAM WAKCHAURE,INC,36
Lok Sabha,2014,UTTAR PRADESH,745,SHRAWASTI,GEN,5,VINAY KUMAR PANDEY ALIAS BINNOO,INC,2
Lok Sabha,2014,MADHYA PRADESH,598,SIDHI,GEN,2,INDRAJEET KUMAR,INC,37
Lok Sabha,2014,RAJASTHAN,744,SIKAR,GEN,2,PRATAP SINGH JAT,INC,24
Lok Sabha,2014,SIKKIM,752,SIKKIM,ST,4,AKAR DHOJ LIMBU,INC,2
Lok Sabha,2014,ASSAM,608,SILCHAR,GEN,1,SUSHMITA DEV,INC,42
Lok Sabha,2014,JHARKHAND,536,SINGHBHUM,ST,3,CHITRASEN SINKU,INC,14
Lok Sabha,2014,HARYANA,795,SIRSA,SC,2,ASHOK TANWAR,INC,31
Lok Sabha,2014,UTTAR PRADESH,742,SITAPUR,GEN,4,VAISHALI ALI,INC,3
Lok Sabha,2014,TAMIL NADU,318,SIVAGANGA,GEN,4,KARTI P CHIDAMBARAM,INC,10
Lok Sabha,2014,MAHARASHTRA,417,SOLAPUR,SC,2,SHINDE SUSHILKUMAR SAMBHAJIRAO,INC,39
Lok Sabha,2014,HARYANA,788,SONIPAT,GEN,2,JAGBIR SINGH MALIK,INC,27
Lok Sabha,2014,NATIONAL CAPITAL TERRITORY OF DELHI,764,SOUTH DELHI,GEN,3,RAMESH KUMAR,INC,11
Lok Sabha,2014,GOA,380,SOUTH GOA,GEN,2,ALEIXO REGINALDO LOURENCO,INC,41
Lok Sabha,2014,WEST BENGAL,534,SREERAMPUR,GEN,4,ABDUL MANNAN,INC,7
Lok Sabha,2014,ANDHRA PRADESH,439,SRIKAKULAM,GEN,3,KILLI KRUPA RANI,INC,2
Lok Sabha,2014,TAMIL NADU,356,SRIPERUMBUDUR,GEN,4,ARUL ANBARASU,INC,3
Lok Sabha,2014,UTTAR PRADESH,677,SULTANPUR,GEN,4,AMEETA SINGH,INC,4
Lok Sabha,2014,ORISSA,514,SUNDARGARH,ST,3,HEMANAND BISWAL,INC,27
Lok Sabha,2014,BIHAR,682,SUPAUL,GEN,1,RANJEET RANJAN,INC,34
Lok Sabha,2014,GUJARAT,488,SURAT,GEN,2,DESAI NAISHADHBHAI BHUPATBHAI,INC,20
Lok Sabha,2014,GUJARAT,559,SURENDRANAGAR,GEN,2,KOLI PATEL SOMABHAI GANDALAL,INC,35
Lok Sabha,2014,CHHATTISGARH,579,SURGUJA,ST,2,RAMDEO TIRKEY,INC,37
Lok Sabha,2014,WEST BENGAL,512,TAMLUK,GEN,4,SK ANWAR ALI,INC,2
Lok Sabha,2014,UTTARAKHAND,814,TEHRI GARHWAL,GEN,2,SAKET BAHUGUNA,INC,33
Lok Sabha,2014,TAMIL NADU,307,TENKASI,SC,4,DR.JAYAKUMAR.K.,INC,6
Lok Sabha,2014,ASSAM,715,TEZPUR,GEN,2,BHUPEN KUMAR BORAH,INC,37
Lok Sabha,2014,TAMIL NADU,323,THANJAVUR,GEN,4,KRISHNASAMY VANDAYAR.T,INC,3
Lok Sabha,2014,TAMIL NADU,313,THENI,GEN,4,AAROON RASHEED J.M.,INC,7
Lok Sabha,2014,KERALA,301,THIRUVANANTHAPURAM,GEN,1,DR. SHASHI THAROOR,INC,34
Lok Sabha,2014,TAMIL NADU,305,THOOTHUKKUDI,GEN,4,"SHANMUGAM, A.P.C.V.",INC,7
Lok Sabha,2014,KERALA,319,THRISSUR,GEN,2,DHANAPALAN,INC,38
Lok Sabha,2014,MADHYA PRADESH,630,TIKAMGARH,SC,2,KAMLESH KUMAR,INC,28
Lok Sabha,2014,TAMIL NADU,322,TIRUCHIRAPPALLI,GEN,4,SARUBALA R THONDAIMAN,INC,5
Lok Sabha,2014,TAMIL NADU,303,TIRUNELVELI,GEN,4,RAMASUBBU.S.S,INC,7
Lok Sabha,2014,ANDHRA PRADESH,371,TIRUPATI,SC,3,CHINTA MOHAN,INC,3
Lok Sabha,2014,TAMIL NADU,339,TIRUPPUR,GEN,4,E.V.K.S. ELANGOVAN,INC,5
Lok Sabha,2014,TAMIL NADU,363,TIRUVALLUR,SC,4,JAYAKUMAR. M,INC,4
Lok Sabha,2014,TAMIL NADU,347,TIRUVANNAMALAI,GEN,4,SUBRAMANIYAN A,INC,2
Lok Sabha,2014,RAJASTHAN,692,TONK-SAWAI MADHOPUR,GEN,2,MOHAMMED AZHARUDDIN,INC,40
Lok Sabha,2014,TRIPURA,588,TRIPURA EAST,ST,2,SACHINTRA DEBBARMA,INC,15
Lok Sabha,2014,TRIPURA,580,TRIPURA WEST,GEN,2,ARUNODAY SAHA,INC,16
Lok Sabha,2014,KARNATAKA,368,TUMKUR,GEN,1,S.P. MUDDAHANUMEGOWDA,INC,39
Lok Sabha,2014,MEGHALAYA,655,TURA,ST,2,DARYL WILLIAM CH MOMIN,INC,44
Lok Sabha,2014,RAJASTHAN,607,UDAIPUR,ST,2,RAGHUVIR SINGH,INC,36
Lok Sabha,2014,JAMMU & KASHMIR,824,UDHAMPUR,GEN,2,GHULAM NABI AZAD,INC,41
Lok Sabha,2014,KARNATAKA,367,UDUPI CHIKMAGALUR,GEN,2,JAYAPRAKASH HEGDE,INC,39
Lok Sabha,2014,MADHYA PRADESH,573,UJJAIN,SC,2,PREMCHAND GUDDU,INC,33
Lok Sabha,2014,WEST BENGAL,528,ULUBERIA,GEN,4,ASIT MITRA,INC,6
Lok Sabha,2014,UTTAR PRADESH,713,UNNAO,GEN,4,ANNU TANDON,INC,16
Lok Sabha,2014,KARNATAKA,385,UTTARA KANNADA,GEN,2,DESHPANDE PRASHANTH,INC,41
Lok Sabha,2014,KERALA,340,VADAKARA,GEN,1,MULLAPPALLY RAMACHANDRAN,INC,43
Lok Sabha,2014,GUJARAT,532,VADODARA,GEN,2,MISTRY MADHUSADAN DEVRAM,INC,24
Lok Sabha,2014,BIHAR,735,VALMIKI NAGAR,SC,2,PURNMASI RAM,INC,27
Lok Sabha,2014,GUJARAT,166,VALSAD,ST,2,KISHANBHAI VESTABHAI PATEL,INC,37
Lok Sabha,2014,UTTAR PRADESH,622,VARANASI,GEN,3,AJAY RAI,INC,7
Lok Sabha,2014,TAMIL NADU,355,VELLORE,GEN,4,"VIJAY ELANCHEZIAN, J.",INC,2
Lok Sabha,2014,MADHYA PRADESH,572,VIDISHA,GEN,2,LAKSHMAN SINGH,INC,28
Lok Sabha,2014,ANDHRA PRADESH,401,VIJAYAWADA,GEN,3,AVINASH DEVINENI,INC,3
Lok Sabha,2014,TAMIL NADU,344,VILUPPURAM,SC,4,K.RANI,INC,2
Lok Sabha,2014,TAMIL NADU,310,VIRUDHUNAGAR,GEN,4,MANICKAM TAGORE,INC,4
Lok Sabha,2014,ANDHRA PRADESH,420,VISAKHAPATNAM,GEN,3,BOLISETTI SATYANARAYANA,INC,4
Lok Sabha,2014,ANDHRA PRADESH,431,VIZIANAGARAM,GEN,3,JHANSI LAKSHMI BOTCHA,INC,11
Lok Sabha,2014,ANDHRA PRADESH,424,WARANGAL,SC,2,RAJAIAH SIRICILLA,INC,23
Lok Sabha,2014,MAHARASHTRA,492,WARDHA,GEN,2,MEGHE SAGAR DATTATRAYA,INC,32
Lok Sabha,2014,KERALA,338,WAYANAD,GEN,1,M.I. SHANAVAS,INC,41
Lok Sabha,2014,NATIONAL CAPITAL TERRITORY OF DELHI,767,WEST DELHI,GEN,3,MAHABAL MISHRA,INC,14
Lok Sabha,2014,MAHARASHTRA,472,YAVATMAL-WASHIM,GEN,2,ADV.SHIVAJIRAO SHIVARAMJI MOGHE,INC,37
Lok Sabha,2014,ANDHRA PRADESH,428,ZAHIRABAD,GEN,2,SURESH KUMAR SHETKAR,INC,33
