{"type":"Topology","objects":{"Assam":{"type":"GeometryCollection","bbox":[89.70805964068282,24.162436789154317,96.0259148717989,28.078217026501783],"geometries":[{"type":"Polygon","properties":{"ac":"63","ASSEMBLY_1":"CHAPAGURI (ST)","DISTRICT":"NALBARI","PARLIAMENT":"5","P_NAME":"KOKRAJHAR","STATE_UT":"ASSAM"},"arcs":[[0,1,2,3]]},{"type":"Polygon","properties":{"ac":"42","ASSEMBLY_1":"PATACHARKUCHI","DISTRICT":"NALBARI","PARLIAMENT":"6","P_NAME":"BARPETA","STATE_UT":"ASSAM"},"arcs":[[4,5,6,7]]},{"type":"Polygon","properties":{"ac":"33","ASSEMBLY_1":"BIJNI","DISTRICT":"BONGAIGAON","PARLIAMENT":"5","P_NAME":"KOKRAJHAR","STATE_UT":"ASSAM"},"arcs":[[8,9,10,11]]},{"type":"Polygon","properties":{"ac":"8","ASSEMBLY_1":"ALGAPUR","DISTRICT":"ACHAR","PARLIAMENT":"1","P_NAME":"KARIMGANJ","STATE_UT":"ASSAM"},"arcs":[[12,13,14,15,16]]},{"type":"Polygon","properties":{"ac":"121","ASSEMBLY_1":"CHABUA","DISTRICT":"DIBRUGARH","PARLIAMENT":"14","P_NAME":"LAKHIMPUR","STATE_UT":"ASSAM"},"arcs":[[17,18,19,20,21]]},{"type":"Polygon","properties":{"ac":"31","ASSEMBLY_1":"SIDLI (ST)","DISTRICT":"BONGAIGAON","PARLIAMENT":"5","P_NAME":"KOKRAJHAR","STATE_UT":"ASSAM"},"arcs":[[22,23,24,25,26]]},{"type":"Polygon","properties":{"ac":"126","ASSEMBLY_1":"SADIYA","DISTRICT":"TINSUKIA","PARLIAMENT":"14","P_NAME":"LAKHIMPUR","STATE_UT":"ASSAM"},"arcs":[[27,28,29,30,31]]},{"type":"Polygon","properties":{"ac":"125","ASSEMBLY_1":"DOOM DOOMA","DISTRICT":"TINSUKIA","PARLIAMENT":"14","P_NAME":"LAKHIMPUR","STATE_UT":"ASSAM"},"arcs":[[32,33,-30,34,35]]},{"type":"Polygon","properties":{"ac":"124","ASSEMBLY_1":"MARGHERITA","DISTRICT":"TINSUKIA","PARLIAMENT":"13","P_NAME":"DIBRUGARH","STATE_UT":"ASSAM"},"arcs":[[36,37,-35,-29]]},{"type":"Polygon","properties":{"ac":"123","ASSEMBLY_1":"DIGBOI","DISTRICT":"TINSUKIA","PARLIAMENT":"13","P_NAME":"DIBRUGARH","STATE_UT":"ASSAM"},"arcs":[[38,39,40,-36,-38]]},{"type":"Polygon","properties":{"ac":"122","ASSEMBLY_1":"TINSUKIA","DISTRICT":"TINSUKIA","PARLIAMENT":"13","P_NAME":"DIBRUGARH","STATE_UT":"ASSAM"},"arcs":[[-41,41,42,43,-33]]},{"type":"Polygon","properties":{"ac":"121","ASSEMBLY_1":"CHABUA","DISTRICT":"TINSUKIA","PARLIAMENT":"14","P_NAME":"LAKHIMPUR","STATE_UT":"ASSAM"},"arcs":[[44,-31,-34,-44,-22]]},{"type":"Polygon","properties":{"ac":"120","ASSEMBLY_1":"NAHARKATIA","DISTRICT":"DIBRUGARH","PARLIAMENT":"13","P_NAME":"DIBRUGARH","STATE_UT":"ASSAM"},"arcs":[[45,-42,-40,46,47,48]]},{"type":"Polygon","properties":{"ac":"119","ASSEMBLY_1":"TINGKHONG","DISTRICT":"DIBRUGARH","PARLIAMENT":"13","P_NAME":"DIBRUGARH","STATE_UT":"ASSAM"},"arcs":[[-49,49,50,51,52,53]]},{"type":"Polygon","properties":{"ac":"118","ASSEMBLY_1":"DULIAJAN","DISTRICT":"DIBRUGARH","PARLIAMENT":"13","P_NAME":"DIBRUGARH","STATE_UT":"ASSAM"},"arcs":[[-54,54,-18,-43,-46]]},{"type":"Polygon","properties":{"ac":"117","ASSEMBLY_1":"LAHOWAL","DISTRICT":"DIBRUGARH","PARLIAMENT":"13","P_NAME":"DIBRUGARH","STATE_UT":"ASSAM"},"arcs":[[-53,55,56,-19,-55]]},{"type":"Polygon","properties":{"ac":"116","ASSEMBLY_1":"DIBRUGARH","DISTRICT":"DIBRUGARH","PARLIAMENT":"13","P_NAME":"DIBRUGARH","STATE_UT":"ASSAM"},"arcs":[[-57,57,58,-20]]},{"type":"Polygon","properties":{"ac":"115","ASSEMBLY_1":"MORAN","DISTRICT":"DIBRUGARH","PARLIAMENT":"13","P_NAME":"DIBRUGARH","STATE_UT":"ASSAM"},"arcs":[[59,60,61,62,-58,-56,-52,63,64]]},{"type":"Polygon","properties":{"ac":"114","ASSEMBLY_1":"JONAI (ST)","DISTRICT":"DHEMAJI","PARLIAMENT":"14","P_NAME":"LAKHIMPUR","STATE_UT":"ASSAM"},"arcs":[[-45,-21,-59,-63,65,66,-32]]},{"type":"Polygon","properties":{"ac":"113","ASSEMBLY_1":"DHEMAJI (ST)","DISTRICT":"DHEMAJI","PARLIAMENT":"14","P_NAME":"LAKHIMPUR","STATE_UT":"ASSAM"},"arcs":[[-66,-62,67,68,69]]},{"type":"Polygon","properties":{"ac":"112","ASSEMBLY_1":"DHAKUAKHANA (ST)","DISTRICT":"DHEMAJI","PARLIAMENT":"14","P_NAME":"LAKHIMPUR","STATE_UT":"ASSAM"},"arcs":[[70,71,-68,-61]]},{"type":"Polygon","properties":{"ac":"111","ASSEMBLY_1":"LAKHIMPUR","DISTRICT":"LAKHIMPUR","PARLIAMENT":"14","P_NAME":"LAKHIMPUR","STATE_UT":"ASSAM"},"arcs":[[72,73,74,75,-69,-72]]},{"type":"Polygon","properties":{"ac":"110","ASSEMBLY_1":"NAOBOICHA","DISTRICT":"LAKHIMPUR","PARLIAMENT":"14","P_NAME":"LAKHIMPUR","STATE_UT":"ASSAM"},"arcs":[[76,-75,77]]},{"type":"Polygon","properties":{"ac":"109","ASSEMBLY_1":"BIHPURIA","DISTRICT":"LAKHIMPUR","PARLIAMENT":"9","P_NAME":"TEZPUR","STATE_UT":"ASSAM"},"arcs":[[78,79,-78,-74,80,81]]},{"type":"Polygon","properties":{"ac":"108","ASSEMBLY_1":"SIBSAGAR","DISTRICT":"SIBSAGAR","PARLIAMENT":"12","P_NAME":"JORHAT","STATE_UT":"ASSAM"},"arcs":[[82,83,84,85,86]]},{"type":"Polygon","properties":{"ac":"107","ASSEMBLY_1":"THOWRA","DISTRICT":"SIBSAGAR","PARLIAMENT":"12","P_NAME":"JORHAT","STATE_UT":"ASSAM"},"arcs":[[-65,87,-85,88]]},{"type":"Polygon","properties":{"ac":"106","ASSEMBLY_1":"SONARI","DISTRICT":"SIBSAGAR","PARLIAMENT":"12","P_NAME":"JORHAT","STATE_UT":"ASSAM"},"arcs":[[89,90,-50,-48,91]]},{"type":"Polygon","properties":{"ac":"105","ASSEMBLY_1":"MAHMARA","DISTRICT":"SIBSAGAR","PARLIAMENT":"12","P_NAME":"JORHAT","STATE_UT":"ASSAM"},"arcs":[[92,-86,-88,-64,-51,-91]]},{"type":"Polygon","properties":{"ac":"104","ASSEMBLY_1":"NAZIRA","DISTRICT":"SIBSAGAR","PARLIAMENT":"12","P_NAME":"JORHAT","STATE_UT":"ASSAM"},"arcs":[[93,94,-87,-93,-90]]},{"type":"Polygon","properties":{"ac":"103","ASSEMBLY_1":"AMGURI","DISTRICT":"SIBSAGAR","PARLIAMENT":"12","P_NAME":"JORHAT","STATE_UT":"ASSAM"},"arcs":[[-95,95,96,97,98,-83]]},{"type":"Polygon","properties":{"ac":"102","ASSEMBLY_1":"TEOK","DISTRICT":"JORHAT","PARLIAMENT":"12","P_NAME":"JORHAT","STATE_UT":"ASSAM"},"arcs":[[99,-98,100,101]]},{"type":"Polygon","properties":{"ac":"101","ASSEMBLY_1":"MARIANI","DISTRICT":"JORHAT","PARLIAMENT":"12","P_NAME":"JORHAT","STATE_UT":"ASSAM"},"arcs":[[102,103,-101,-97,104]]},{"type":"Polygon","properties":{"ac":"100","ASSEMBLY_1":"TITABAR","DISTRICT":"JORHAT","PARLIAMENT":"12","P_NAME":"JORHAT","STATE_UT":"ASSAM"},"arcs":[[105,106,107,108,109,-103]]},{"type":"Polygon","properties":{"ac":"99","ASSEMBLY_1":"MAJULI (ST)","DISTRICT":"JORHAT","PARLIAMENT":"14","P_NAME":"LAKHIMPUR","STATE_UT":"ASSAM"},"arcs":[[-89,-84,-99,-100,110,111,112,-81,-73,-71,-60]]},{"type":"Polygon","properties":{"ac":"98","ASSEMBLY_1":"JORHAT","DISTRICT":"JORHAT","PARLIAMENT":"12","P_NAME":"JORHAT","STATE_UT":"ASSAM"},"arcs":[[-104,-110,113,-111,-102]]},{"type":"Polygon","properties":{"ac":"97","ASSEMBLY_1":"DERGAON (SC)","DISTRICT":"JORHAT","PARLIAMENT":"11","P_NAME":"KALIABOR","STATE_UT":"ASSAM"},"arcs":[[-109,114,-112,-114]]},{"type":"Polygon","properties":{"ac":"96","ASSEMBLY_1":"KHUMTAI","DISTRICT":"GOLAGHAT","PARLIAMENT":"11","P_NAME":"KALIABOR","STATE_UT":"ASSAM"},"arcs":[[115,116,117,-115,-108,118]]},{"type":"Polygon","properties":{"ac":"95","ASSEMBLY_1":"GOLAGHAT","DISTRICT":"GOLAGHAT","PARLIAMENT":"11","P_NAME":"KALIABOR","STATE_UT":"ASSAM"},"arcs":[[119,-119,-107,120]]},{"type":"Polygon","properties":{"ac":"94","ASSEMBLY_1":"SARUPATHAR","DISTRICT":"GOLAGHAT","PARLIAMENT":"11","P_NAME":"KALIABOR","STATE_UT":"ASSAM"},"arcs":[[121,122,-116,-120]]},{"type":"Polygon","properties":{"ac":"93","ASSEMBLY_1":"BOKAKHAT","DISTRICT":"GOLAGHAT","PARLIAMENT":"11","P_NAME":"KALIABOR","STATE_UT":"ASSAM"},"arcs":[[123,124,125,-82,-113,-118,126]]},{"type":"Polygon","properties":{"ac":"92","ASSEMBLY_1":"LUMDING","DISTRICT":"NAGAON","PARLIAMENT":"10","P_NAME":"NOWGONG","STATE_UT":"ASSAM"},"arcs":[[127,128,129,130,131]]},{"type":"Polygon","properties":{"ac":"91","ASSEMBLY_1":"HOJAI","DISTRICT":"NAGAON","PARLIAMENT":"10","P_NAME":"NOWGONG","STATE_UT":"ASSAM"},"arcs":[[-132,132,133,134]]},{"type":"Polygon","properties":{"ac":"90","ASSEMBLY_1":"JAMUNAMUKH","DISTRICT":"NAGAON","PARLIAMENT":"10","P_NAME":"NOWGONG","STATE_UT":"ASSAM"},"arcs":[[135,136,137,-128,-135,138]]},{"type":"Polygon","properties":{"ac":"89","ASSEMBLY_1":"KALIABOR","DISTRICT":"NAGAON","PARLIAMENT":"9","P_NAME":"TEZPUR","STATE_UT":"ASSAM"},"arcs":[[139,140,141,142,143,144,-124]]},{"type":"Polygon","properties":{"ac":"88","ASSEMBLY_1":"SAMAGURI","DISTRICT":"NAGAON","PARLIAMENT":"9","P_NAME":"TEZPUR","STATE_UT":"ASSAM"},"arcs":[[145,146,-142,147,148]]},{"type":"Polygon","properties":{"ac":"87","ASSEMBLY_1":"BARHAMPUR","DISTRICT":"NAGAON","PARLIAMENT":"10","P_NAME":"NOWGONG","STATE_UT":"ASSAM"},"arcs":[[149,150,151,-149,152,-136]]},{"type":"Polygon","properties":{"ac":"86","ASSEMBLY_1":"NOWGONG","DISTRICT":"NAGAON","PARLIAMENT":"10","P_NAME":"NOWGONG","STATE_UT":"ASSAM"},"arcs":[[153,154,155,-151]]},{"type":"Polygon","properties":{"ac":"85","ASSEMBLY_1":"RUPOHIHAT","DISTRICT":"NAGAON","PARLIAMENT":"9","P_NAME":"TEZPUR","STATE_UT":"ASSAM"},"arcs":[[156,157,158,-146,-152,-156]]},{"type":"Polygon","properties":{"ac":"84","ASSEMBLY_1":"BATADROBA","DISTRICT":"NAGAON","PARLIAMENT":"9","P_NAME":"TEZPUR","STATE_UT":"ASSAM"},"arcs":[[159,160,161,-157,-155]]},{"type":"Polygon","properties":{"ac":"83","ASSEMBLY_1":"DHING","DISTRICT":"NAGAON","PARLIAMENT":"9","P_NAME":"TEZPUR","STATE_UT":"ASSAM"},"arcs":[[-162,162,163,-158]]},{"type":"Polygon","properties":{"ac":"82","ASSEMBLY_1":"RAHA (SC)","DISTRICT":"NAGAON","PARLIAMENT":"10","P_NAME":"NOWGONG","STATE_UT":"ASSAM"},"arcs":[[164,165,-160,-154,-150,-139,-134,166]]},{"type":"Polygon","properties":{"ac":"81","ASSEMBLY_1":"LAHARIGHAT","DISTRICT":"MARIGAON","PARLIAMENT":"10","P_NAME":"NOWGONG","STATE_UT":"ASSAM"},"arcs":[[167,-163,168,169,170,171]]},{"type":"Polygon","properties":{"ac":"80","ASSEMBLY_1":"MARIGAON","DISTRICT":"MARIGAON","PARLIAMENT":"10","P_NAME":"NOWGONG","STATE_UT":"ASSAM"},"arcs":[[-169,-161,-166,172]]},{"type":"Polygon","properties":{"ac":"79","ASSEMBLY_1":"JAGIROAD (SC)","DISTRICT":"MARIGAON","PARLIAMENT":"10","P_NAME":"NOWGONG","STATE_UT":"ASSAM"},"arcs":[[173,174,175,176,177,-170,-173,-165]]},{"type":"Polygon","properties":{"ac":"78","ASSEMBLY_1":"GOHPUR","DISTRICT":"SONITPUR","PARLIAMENT":"9","P_NAME":"TEZPUR","STATE_UT":"ASSAM"},"arcs":[[-79,-126,178,179]]},{"type":"Polygon","properties":{"ac":"77","ASSEMBLY_1":"BEHALI","DISTRICT":"SONITPUR","PARLIAMENT":"9","P_NAME":"TEZPUR","STATE_UT":"ASSAM"},"arcs":[[-145,180,181,182,-179,-125]]},{"type":"Polygon","properties":{"ac":"76","ASSEMBLY_1":"BISWANATH","DISTRICT":"SONITPUR","PARLIAMENT":"9","P_NAME":"TEZPUR","STATE_UT":"ASSAM"},"arcs":[[-181,-144,183,184]]},{"type":"Polygon","properties":{"ac":"75","ASSEMBLY_1":"SOOTEA","DISTRICT":"SONITPUR","PARLIAMENT":"9","P_NAME":"TEZPUR","STATE_UT":"ASSAM"},"arcs":[[-185,185,186,187,-182]]},{"type":"Polygon","properties":{"ac":"74","ASSEMBLY_1":"RANGAPARA","DISTRICT":"SONITPUR","PARLIAMENT":"9","P_NAME":"TEZPUR","STATE_UT":"ASSAM"},"arcs":[[188,189,190,191,-187]]},{"type":"Polygon","properties":{"ac":"73","ASSEMBLY_1":"TEZPUR","DISTRICT":"SONITPUR","PARLIAMENT":"9","P_NAME":"TEZPUR","STATE_UT":"ASSAM"},"arcs":[[-189,-186,-184,-143,-147,-159,192]]},{"type":"Polygon","properties":{"ac":"72","ASSEMBLY_1":"BARCHALLA","DISTRICT":"SONITPUR","PARLIAMENT":"9","P_NAME":"TEZPUR","STATE_UT":"ASSAM"},"arcs":[[-193,-164,-168,193,194,195,-190]]},{"type":"Polygon","properties":{"ac":"71","ASSEMBLY_1":"DHEKIAJULI","DISTRICT":"SONITPUR","PARLIAMENT":"9","P_NAME":"TEZPUR","STATE_UT":"ASSAM"},"arcs":[[-191,-196,196,197]]},{"type":"Polygon","properties":{"ac":"70","ASSEMBLY_1":"MAJBAT","DISTRICT":"DARRANG","PARLIAMENT":"8","P_NAME":"MANGALDOI","STATE_UT":"ASSAM"},"arcs":[[198,-197,-195,199,200,201]]},{"type":"Polygon","properties":{"ac":"69","ASSEMBLY_1":"UDALGURI (ST)","DISTRICT":"DARRANG","PARLIAMENT":"8","P_NAME":"MANGALDOI","STATE_UT":"ASSAM"},"arcs":[[202,203,204,-202]]},{"type":"Polygon","properties":{"ac":"68","ASSEMBLY_1":"DALGAON","DISTRICT":"DARRANG","PARLIAMENT":"8","P_NAME":"MANGALDOI","STATE_UT":"ASSAM"},"arcs":[[205,206,-200,-194,-172]]},{"type":"Polygon","properties":{"ac":"67","ASSEMBLY_1":"MANGALDOI (SC)","DISTRICT":"DARRANG","PARLIAMENT":"8","P_NAME":"MANGALDOI","STATE_UT":"ASSAM"},"arcs":[[-206,-171,-178,207,208]]},{"type":"Polygon","properties":{"ac":"66","ASSEMBLY_1":"SIPAJHAR","DISTRICT":"DARRANG","PARLIAMENT":"8","P_NAME":"MANGALDOI","STATE_UT":"ASSAM"},"arcs":[[-208,-177,209,210,211,212,213]]},{"type":"Polygon","properties":{"ac":"65","ASSEMBLY_1":"KALAIGAON","DISTRICT":"DARRANG","PARLIAMENT":"8","P_NAME":"MANGALDOI","STATE_UT":"ASSAM"},"arcs":[[-203,-201,-207,-209,-214,214,215]]},{"type":"Polygon","properties":{"ac":"64","ASSEMBLY_1":"PANERY","DISTRICT":"DARRANG","PARLIAMENT":"8","P_NAME":"MANGALDOI","STATE_UT":"ASSAM"},"arcs":[[-216,216,217,218,-204]]},{"type":"Polygon","properties":{"ac":"63","ASSEMBLY_1":"CHAPAGURI (ST)","DISTRICT":"BARPETA","PARLIAMENT":"5","P_NAME":"KOKRAJHAR","STATE_UT":"ASSAM"},"arcs":[[-2,219,220,221]]},{"type":"Polygon","properties":{"ac":"62","ASSEMBLY_1":"BARAMA (ST)","DISTRICT":"NALBARI","PARLIAMENT":"5","P_NAME":"KOKRAJHAR","STATE_UT":"ASSAM"},"arcs":[[-8,222,-4,223,224,225,226]]},{"type":"Polygon","properties":{"ac":"61","ASSEMBLY_1":"DHARMAPUR","DISTRICT":"NALBARI","PARLIAMENT":"6","P_NAME":"BARPETA","STATE_UT":"ASSAM"},"arcs":[[-227,227,228,229,-5]]},{"type":"Polygon","properties":{"ac":"60","ASSEMBLY_1":"BARKHETRY","DISTRICT":"NALBARI","PARLIAMENT":"7","P_NAME":"GAUHATI","STATE_UT":"ASSAM"},"arcs":[[230,231,232,233,234,235,-229]]},{"type":"Polygon","properties":{"ac":"59","ASSEMBLY_1":"NALBARI","DISTRICT":"NALBARI","PARLIAMENT":"8","P_NAME":"MANGALDOI","STATE_UT":"ASSAM"},"arcs":[[-228,-226,236,237,-231]]},{"type":"Polygon","properties":{"ac":"58","ASSEMBLY_1":"TAMULPUR","DISTRICT":"NALBARI","PARLIAMENT":"5","P_NAME":"KOKRAJHAR","STATE_UT":"ASSAM"},"arcs":[[-218,238,239,-237,-225,240]]},{"type":"Polygon","properties":{"ac":"57","ASSEMBLY_1":"RANGIYA","DISTRICT":"KAMRUP","PARLIAMENT":"8","P_NAME":"MANGALDOI","STATE_UT":"ASSAM"},"arcs":[[241,-238,-240,242]]},{"type":"Polygon","properties":{"ac":"56","ASSEMBLY_1":"KAMALPUR","DISTRICT":"KAMRUP","PARLIAMENT":"8","P_NAME":"MANGALDOI","STATE_UT":"ASSAM"},"arcs":[[-243,-239,-217,-215,-213,243,244]]},{"type":"Polygon","properties":{"ac":"55","ASSEMBLY_1":"HAJO","DISTRICT":"KAMRUP","PARLIAMENT":"7","P_NAME":"GAUHATI","STATE_UT":"ASSAM"},"arcs":[[245,-232,-242,-245,246,247]]},{"type":"Polygon","properties":{"ac":"54","ASSEMBLY_1":"GAUHATI WEST","DISTRICT":"KAMRUP","PARLIAMENT":"7","P_NAME":"GAUHATI","STATE_UT":"ASSAM"},"arcs":[[248,249,-248,250,251,252]]},{"type":"Polygon","properties":{"ac":"53","ASSEMBLY_1":"GAUHATI EAST","DISTRICT":"KAMRUP","PARLIAMENT":"7","P_NAME":"GAUHATI","STATE_UT":"ASSAM"},"arcs":[[-252,253,-211,254]]},{"type":"Polygon","properties":{"ac":"52","ASSEMBLY_1":"DISPUR","DISTRICT":"KAMRUP","PARLIAMENT":"7","P_NAME":"GAUHATI","STATE_UT":"ASSAM"},"arcs":[[-176,255,-253,-255,-210]]},{"type":"Polygon","properties":{"ac":"51","ASSEMBLY_1":"JALUKBARI","DISTRICT":"KAMRUP","PARLIAMENT":"7","P_NAME":"GAUHATI","STATE_UT":"ASSAM"},"arcs":[[-251,-247,-244,-212,-254]]},{"type":"Polygon","properties":{"ac":"50","ASSEMBLY_1":"PALASBARI","DISTRICT":"KAMRUP","PARLIAMENT":"7","P_NAME":"GAUHATI","STATE_UT":"ASSAM"},"arcs":[[-250,256,257,-233,-246]]},{"type":"Polygon","properties":{"ac":"49","ASSEMBLY_1":"CHAYGAON","DISTRICT":"KAMRUP","PARLIAMENT":"7","P_NAME":"GAUHATI","STATE_UT":"ASSAM"},"arcs":[[-234,-258,258,259,260]]},{"type":"Polygon","properties":{"ac":"48","ASSEMBLY_1":"BOKO (SC)","DISTRICT":"KAMRUP","PARLIAMENT":"7","P_NAME":"GAUHATI","STATE_UT":"ASSAM"},"arcs":[[261,262,263,-260,264]]},{"type":"Polygon","properties":{"ac":"47","ASSEMBLY_1":"CHENGA","DISTRICT":"BARPETA","PARLIAMENT":"6","P_NAME":"BARPETA","STATE_UT":"ASSAM"},"arcs":[[265,-235,-261,-264,266,267]]},{"type":"Polygon","properties":{"ac":"46","ASSEMBLY_1":"SARUKHETRI","DISTRICT":"BARPETA","PARLIAMENT":"6","P_NAME":"BARPETA","STATE_UT":"ASSAM"},"arcs":[[268,269,270,-6,-230,-236,-266]]},{"type":"Polygon","properties":{"ac":"45","ASSEMBLY_1":"BAGHBAR","DISTRICT":"BARPETA","PARLIAMENT":"6","P_NAME":"BARPETA","STATE_UT":"ASSAM"},"arcs":[[271,272,273,-267,-263,274,275]]},{"type":"Polygon","properties":{"ac":"44","ASSEMBLY_1":"JANIA","DISTRICT":"BARPETA","PARLIAMENT":"6","P_NAME":"BARPETA","STATE_UT":"ASSAM"},"arcs":[[276,-273,277,278,279]]},{"type":"Polygon","properties":{"ac":"43","ASSEMBLY_1":"BARPETA","DISTRICT":"BARPETA","PARLIAMENT":"6","P_NAME":"BARPETA","STATE_UT":"ASSAM"},"arcs":[[-269,-268,-274,-277,280,281]]},{"type":"Polygon","properties":{"ac":"42","ASSEMBLY_1":"PATACHARKUCHI","DISTRICT":"BARPETA","PARLIAMENT":"6","P_NAME":"BARPETA","STATE_UT":"ASSAM"},"arcs":[[-220,-1,-223,-7,-271,282]]},{"type":"Polygon","properties":{"ac":"41","ASSEMBLY_1":"BHABANIPUR","DISTRICT":"BARPETA","PARLIAMENT":"5","P_NAME":"KOKRAJHAR","STATE_UT":"ASSAM"},"arcs":[[-283,-270,-282,283,284,-221]]},{"type":"Polygon","properties":{"ac":"40","ASSEMBLY_1":"SORBHOG","DISTRICT":"BARPETA","PARLIAMENT":"5","P_NAME":"KOKRAJHAR","STATE_UT":"ASSAM"},"arcs":[[285,-11,286,287,-284,-281,-280]]},{"type":"Polygon","properties":{"ac":"39","ASSEMBLY_1":"JALESWAR","DISTRICT":"GOALPARA","PARLIAMENT":"4","P_NAME":"DHUBRI","STATE_UT":"ASSAM"},"arcs":[[288,289,290,291,292]]},{"type":"Polygon","properties":{"ac":"38","ASSEMBLY_1":"GOALPARA WEST","DISTRICT":"GOALPARA","PARLIAMENT":"4","P_NAME":"DHUBRI","STATE_UT":"ASSAM"},"arcs":[[293,294,295,296,-293]]},{"type":"Polygon","properties":{"ac":"37","ASSEMBLY_1":"GOALPARA EAST","DISTRICT":"GOALPARA","PARLIAMENT":"4","P_NAME":"DHUBRI","STATE_UT":"ASSAM"},"arcs":[[-276,297,298,-296,299]]},{"type":"Polygon","properties":{"ac":"36","ASSEMBLY_1":"DUDHNAI (ST)","DISTRICT":"GOALPARA","PARLIAMENT":"7","P_NAME":"GAUHATI","STATE_UT":"ASSAM"},"arcs":[[-275,-262,300,-298]]},{"type":"Polygon","properties":{"ac":"35","ASSEMBLY_1":"ABHAYAPURI SOUTH (SC)","DISTRICT":"BONGAIGAON","PARLIAMENT":"6","P_NAME":"BARPETA","STATE_UT":"ASSAM"},"arcs":[[-300,-295,301,302,303,-278,-272]]},{"type":"Polygon","properties":{"ac":"34","ASSEMBLY_1":"ABHAYAPURI NORTH","DISTRICT":"BONGAIGAON","PARLIAMENT":"6","P_NAME":"BARPETA","STATE_UT":"ASSAM"},"arcs":[[-286,-279,-304,304,-12]]},{"type":"Polygon","properties":{"ac":"33","ASSEMBLY_1":"BIJNI","DISTRICT":"KOKRAJHAR","PARLIAMENT":"5","P_NAME":"KOKRAJHAR","STATE_UT":"ASSAM"},"arcs":[[-287,-10,305,306]]},{"type":"Polygon","properties":{"ac":"32","ASSEMBLY_1":"BONGAIGAON","DISTRICT":"BONGAIGAON","PARLIAMENT":"6","P_NAME":"BARPETA","STATE_UT":"ASSAM"},"arcs":[[-303,307,-26,308,-9,-305]]},{"type":"Polygon","properties":{"ac":"30","ASSEMBLY_1":"KOKRAJHAR EAST (ST)","DISTRICT":"KOKRAJHAR","PARLIAMENT":"5","P_NAME":"KOKRAJHAR","STATE_UT":"ASSAM"},"arcs":[[309,310,311,312,-24,313,314]]},{"type":"Polygon","properties":{"ac":"29","ASSEMBLY_1":"KOKRAJHAR WEST (ST)","DISTRICT":"KOKRAJHAR","PARLIAMENT":"5","P_NAME":"KOKRAJHAR","STATE_UT":"ASSAM"},"arcs":[[-310,315,316,317,318]]},{"type":"Polygon","properties":{"ac":"28","ASSEMBLY_1":"GOSSAIGAON","DISTRICT":"KOKRAJHAR","PARLIAMENT":"5","P_NAME":"KOKRAJHAR","STATE_UT":"ASSAM"},"arcs":[[319,-311,-319,320,321]]},{"type":"Polygon","properties":{"ac":"27","ASSEMBLY_1":"BILASIPARA EAST","DISTRICT":"DHUBRI","PARLIAMENT":"4","P_NAME":"DHUBRI","STATE_UT":"ASSAM"},"arcs":[[-294,-292,322,-316,-315,323,-27,-308,-302]]},{"type":"Polygon","properties":{"ac":"26","ASSEMBLY_1":"BILASIPARA WEST","DISTRICT":"DHUBRI","PARLIAMENT":"4","P_NAME":"DHUBRI","STATE_UT":"ASSAM"},"arcs":[[-291,324,325,-317,-323]]},{"type":"Polygon","properties":{"ac":"25","ASSEMBLY_1":"GOLAKGANJ","DISTRICT":"DHUBRI","PARLIAMENT":"4","P_NAME":"DHUBRI","STATE_UT":"ASSAM"},"arcs":[[326,-322,327]]},{"type":"Polygon","properties":{"ac":"24","ASSEMBLY_1":"GAURIPUR","DISTRICT":"DHUBRI","PARLIAMENT":"4","P_NAME":"DHUBRI","STATE_UT":"ASSAM"},"arcs":[[328,329,-328,-321,-318,-326,330]]},{"type":"Polygon","properties":{"ac":"23","ASSEMBLY_1":"DHUBRI","DISTRICT":"DHUBRI","PARLIAMENT":"4","P_NAME":"DHUBRI","STATE_UT":"ASSAM"},"arcs":[[331,332,-329]]},{"type":"Polygon","properties":{"ac":"22","ASSEMBLY_1":"SALMARA SOUTH","DISTRICT":"DHUBRI","PARLIAMENT":"4","P_NAME":"DHUBRI","STATE_UT":"ASSAM"},"arcs":[[-331,-325,-290,333,334,335,-332]]},{"type":"Polygon","properties":{"ac":"21","ASSEMBLY_1":"MANKACHAR","DISTRICT":"DHUBRI","PARLIAMENT":"4","P_NAME":"DHUBRI","STATE_UT":"ASSAM"},"arcs":[[336,-335]]},{"type":"Polygon","properties":{"ac":"20","ASSEMBLY_1":"BAITHALANGSO (ST)","DISTRICT":"KARBI ANGLONG","PARLIAMENT":"3","P_NAME":"AUTONOMOUS DISTRICT","STATE_UT":"ASSAM"},"arcs":[[337,-174,-167,-133,-131,338]]},{"type":"Polygon","properties":{"ac":"19","ASSEMBLY_1":"DIPHU (ST)","DISTRICT":"KARBI ANGLONG","PARLIAMENT":"3","P_NAME":"AUTONOMOUS DISTRICT","STATE_UT":"ASSAM"},"arcs":[[339,340,341,-129,-138,342]]},{"type":"Polygon","properties":{"ac":"18","ASSEMBLY_1":"HOWRAGHAT (ST)","DISTRICT":"KARBI ANGLONG","PARLIAMENT":"3","P_NAME":"AUTONOMOUS DISTRICT","STATE_UT":"ASSAM"},"arcs":[[-343,-137,-153,-148,-141,343]]},{"type":"Polygon","properties":{"ac":"17","ASSEMBLY_1":"BOKAJAN (ST)","DISTRICT":"KARBI ANGLONG","PARLIAMENT":"3","P_NAME":"AUTONOMOUS DISTRICT","STATE_UT":"ASSAM"},"arcs":[[-127,-117,-123,344,-340,-344,-140]]},{"type":"Polygon","properties":{"ac":"16","ASSEMBLY_1":"HAFLONG (ST)","DISTRICT":"NORTH CACHAR HILLS","PARLIAMENT":"3","P_NAME":"AUTONOMOUS DISTRICT","STATE_UT":"ASSAM"},"arcs":[[-342,345,346,347,348,349,350,-339,-130]]},{"type":"Polygon","properties":{"ac":"15","ASSEMBLY_1":"KATIGORA","DISTRICT":"ACHAR","PARLIAMENT":"2","P_NAME":"SILCHAR","STATE_UT":"ASSAM"},"arcs":[[351,-350,352,353,354]]},{"type":"Polygon","properties":{"ac":"14","ASSEMBLY_1":"BARKHOLA","DISTRICT":"ACHAR","PARLIAMENT":"2","P_NAME":"SILCHAR","STATE_UT":"ASSAM"},"arcs":[[-15,355,-353,-349,356,357]]},{"type":"Polygon","properties":{"ac":"13","ASSEMBLY_1":"LAKHIPUR","DISTRICT":"ACHAR","PARLIAMENT":"2","P_NAME":"SILCHAR","STATE_UT":"ASSAM"},"arcs":[[358,-347,359,360,361]]},{"type":"Polygon","properties":{"ac":"12","ASSEMBLY_1":"UDHARBOND","DISTRICT":"ACHAR","PARLIAMENT":"2","P_NAME":"SILCHAR","STATE_UT":"ASSAM"},"arcs":[[362,-357,-348,-359]]},{"type":"Polygon","properties":{"ac":"11","ASSEMBLY_1":"DHOLAI (SC)","DISTRICT":"ACHAR","PARLIAMENT":"2","P_NAME":"SILCHAR","STATE_UT":"ASSAM"},"arcs":[[363,364,365,366,-13,367,-361]]},{"type":"Polygon","properties":{"ac":"10","ASSEMBLY_1":"SONAI","DISTRICT":"ACHAR","PARLIAMENT":"2","P_NAME":"SILCHAR","STATE_UT":"ASSAM"},"arcs":[[-362,-368,-17,368]]},{"type":"Polygon","properties":{"ac":"9","ASSEMBLY_1":"SILCHAR","DISTRICT":"ACHAR","PARLIAMENT":"2","P_NAME":"SILCHAR","STATE_UT":"ASSAM"},"arcs":[[-369,-16,-358,-363]]},{"type":"Polygon","properties":{"ac":"8","ASSEMBLY_1":"ALGAPUR","DISTRICT":"HAILAKANDI","PARLIAMENT":"1","P_NAME":"KARIMGANJ","STATE_UT":"ASSAM"},"arcs":[[369,370,-354,-356,-14,-367,371]]},{"type":"Polygon","properties":{"ac":"7","ASSEMBLY_1":"KATLICHERA","DISTRICT":"HAILAKANDI","PARLIAMENT":"1","P_NAME":"KARIMGANJ","STATE_UT":"ASSAM"},"arcs":[[372,-365,373,374]]},{"type":"Polygon","properties":{"ac":"6","ASSEMBLY_1":"HAILAKANDI","DISTRICT":"HAILAKANDI","PARLIAMENT":"1","P_NAME":"KARIMGANJ","STATE_UT":"ASSAM"},"arcs":[[-372,-366,-373,375]]},{"type":"Polygon","properties":{"ac":"5","ASSEMBLY_1":"BADARPUR","DISTRICT":"KARIMGANJ","PARLIAMENT":"1","P_NAME":"KARIMGANJ","STATE_UT":"ASSAM"},"arcs":[[-355,-371,376,377,378]]},{"type":"Polygon","properties":{"ac":"4","ASSEMBLY_1":"KARIMGANJ SOUTH","DISTRICT":"KARIMGANJ","PARLIAMENT":"1","P_NAME":"KARIMGANJ","STATE_UT":"ASSAM"},"arcs":[[379,380,381,382,-378,383]]},{"type":"Polygon","properties":{"ac":"3","ASSEMBLY_1":"KARIMGANJ NORTH","DISTRICT":"KARIMGANJ","PARLIAMENT":"1","P_NAME":"KARIMGANJ","STATE_UT":"ASSAM"},"arcs":[[-382,384]]},{"type":"Polygon","properties":{"ac":"2","ASSEMBLY_1":"PATHARKANDI","DISTRICT":"KARIMGANJ","PARLIAMENT":"1","P_NAME":"KARIMGANJ","STATE_UT":"ASSAM"},"arcs":[[385,386,-380]]},{"type":"Polygon","properties":{"ac":"1","ASSEMBLY_1":"RATABARI (SC)","DISTRICT":"KARIMGANJ","PARLIAMENT":"1","P_NAME":"KARIMGANJ","STATE_UT":"ASSAM"},"arcs":[[-370,-376,-375,387,-386,-384,-377]]},{"type":"Polygon","properties":{"ac":"31","ASSEMBLY_1":"SIDLI (ST)","DISTRICT":"KOKRAJHAR","PARLIAMENT":"5","P_NAME":"KOKRAJHAR","STATE_UT":"ASSAM"},"arcs":[[-309,-25,-313,388,-306],[313,323,22]]}]}},"arcs":[[[2502,6151],[-46,236]],[[2456,6387],[84,361]],[[2540,6748],[88,3]],[[2628,6751],[107,-400],[-115,-198],[-118,-2]],[[2584,6037],[-148,-195]],[[2436,5842],[1,25]],[[2437,5867],[45,261]],[[2482,6128],[102,-91]],[[1465,6057],[-54,334]],[[1411,6391],[458,-83]],[[1869,6308],[-113,-315]],[[1756,5993],[-291,64]],[[4795,1399],[-70,-123]],[[4725,1276],[6,453]],[[4731,1729],[55,19]],[[4786,1748],[51,-214]],[[4837,1534],[-42,-135]],[[8752,8736],[-136,-47]],[[8616,8689],[-37,103],[161,321]],[[8740,9113],[2,21]],[[8742,9134],[81,81]],[[8823,9215],[72,-240],[-143,-239]],[[1107,5720],[-9,315]],[[1098,6035],[-26,244]],[[1072,6279],[85,-68],[42,-307]],[[1199,5904],[1,-269]],[[1200,5635],[-93,85]],[[9201,9729],[142,202],[584,58],[-76,-204],[-269,-424],[45,-191]],[[9627,9170],[-34,-194]],[[9593,8976],[-207,148],[-278,-52]],[[9108,9072],[-22,346]],[[9086,9418],[115,311]],[[9147,8812],[-105,111]],[[9042,8923],[66,149]],[[9593,8976],[-126,-207]],[[9467,8769],[-238,208],[-82,-165]],[[9627,9170],[151,-255],[-50,-316],[196,28],[75,-164],[-234,-281],[-19,69],[-411,-187]],[[9335,8064],[7,185],[200,183],[-75,337]],[[9335,8064],[-171,41]],[[9164,8105],[-6,21]],[[9158,8126],[186,416],[-176,133],[-21,137]],[[9158,8126],[-64,0]],[[9094,8126],[42,289],[-341,103],[-43,218]],[[8752,8736],[290,-20],[0,207]],[[8823,9215],[263,203]],[[8643,8332],[143,47],[308,-253]],[[9164,8105],[-52,-290],[-137,-69]],[[8975,7746],[-131,229],[-108,-79]],[[8736,7896],[24,259],[-117,177]],[[8736,7896],[-164,-109]],[[8572,7787],[-213,49],[-14,184]],[[8345,8020],[-4,394]],[[8341,8414],[134,-23]],[[8475,8391],[95,-163],[73,104]],[[8475,8391],[141,298]],[[8341,8414],[-101,115]],[[8240,8529],[251,446],[249,138]],[[8240,8529],[-171,166]],[[8069,8695],[316,431],[328,150],[29,-142]],[[7751,7800],[-41,85]],[[7710,7885],[72,351]],[[7782,8236],[133,281]],[[7915,8517],[154,178]],[[8345,8020],[-195,-300]],[[8150,7720],[-131,45],[20,285],[-209,12],[-79,-262]],[[7915,8517],[-81,550]],[[7834,9067],[370,268],[681,355],[107,-71],[209,110]],[[7782,8236],[-185,-97],[1,308],[-144,-25],[-10,-195],[-147,-94]],[[7297,8133],[0,384],[-76,227]],[[7221,8744],[-73,207],[424,-59],[262,175]],[[7710,7885],[-239,-233],[-238,-4]],[[7233,7648],[64,485]],[[7233,7648],[-208,-322],[-163,-29]],[[6862,7297],[44,206]],[[6906,7503],[143,173],[-42,705],[-60,51]],[[6947,8432],[274,312]],[[6541,7671],[-30,101],[436,660]],[[6906,7503],[-241,44],[-124,124]],[[6455,6988],[-117,378]],[[6338,7366],[218,218],[-15,87]],[[6862,7297],[-109,-89]],[[6753,7208],[-215,-265],[-83,45]],[[7888,7252],[-167,36],[-105,242]],[[7616,7530],[66,135]],[[7682,7665],[191,-16],[195,-241]],[[8068,7408],[-57,-119]],[[8011,7289],[-123,-37]],[[8150,7720],[-82,-312]],[[7682,7665],[69,135]],[[8322,7292],[-11,90]],[[8311,7382],[6,197],[255,208]],[[8975,7746],[-194,-215],[-82,28],[-172,-237],[-205,-30]],[[8311,7382],[-130,-115],[-170,22]],[[8322,7292],[-112,-32],[-132,-328],[-165,-177]],[[7913,6755],[-60,316],[35,181]],[[7913,6755],[-161,-30]],[[7752,6725],[-123,117],[-39,213]],[[7590,7055],[-19,198],[-123,32]],[[7448,7285],[168,245]],[[7288,7120],[160,165]],[[7590,7055],[-127,-280],[-162,61]],[[7301,6836],[-13,284]],[[7459,6426],[-142,-70],[-102,285]],[[7215,6641],[86,195]],[[7752,6725],[-293,-299]],[[7459,6426],[-12,-200],[-134,-197],[-50,235],[-155,-248],[-30,-275]],[[7078,5741],[-101,309]],[[6977,6050],[14,152]],[[6991,6202],[7,250],[111,211]],[[7109,6663],[106,-22]],[[7288,7120],[-130,-49]],[[7158,7071],[-286,-84],[-54,-237]],[[6818,6750],[-65,458]],[[7109,6663],[49,408]],[[6991,6202],[-26,294],[-147,254]],[[6750,6080],[-189,176],[-153,12]],[[6408,6268],[16,42]],[[6424,6310],[245,22],[-48,206],[197,212]],[[6977,6050],[-227,30]],[[6798,5171],[-48,909]],[[7078,5741],[-182,-256],[-98,-314]],[[6798,5171],[-55,-410],[42,-121],[-294,-296],[-35,387]],[[6456,4731],[181,878],[-5,233],[-130,38],[-94,388]],[[5715,6289],[7,308]],[[5722,6597],[196,124]],[[5918,6721],[122,44],[256,-116],[-38,182],[197,157]],[[6424,6310],[-306,67],[-230,-111],[-173,23]],[[5119,4791],[269,87]],[[5388,4878],[100,-104],[145,-517],[-169,-193]],[[5464,4064],[-114,155]],[[5350,4219],[-134,252]],[[5216,4471],[-97,320]],[[5216,4471],[-181,-28],[-169,245],[-35,245]],[[4831,4933],[-1,29]],[[4830,4962],[190,3],[99,-174]],[[4745,5113],[181,187]],[[4926,5300],[218,6],[-13,-147],[275,-182]],[[5406,4977],[-18,-99]],[[4830,4962],[-85,151]],[[5715,6289],[-20,-15]],[[5695,6274],[-386,-105],[-60,-110],[193,-71],[-272,-155]],[[5170,5833],[-207,296],[11,146]],[[4974,6275],[11,9]],[[4985,6284],[162,90],[283,-96],[181,255]],[[5611,6533],[111,64]],[[4907,5768],[69,104],[-128,225]],[[4848,6097],[126,178]],[[5170,5833],[-114,-66]],[[5056,5767],[-149,1]],[[4745,5113],[-41,258]],[[4704,5371],[110,96],[-82,236],[70,98]],[[4802,5801],[105,-33]],[[5056,5767],[92,-140],[-149,-62],[-73,-265]],[[4704,5371],[-84,217]],[[4620,5588],[27,236]],[[4647,5824],[155,-23]],[[4647,5824],[-18,23]],[[4629,5847],[-16,236]],[[4613,6083],[235,14]],[[4620,5588],[-115,-43]],[[4505,5545],[23,155],[-141,94]],[[4387,5794],[125,211],[117,-158]],[[4387,5794],[-63,306]],[[4324,6100],[289,-17]],[[4295,5117],[108,291]],[[4403,5408],[102,137]],[[4831,4933],[-234,-254],[-22,373],[-280,65]],[[4200,6060],[124,40]],[[4387,5794],[-275,-175]],[[4112,5619],[-289,61]],[[3823,5680],[89,157]],[[3912,5837],[288,223]],[[4403,5408],[-268,-154],[-23,365]],[[4295,5117],[-157,-168]],[[4138,4949],[-198,9]],[[3940,4958],[-26,185],[-336,269]],[[3578,5412],[9,10]],[[3587,5422],[144,61],[92,197]],[[5918,6721],[-29,295],[115,208]],[[6004,7224],[334,142]],[[5611,6533],[-64,477]],[[5547,7010],[-37,189]],[[5510,7199],[275,72],[219,-47]],[[4985,6284],[93,161]],[[5078,6445],[234,163],[-58,259],[95,188],[198,-45]],[[5078,6445],[-38,159]],[[5040,6604],[-16,411],[182,173]],[[5206,7188],[304,11]],[[5040,6604],[-276,67]],[[4764,6671],[-156,68]],[[4608,6739],[16,533]],[[4624,7272],[73,169],[338,-72],[171,-181]],[[4613,6083],[186,312],[-35,276]],[[4200,6060],[36,159]],[[4236,6219],[-49,343]],[[4187,6562],[383,-58],[38,235]],[[4187,6562],[44,600]],[[4231,7162],[393,110]],[[3710,6936],[521,226]],[[4236,6219],[-207,195],[-186,-54]],[[3843,6360],[-18,29]],[[3825,6389],[-100,277],[-15,270]],[[3825,6389],[-246,32]],[[3579,6421],[50,132],[-196,28],[11,517]],[[3444,7098],[266,-162]],[[3912,5837],[-79,350]],[[3833,6187],[10,173]],[[3587,5422],[-8,659]],[[3579,6081],[254,106]],[[3578,5412],[-279,-149]],[[3299,5263],[-47,32]],[[3252,5295],[114,295],[-19,146]],[[3347,5736],[-31,298]],[[3316,6034],[263,47]],[[3316,6034],[-68,286]],[[3248,6320],[243,3],[88,98]],[[3248,6320],[-55,474]],[[3193,6794],[-5,37]],[[3188,6831],[256,267]],[[2456,6387],[-143,9]],[[2313,6396],[-47,412]],[[2266,6808],[274,-60]],[[2482,6128],[20,23]],[[2628,6751],[145,78]],[[2773,6829],[107,-303],[-11,-311]],[[2869,6215],[-110,-64]],[[2759,6151],[-175,-114]],[[2759,6151],[-31,-522]],[[2728,5629],[-146,62],[-87,-110]],[[2495,5581],[-59,261]],[[2728,5629],[196,147]],[[2924,5776],[-12,-172],[-184,-178],[1,-254]],[[2729,5172],[-35,-76]],[[2694,5096],[-258,111]],[[2436,5207],[-14,244]],[[2422,5451],[73,130]],[[2869,6215],[152,-8]],[[3021,6207],[-97,-431]],[[3193,6794],[-59,-607]],[[3134,6187],[-93,-189],[-20,209]],[[2773,6829],[79,-62],[336,64]],[[3015,5689],[-91,87]],[[3134,6187],[42,-241],[-161,-257]],[[3347,5736],[-85,-254],[-183,86]],[[3079,5568],[-64,121]],[[2950,5110],[-221,62]],[[3079,5568],[-201,-299],[41,-70]],[[2919,5199],[31,-89]],[[3365,5057],[-140,-156],[-18,-276],[-174,-38],[34,216],[-182,-169]],[[2885,4634],[-29,244],[112,34],[-18,198]],[[2919,5199],[183,59]],[[3102,5258],[34,-160],[210,-41]],[[3346,5057],[19,0]],[[3102,5258],[150,37]],[[3299,5263],[47,-206]],[[3940,4958],[-72,-91],[-402,-41],[-101,231]],[[2885,4634],[-120,-310],[-98,17]],[[2667,4341],[122,500],[-95,255]],[[2667,4341],[-194,-262]],[[2473,4079],[-35,433],[67,232],[-217,339],[58,98]],[[2346,5181],[90,26]],[[2106,4445],[112,303],[-255,225]],[[1963,4973],[105,92]],[[2068,5065],[278,116]],[[2473,4079],[-129,74],[38,170],[-321,-51],[45,173]],[[2184,5637],[105,61],[133,-247]],[[2068,5065],[-120,57],[157,176]],[[2105,5298],[79,339]],[[2184,5637],[-108,71],[39,209]],[[2115,5917],[141,-4]],[[2256,5913],[181,-46]],[[1515,5343],[127,59]],[[1642,5402],[431,52]],[[2073,5454],[32,-156]],[[1963,4973],[-71,1]],[[1892,4974],[-284,100],[-93,269]],[[1968,5954],[1,-312],[104,-188]],[[1642,5402],[43,128]],[[1685,5530],[157,126],[-62,254]],[[1780,5910],[188,44]],[[1968,5954],[134,161]],[[2102,6115],[13,-198]],[[2256,5913],[57,483]],[[2102,6115],[35,71],[-34,551]],[[2103,6737],[163,71]],[[1780,5910],[-24,83]],[[1869,6308],[131,427]],[[2000,6735],[103,2]],[[1002,4687],[-333,-83]],[[669,4604],[96,100],[-54,213]],[[711,4917],[91,223]],[[802,5140],[10,4]],[[812,5144],[190,-457]],[[812,5144],[264,38]],[[1076,5182],[261,85]],[[1337,5267],[-1,-325],[-100,-183]],[[1236,4759],[-234,-72]],[[1892,4974],[-129,-229],[-134,137],[-213,-282]],[[1416,4600],[-180,159]],[[1337,5267],[178,76]],[[2106,4445],[-110,116],[-334,56],[-191,-107],[-55,90]],[[1076,5182],[164,328],[-36,112]],[[1204,5622],[80,-155],[169,245]],[[1453,5712],[232,-182]],[[1453,5712],[12,345]],[[1411,6391],[125,323]],[[1536,6714],[464,21]],[[1204,5622],[-4,13]],[[1199,5904],[52,466],[160,21]],[[807,5678],[-90,466]],[[717,6144],[77,231],[-126,240]],[[668,6615],[117,66],[60,225],[170,22]],[[1015,6928],[86,-349],[-29,-300]],[[1098,6035],[-94,-271]],[[1004,5764],[-81,-230],[-116,144]],[[807,5678],[-52,-89]],[[755,5589],[-163,-97]],[[592,5492],[-131,102]],[[461,5594],[161,571],[95,-21]],[[106,5516],[152,175],[33,582],[-23,315],[400,27]],[[461,5594],[-38,-28]],[[423,5566],[-317,-50]],[[802,5140],[-47,449]],[[1004,5764],[103,-44]],[[711,4917],[-162,74]],[[549,4991],[43,501]],[[158,4857],[-146,393],[94,266]],[[423,5566],[-116,-178],[-31,-380],[-118,-151]],[[490,4788],[-300,-20]],[[190,4768],[-32,89]],[[549,4991],[-59,-203]],[[490,4788],[-35,-164],[-168,-95]],[[287,4529],[-97,239]],[[669,4604],[-268,-451]],[[401,4153],[-189,-27]],[[212,4126],[75,403]],[[401,4153],[-95,-146],[194,-306],[-212,-134],[-76,559]],[[4699,3700],[-115,-76],[-318,501],[-343,-225],[-26,376],[112,254],[-90,133],[219,286]],[[5350,4219],[-114,112],[-282,-213],[-119,-368],[-136,-50]],[[5949,5772],[94,-400],[166,-159],[-67,-306],[-135,-154],[43,-113],[267,-68]],[[6317,4572],[33,-132],[-256,-330],[-96,-211],[-240,-258]],[[5758,3641],[-185,-8],[-109,431]],[[5406,4977],[101,112],[-38,231],[216,388],[264,64]],[[5695,6274],[24,-237],[230,-265]],[[6456,4731],[-139,-159]],[[5758,3641],[197,-262],[26,-339],[-135,-165],[-217,-696]],[[5629,2179],[-283,56]],[[5346,2235],[-35,258],[-291,-99]],[[5020,2394],[-124,51]],[[4896,2445],[-49,136],[-337,-117]],[[4510,2464],[412,312],[-67,300],[-282,400],[126,224]],[[4438,1892],[-121,253],[100,339],[93,-20]],[[4896,2445],[-1,-177],[-169,48],[27,-197],[-59,-373]],[[4694,1746],[-113,121]],[[4581,1867],[-143,25]],[[4731,1729],[-37,17]],[[5020,2394],[42,-347],[-145,-320]],[[4917,1727],[-131,21]],[[4993,1676],[291,270],[37,-176],[192,148],[-167,145],[0,172]],[[5629,2179],[-95,-432],[-129,10],[-22,-381]],[[5383,1376],[-116,68],[-121,-150]],[[5146,1294],[17,135],[-170,247]],[[4993,1676],[-76,51]],[[5383,1376],[1,-181],[-130,-486],[-292,-16],[-105,305]],[[4857,998],[25,132],[-164,24]],[[4718,1154],[-11,72]],[[4707,1226],[18,50]],[[4795,1399],[351,-105]],[[4837,1534],[156,142]],[[4453,1158],[-18,238]],[[4435,1396],[146,471]],[[4707,1226],[-67,200],[-109,-37],[-78,-231]],[[4456,996],[229,-55],[33,213]],[[4857,998],[-129,-445],[-243,-448],[-148,-62],[-23,256]],[[4314,299],[78,151],[64,546]],[[4456,996],[-3,162]],[[4435,1396],[-86,71]],[[4349,1467],[-103,119],[61,277]],[[4307,1863],[131,29]],[[4266,1019],[-47,176],[-139,28],[-17,233]],[[4063,1456],[6,34]],[[4069,1490],[100,76],[30,342]],[[4199,1908],[108,-45]],[[4349,1467],[-83,-448]],[[4069,1490],[-26,474],[156,-56]],[[4266,1019],[-57,-726]],[[4209,293],[-227,-15],[96,358],[-66,182],[5,607],[46,31]],[[4314,299],[-105,-6]],[[1015,6928],[122,93],[236,-253],[163,-54]]],"transform":{"scale":[0.0006318487079824066,0.00039161718545329186],"translate":[89.70805964068282,24.162436789154317]}}