{"type":"Topology","objects":{"West_Bengal":{"type":"GeometryCollection","bbox":[85.85902681093582,21.49201564295393,89.89269037361665,27.21345828141048],"geometries":[{"type":"Polygon","properties":{"ac":"294","ASSEMBLY_1":"MURARAI","DISTRICT":"BIRBHUM","PARLIAMENT":"42","P_NAME":"BIRBHUM","STATE_UT":"WEST BENGAL"},"arcs":[[0,1,2,3]]},{"type":"Polygon","properties":{"ac":"293","ASSEMBLY_1":"NALHATI","DISTRICT":"BIRBHUM","PARLIAMENT":"42","P_NAME":"BIRBHUM","STATE_UT":"WEST BENGAL"},"arcs":[[4,5,-3,6,7]]},{"type":"Polygon","properties":{"ac":"292","ASSEMBLY_1":"HANSAN","DISTRICT":"BIRBHUM","PARLIAMENT":"42","P_NAME":"BIRBHUM","STATE_UT":"WEST BENGAL"},"arcs":[[8,9,10,-8,11,12]]},{"type":"Polygon","properties":{"ac":"291","ASSEMBLY_1":"RAMPURHAT","DISTRICT":"BIRBHUM","PARLIAMENT":"42","P_NAME":"BIRBHUM","STATE_UT":"WEST BENGAL"},"arcs":[[13,-5,-11,14,15]]},{"type":"Polygon","properties":{"ac":"290","ASSEMBLY_1":"MAYURESWAR","DISTRICT":"BIRBHUM","PARLIAMENT":"41","P_NAME":"BOLPUR (SC)","STATE_UT":"WEST BENGAL"},"arcs":[[16,-15,-10,17,18,19]]},{"type":"Polygon","properties":{"ac":"289","ASSEMBLY_1":"SAINTHIA (SC)","DISTRICT":"BIRBHUM","PARLIAMENT":"42","P_NAME":"BIRBHUM","STATE_UT":"WEST BENGAL"},"arcs":[[20,21,22,23,-16,-17]]},{"type":"Polygon","properties":{"ac":"288","ASSEMBLY_1":"LABPUR","DISTRICT":"BIRBHUM","PARLIAMENT":"41","P_NAME":"BOLPUR (SC)","STATE_UT":"WEST BENGAL"},"arcs":[[24,25,26,-21,-20,27]]},{"type":"Polygon","properties":{"ac":"287","ASSEMBLY_1":"NANOOR (SC)","DISTRICT":"BIRBHUM","PARLIAMENT":"41","P_NAME":"BOLPUR (SC)","STATE_UT":"WEST BENGAL"},"arcs":[[-26,28,29,30,31]]},{"type":"Polygon","properties":{"ac":"286","ASSEMBLY_1":"BOLPUR","DISTRICT":"BIRBHUM","PARLIAMENT":"41","P_NAME":"BOLPUR (SC)","STATE_UT":"WEST BENGAL"},"arcs":[[32,33,34,-22,-27,-32,35]]},{"type":"Polygon","properties":{"ac":"285","ASSEMBLY_1":"SURI","DISTRICT":"BIRBHUM","PARLIAMENT":"42","P_NAME":"BIRBHUM","STATE_UT":"WEST BENGAL"},"arcs":[[36,-23,-35,37]]},{"type":"Polygon","properties":{"ac":"284","ASSEMBLY_1":"DUBRAJPUR (SC)","DISTRICT":"BIRBHUM","PARLIAMENT":"42","P_NAME":"BIRBHUM","STATE_UT":"WEST BENGAL"},"arcs":[[38,39,-38,-34,40,41]]},{"type":"Polygon","properties":{"ac":"283","ASSEMBLY_1":"BARABANI","DISTRICT":"BARDHAMAN","PARLIAMENT":"40","P_NAME":"ASANSOL","STATE_UT":"WEST BENGAL"},"arcs":[[42,43,44,45]]},{"type":"Polygon","properties":{"ac":"282","ASSEMBLY_1":"KULTI","DISTRICT":"BARDHAMAN","PARLIAMENT":"40","P_NAME":"ASANSOL","STATE_UT":"WEST BENGAL"},"arcs":[[46,47,48,49,-43]]},{"type":"Polygon","properties":{"ac":"281","ASSEMBLY_1":"ASANSOL UTTAR","DISTRICT":"BARDHAMAN","PARLIAMENT":"40","P_NAME":"ASANSOL","STATE_UT":"WEST BENGAL"},"arcs":[[50,51,-47,-46]]},{"type":"Polygon","properties":{"ac":"280","ASSEMBLY_1":"ASANSOL DAKSHIN","DISTRICT":"BARDHAMAN","PARLIAMENT":"40","P_NAME":"ASANSOL","STATE_UT":"WEST BENGAL"},"arcs":[[52,-48,-52,53,54,55]]},{"type":"Polygon","properties":{"ac":"279","ASSEMBLY_1":"JAMURIA","DISTRICT":"BARDHAMAN","PARLIAMENT":"40","P_NAME":"ASANSOL","STATE_UT":"WEST BENGAL"},"arcs":[[-39,56,57,-54,-51,-45,58]]},{"type":"Polygon","properties":{"ac":"278","ASSEMBLY_1":"RANIGANJ","DISTRICT":"BARDHAMAN","PARLIAMENT":"40","P_NAME":"ASANSOL","STATE_UT":"WEST BENGAL"},"arcs":[[-55,-58,59,60,61]]},{"type":"Polygon","properties":{"ac":"277","ASSEMBLY_1":"DURGAPUR PASCHIM","DISTRICT":"BARDHAMAN","PARLIAMENT":"39","P_NAME":"BARDHAMAN-DURGAPUR","STATE_UT":"WEST BENGAL"},"arcs":[[62,63,-61,64,65]]},{"type":"Polygon","properties":{"ac":"276","ASSEMBLY_1":"DURGAPUR PURBA","DISTRICT":"BARDHAMAN","PARLIAMENT":"39","P_NAME":"BARDHAMAN-DURGAPUR","STATE_UT":"WEST BENGAL"},"arcs":[[66,67,-66,68,69]]},{"type":"Polygon","properties":{"ac":"275","ASSEMBLY_1":"PANDABESWAR","DISTRICT":"BARDHAMAN","PARLIAMENT":"40","P_NAME":"ASANSOL","STATE_UT":"WEST BENGAL"},"arcs":[[-42,70,-69,-65,-60,-57]]},{"type":"Polygon","properties":{"ac":"274","ASSEMBLY_1":"GALSI (SC)","DISTRICT":"BARDHAMAN","PARLIAMENT":"39","P_NAME":"BARDHAMAN-DURGAPUR","STATE_UT":"WEST BENGAL"},"arcs":[[-71,-41,-33,71,72,73,-70]]},{"type":"Polygon","properties":{"ac":"273","ASSEMBLY_1":"AUSGRAM (SC)","DISTRICT":"BARDHAMAN","PARLIAMENT":"41","P_NAME":"BOLPUR (SC)","STATE_UT":"WEST BENGAL"},"arcs":[[74,75,-72,-36,-31,76]]},{"type":"Polygon","properties":{"ac":"272","ASSEMBLY_1":"MANGALKOTE","DISTRICT":"BARDHAMAN","PARLIAMENT":"41","P_NAME":"BOLPUR (SC)","STATE_UT":"WEST BENGAL"},"arcs":[[-77,-30,77,78,79,80]]},{"type":"Polygon","properties":{"ac":"271","ASSEMBLY_1":"KETUGRAM","DISTRICT":"BARDHAMAN","PARLIAMENT":"41","P_NAME":"BOLPUR (SC)","STATE_UT":"WEST BENGAL"},"arcs":[[81,82,-78,-29,-25,83,84,85]]},{"type":"Polygon","properties":{"ac":"270","ASSEMBLY_1":"KATWA","DISTRICT":"BARDHAMAN","PARLIAMENT":"38","P_NAME":"BARDHAMAN PURBA (SC)","STATE_UT":"WEST BENGAL"},"arcs":[[86,-79,-83,87,88,89]]},{"type":"Polygon","properties":{"ac":"269","ASSEMBLY_1":"PURBASTHALI  UTTAR","DISTRICT":"BARDHAMAN","PARLIAMENT":"38","P_NAME":"BARDHAMAN PURBA (SC)","STATE_UT":"WEST BENGAL"},"arcs":[[90,-90,91,92,93,94]]},{"type":"Polygon","properties":{"ac":"268","ASSEMBLY_1":"PURBASTHALI DAKSHIN","DISTRICT":"BARDHAMAN","PARLIAMENT":"38","P_NAME":"BARDHAMAN PURBA (SC)","STATE_UT":"WEST BENGAL"},"arcs":[[95,96,97,98,-95,99]]},{"type":"Polygon","properties":{"ac":"267","ASSEMBLY_1":"BHATAR","DISTRICT":"BARDHAMAN","PARLIAMENT":"39","P_NAME":"BARDHAMAN-DURGAPUR","STATE_UT":"WEST BENGAL"},"arcs":[[100,101,-75,-81,102]]},{"type":"Polygon","properties":{"ac":"266","ASSEMBLY_1":"BARDHAMAN UTTAR (SC)","DISTRICT":"BARDHAMAN","PARLIAMENT":"39","P_NAME":"BARDHAMAN-DURGAPUR","STATE_UT":"WEST BENGAL"},"arcs":[[103,104,105,106,107,108,109,-101]]},{"type":"Polygon","properties":{"ac":"265","ASSEMBLY_1":"MEMARI","DISTRICT":"BARDHAMAN","PARLIAMENT":"38","P_NAME":"BARDHAMAN PURBA (SC)","STATE_UT":"WEST BENGAL"},"arcs":[[-105,110,-98,111,112,113]]},{"type":"Polygon","properties":{"ac":"264","ASSEMBLY_1":"KALNA (SC)","DISTRICT":"BARDHAMAN","PARLIAMENT":"38","P_NAME":"BARDHAMAN PURBA (SC)","STATE_UT":"WEST BENGAL"},"arcs":[[-97,114,115,116,-112]]},{"type":"Polygon","properties":{"ac":"263","ASSEMBLY_1":"MONTESWAR","DISTRICT":"BARDHAMAN","PARLIAMENT":"39","P_NAME":"BARDHAMAN-DURGAPUR","STATE_UT":"WEST BENGAL"},"arcs":[[-80,-87,-91,-99,-111,-104,-103]]},{"type":"Polygon","properties":{"ac":"262","ASSEMBLY_1":"JAMALPUR (SC)","DISTRICT":"BARDHAMAN","PARLIAMENT":"38","P_NAME":"BARDHAMAN PURBA (SC)","STATE_UT":"WEST BENGAL"},"arcs":[[-114,117,118,119,120,121,-106]]},{"type":"Polygon","properties":{"ac":"261","ASSEMBLY_1":"RAINA (SC)","DISTRICT":"BARDHAMAN","PARLIAMENT":"38","P_NAME":"BARDHAMAN PURBA (SC)","STATE_UT":"WEST BENGAL"},"arcs":[[-122,122,123,124,125,-107]]},{"type":"Polygon","properties":{"ac":"260","ASSEMBLY_1":"BARDHAMAN DAKSHIN","DISTRICT":"BARDHAMAN","PARLIAMENT":"39","P_NAME":"BARDHAMAN-DURGAPUR","STATE_UT":"WEST BENGAL"},"arcs":[[126,-109]]},{"type":"Polygon","properties":{"ac":"259","ASSEMBLY_1":"KHANDAGHOSH (SC)","DISTRICT":"BARDHAMAN","PARLIAMENT":"37","P_NAME":"BISHNUPUR (SC)","STATE_UT":"WEST BENGAL"},"arcs":[[127,128,-73,-76,-102,-110,-127,-108,-126,129]]},{"type":"Polygon","properties":{"ac":"258","ASSEMBLY_1":"SONAMUKHI (SC)","DISTRICT":"BANKURA","PARLIAMENT":"37","P_NAME":"BISHNUPUR (SC)","STATE_UT":"WEST BENGAL"},"arcs":[[130,131,132,-67,-74,-129,133]]},{"type":"Polygon","properties":{"ac":"257","ASSEMBLY_1":"INDUS (SC)","DISTRICT":"BANKURA","PARLIAMENT":"37","P_NAME":"BISHNUPUR (SC)","STATE_UT":"WEST BENGAL"},"arcs":[[-134,-128,134,135,136]]},{"type":"Polygon","properties":{"ac":"256","ASSEMBLY_1":"KATULPUR (SC)","DISTRICT":"BANKURA","PARLIAMENT":"37","P_NAME":"BISHNUPUR (SC)","STATE_UT":"WEST BENGAL"},"arcs":[[-136,137,138,139]]},{"type":"Polygon","properties":{"ac":"255","ASSEMBLY_1":"BISHNUPUR","DISTRICT":"BANKURA","PARLIAMENT":"37","P_NAME":"BISHNUPUR (SC)","STATE_UT":"WEST BENGAL"},"arcs":[[140,141,-131,-137,-140,142]]},{"type":"Polygon","properties":{"ac":"254","ASSEMBLY_1":"ONDA","DISTRICT":"BANKURA","PARLIAMENT":"37","P_NAME":"BISHNUPUR (SC)","STATE_UT":"WEST BENGAL"},"arcs":[[143,-132,-142,144,145,146]]},{"type":"Polygon","properties":{"ac":"253","ASSEMBLY_1":"BARJORA","DISTRICT":"BANKURA","PARLIAMENT":"37","P_NAME":"BISHNUPUR (SC)","STATE_UT":"WEST BENGAL"},"arcs":[[147,-63,-68,-133,-144,148]]},{"type":"Polygon","properties":{"ac":"252","ASSEMBLY_1":"BANKURA","DISTRICT":"BANKURA","PARLIAMENT":"36","P_NAME":"BANKURA","STATE_UT":"WEST BENGAL"},"arcs":[[-147,149,150,-149]]},{"type":"Polygon","properties":{"ac":"251","ASSEMBLY_1":"TALDANGRA","DISTRICT":"BANKURA","PARLIAMENT":"36","P_NAME":"BANKURA","STATE_UT":"WEST BENGAL"},"arcs":[[-141,151,152,153,154,155,-145]]},{"type":"Polygon","properties":{"ac":"250","ASSEMBLY_1":"RAIPUR (ST)","DISTRICT":"BANKURA","PARLIAMENT":"36","P_NAME":"BANKURA","STATE_UT":"WEST BENGAL"},"arcs":[[-154,156,157,158,159]]},{"type":"Polygon","properties":{"ac":"249","ASSEMBLY_1":"RANIBANDH (ST)","DISTRICT":"BANKURA","PARLIAMENT":"36","P_NAME":"BANKURA","STATE_UT":"WEST BENGAL"},"arcs":[[-155,-160,160,161,162,163]]},{"type":"Polygon","properties":{"ac":"248","ASSEMBLY_1":"CHHATNA","DISTRICT":"BANKURA","PARLIAMENT":"36","P_NAME":"BANKURA","STATE_UT":"WEST BENGAL"},"arcs":[[-164,164,165,166,167,-150,-146,-156]]},{"type":"Polygon","properties":{"ac":"247","ASSEMBLY_1":"SALTORA (SC)","DISTRICT":"BANKURA","PARLIAMENT":"36","P_NAME":"BANKURA","STATE_UT":"WEST BENGAL"},"arcs":[[-151,-168,168,-56,-62,-64,-148]]},{"type":"Polygon","properties":{"ac":"246","ASSEMBLY_1":"RAGHUNATHPUR (SC)","DISTRICT":"PURULIA","PARLIAMENT":"36","P_NAME":"BANKURA","STATE_UT":"WEST BENGAL"},"arcs":[[169,170,-49,-53,-169,-167,171]]},{"type":"Polygon","properties":{"ac":"245","ASSEMBLY_1":"PARA (SC)","DISTRICT":"PURULIA","PARLIAMENT":"35","P_NAME":"PURULIA","STATE_UT":"WEST BENGAL"},"arcs":[[172,173,174,-170]]},{"type":"Polygon","properties":{"ac":"244","ASSEMBLY_1":"KASHIPUR","DISTRICT":"PURULIA","PARLIAMENT":"35","P_NAME":"PURULIA","STATE_UT":"WEST BENGAL"},"arcs":[[-172,-166,175,176,-173]]},{"type":"Polygon","properties":{"ac":"243","ASSEMBLY_1":"MANBAZAR (ST)","DISTRICT":"PURULIA","PARLIAMENT":"35","P_NAME":"PURULIA","STATE_UT":"WEST BENGAL"},"arcs":[[-176,-165,-163,177,178]]},{"type":"Polygon","properties":{"ac":"242","ASSEMBLY_1":"PURULIA","DISTRICT":"PURULIA","PARLIAMENT":"35","P_NAME":"PURULIA","STATE_UT":"WEST BENGAL"},"arcs":[[179,180,-174,-177,-179,181]]},{"type":"Polygon","properties":{"ac":"241","ASSEMBLY_1":"JOYPUR","DISTRICT":"PURULIA","PARLIAMENT":"35","P_NAME":"PURULIA","STATE_UT":"WEST BENGAL"},"arcs":[[182,183,184]]},{"type":"Polygon","properties":{"ac":"240","ASSEMBLY_1":"BAGHMUNDI","DISTRICT":"PURULIA","PARLIAMENT":"35","P_NAME":"PURULIA","STATE_UT":"WEST BENGAL"},"arcs":[[185,186,-183]]},{"type":"Polygon","properties":{"ac":"239","ASSEMBLY_1":"BALARAMPUR","DISTRICT":"PURULIA","PARLIAMENT":"35","P_NAME":"PURULIA","STATE_UT":"WEST BENGAL"},"arcs":[[187,188,-186,-185,189,-180]]},{"type":"Polygon","properties":{"ac":"238","ASSEMBLY_1":"BANDWAN (ST)","DISTRICT":"PURULIA","PARLIAMENT":"33","P_NAME":"JHARGRAM (ST)","STATE_UT":"WEST BENGAL"},"arcs":[[-178,-162,190,191,-188,-182]]},{"type":"Polygon","properties":{"ac":"237","ASSEMBLY_1":"BINPUR (ST)","DISTRICT":"PASCHIM MEDINIPUR","PARLIAMENT":"33","P_NAME":"JHARGRAM (ST)","STATE_UT":"WEST BENGAL"},"arcs":[[192,193,-191,-161,-159,194]]},{"type":"Polygon","properties":{"ac":"236","ASSEMBLY_1":"MEDINIPUR","DISTRICT":"PASCHIM MEDINIPUR","PARLIAMENT":"34","P_NAME":"MEDINIPUR","STATE_UT":"WEST BENGAL"},"arcs":[[195,196,197,198,199]]},{"type":"Polygon","properties":{"ac":"235","ASSEMBLY_1":"KESHPUR (SC)","DISTRICT":"PASCHIM MEDINIPUR","PARLIAMENT":"32","P_NAME":"GHATAL","STATE_UT":"WEST BENGAL"},"arcs":[[200,201,-197,202,203,204]]},{"type":"Polygon","properties":{"ac":"234","ASSEMBLY_1":"SALBONI","DISTRICT":"PASCHIM MEDINIPUR","PARLIAMENT":"33","P_NAME":"JHARGRAM (ST)","STATE_UT":"WEST BENGAL"},"arcs":[[-196,205,-157,-153,206,207,-203]]},{"type":"Polygon","properties":{"ac":"233","ASSEMBLY_1":"GARBETA","DISTRICT":"PASCHIM MEDINIPUR","PARLIAMENT":"33","P_NAME":"JHARGRAM (ST)","STATE_UT":"WEST BENGAL"},"arcs":[[-207,-152,-143,-139,208,209]]},{"type":"Polygon","properties":{"ac":"232","ASSEMBLY_1":"CHANDRAKONA (SC)","DISTRICT":"PASCHIM MEDINIPUR","PARLIAMENT":"29","P_NAME":"ARAMBAG(SC)","STATE_UT":"WEST BENGAL"},"arcs":[[210,211,212,-204,-208,-210]]},{"type":"Polygon","properties":{"ac":"231","ASSEMBLY_1":"GHATAL (SC)","DISTRICT":"PASCHIM MEDINIPUR","PARLIAMENT":"32","P_NAME":"GHATAL","STATE_UT":"WEST BENGAL"},"arcs":[[213,-212,214,215,216]]},{"type":"Polygon","properties":{"ac":"230","ASSEMBLY_1":"DASPUR","DISTRICT":"PASCHIM MEDINIPUR","PARLIAMENT":"32","P_NAME":"GHATAL","STATE_UT":"WEST BENGAL"},"arcs":[[217,218,219,-217,220,221]]},{"type":"Polygon","properties":{"ac":"229","ASSEMBLY_1":"DEBRA","DISTRICT":"PASCHIM MEDINIPUR","PARLIAMENT":"32","P_NAME":"GHATAL","STATE_UT":"WEST BENGAL"},"arcs":[[222,-205,-213,-214,-220,223]]},{"type":"Polygon","properties":{"ac":"228","ASSEMBLY_1":"KHARAGPUR","DISTRICT":"PASCHIM MEDINIPUR","PARLIAMENT":"34","P_NAME":"MEDINIPUR","STATE_UT":"WEST BENGAL"},"arcs":[[224,225,226,227,228,229,-198,-202]]},{"type":"Polygon","properties":{"ac":"227","ASSEMBLY_1":"PINGLA","DISTRICT":"PASCHIM MEDINIPUR","PARLIAMENT":"32","P_NAME":"GHATAL","STATE_UT":"WEST BENGAL"},"arcs":[[230,231,232,233,-227,234,-225,-201,-223]]},{"type":"Polygon","properties":{"ac":"226","ASSEMBLY_1":"SABANG","DISTRICT":"PASCHIM MEDINIPUR","PARLIAMENT":"32","P_NAME":"GHATAL","STATE_UT":"WEST BENGAL"},"arcs":[[-233,235,236,237,238]]},{"type":"Polygon","properties":{"ac":"225","ASSEMBLY_1":"NARAYANGARH","DISTRICT":"PASCHIM MEDINIPUR","PARLIAMENT":"34","P_NAME":"MEDINIPUR","STATE_UT":"WEST BENGAL"},"arcs":[[239,-228,-234,-239,240,241]]},{"type":"Polygon","properties":{"ac":"224","ASSEMBLY_1":"KHARAGPUR SADAR","DISTRICT":"PASCHIM MEDINIPUR","PARLIAMENT":"34","P_NAME":"MEDINIPUR","STATE_UT":"WEST BENGAL"},"arcs":[[-235,-226]]},{"type":"Polygon","properties":{"ac":"223","ASSEMBLY_1":"KESHIARY (ST)","DISTRICT":"PASCHIM MEDINIPUR","PARLIAMENT":"34","P_NAME":"MEDINIPUR","STATE_UT":"WEST BENGAL"},"arcs":[[242,243,244,245,-229,-240]]},{"type":"Polygon","properties":{"ac":"222","ASSEMBLY_1":"JHARGRAM","DISTRICT":"PASCHIM MEDINIPUR","PARLIAMENT":"33","P_NAME":"JHARGRAM (ST)","STATE_UT":"WEST BENGAL"},"arcs":[[-195,-158,-206,-200,246]]},{"type":"Polygon","properties":{"ac":"221","ASSEMBLY_1":"GOPIBALLAVPUR","DISTRICT":"PASCHIM MEDINIPUR","PARLIAMENT":"33","P_NAME":"JHARGRAM (ST)","STATE_UT":"WEST BENGAL"},"arcs":[[-199,-230,-246,247,248,-193,-247]]},{"type":"Polygon","properties":{"ac":"220","ASSEMBLY_1":"NAYAGRAM (ST)","DISTRICT":"PASCHIM MEDINIPUR","PARLIAMENT":"33","P_NAME":"JHARGRAM (ST)","STATE_UT":"WEST BENGAL"},"arcs":[[-245,249,-248]]},{"type":"Polygon","properties":{"ac":"219","ASSEMBLY_1":"DANTAN","DISTRICT":"PASCHIM MEDINIPUR","PARLIAMENT":"34","P_NAME":"MEDINIPUR","STATE_UT":"WEST BENGAL"},"arcs":[[250,251,252,-243,-242]]},{"type":"Polygon","properties":{"ac":"218","ASSEMBLY_1":"EGRA","DISTRICT":"PURBO MEDINIPUR","PARLIAMENT":"34","P_NAME":"MEDINIPUR","STATE_UT":"WEST BENGAL"},"arcs":[[-252,253,254,255,256,257]]},{"type":"Polygon","properties":{"ac":"217","ASSEMBLY_1":"RAMNAGAR","DISTRICT":"PURBO MEDINIPUR","PARLIAMENT":"31","P_NAME":"KANTHI","STATE_UT":"WEST BENGAL"},"arcs":[[258,259,-257]]},{"type":"Polygon","properties":{"ac":"216","ASSEMBLY_1":"KANTHI-DAKSHN","DISTRICT":"PURBO MEDINIPUR","PARLIAMENT":"31","P_NAME":"KANTHI","STATE_UT":"WEST BENGAL"},"arcs":[[260,261,-259,-256]]},{"type":"Polygon","properties":{"ac":"215","ASSEMBLY_1":"KHEJURI (SC)","DISTRICT":"PURBO MEDINIPUR","PARLIAMENT":"31","P_NAME":"KANTHI","STATE_UT":"WEST BENGAL"},"arcs":[[262,263,264,265,266,267]]},{"type":"Polygon","properties":{"ac":"214","ASSEMBLY_1":"BHAGABANPUR","DISTRICT":"PURBO MEDINIPUR","PARLIAMENT":"31","P_NAME":"KANTHI","STATE_UT":"WEST BENGAL"},"arcs":[[268,269,270,-266]]},{"type":"Polygon","properties":{"ac":"213","ASSEMBLY_1":"KANTHI-UTTAR","DISTRICT":"PURBO MEDINIPUR","PARLIAMENT":"31","P_NAME":"KANTHI","STATE_UT":"WEST BENGAL"},"arcs":[[-265,271,-261,-255,272,-269]]},{"type":"Polygon","properties":{"ac":"212","ASSEMBLY_1":"PATASHPUR","DISTRICT":"PURBO MEDINIPUR","PARLIAMENT":"31","P_NAME":"KANTHI","STATE_UT":"WEST BENGAL"},"arcs":[[-238,273,-270,-273,-254,-251,-241]]},{"type":"Polygon","properties":{"ac":"211","ASSEMBLY_1":"CHANDIPUR","DISTRICT":"PURBO MEDINIPUR","PARLIAMENT":"31","P_NAME":"KANTHI","STATE_UT":"WEST BENGAL"},"arcs":[[274,275,-267,-271,-274,-237,276,277]]},{"type":"Polygon","properties":{"ac":"210","ASSEMBLY_1":"NANDIGRAM","DISTRICT":"PURBO MEDINIPUR","PARLIAMENT":"30","P_NAME":"TAMLUK","STATE_UT":"WEST BENGAL"},"arcs":[[-268,-276,278,279,280]]},{"type":"Polygon","properties":{"ac":"209","ASSEMBLY_1":"HALDIA (SC)","DISTRICT":"PURBO MEDINIPUR","PARLIAMENT":"30","P_NAME":"TAMLUK","STATE_UT":"WEST BENGAL"},"arcs":[[281,282,283]]},{"type":"Polygon","properties":{"ac":"208","ASSEMBLY_1":"MAHISADAL","DISTRICT":"PURBO MEDINIPUR","PARLIAMENT":"30","P_NAME":"TAMLUK","STATE_UT":"WEST BENGAL"},"arcs":[[-279,-275,284,285,286,287,-282,288,289]]},{"type":"Polygon","properties":{"ac":"207","ASSEMBLY_1":"NANDAKUMAR","DISTRICT":"PURBO MEDINIPUR","PARLIAMENT":"30","P_NAME":"TAMLUK","STATE_UT":"WEST BENGAL"},"arcs":[[290,-285,-278,291]]},{"type":"Polygon","properties":{"ac":"206","ASSEMBLY_1":"MOYNA","DISTRICT":"PURBO MEDINIPUR","PARLIAMENT":"30","P_NAME":"TAMLUK","STATE_UT":"WEST BENGAL"},"arcs":[[-232,292,293,-292,-277,-236]]},{"type":"Polygon","properties":{"ac":"205","ASSEMBLY_1":"PANSKURA PASCHIM","DISTRICT":"PURBO MEDINIPUR","PARLIAMENT":"32","P_NAME":"GHATAL","STATE_UT":"WEST BENGAL"},"arcs":[[-224,-219,294,-293,-231]]},{"type":"Polygon","properties":{"ac":"204","ASSEMBLY_1":"PANSKURA PURBA","DISTRICT":"PURBO MEDINIPUR","PARLIAMENT":"30","P_NAME":"TAMLUK","STATE_UT":"WEST BENGAL"},"arcs":[[-295,-218,295,296,297]]},{"type":"Polygon","properties":{"ac":"203","ASSEMBLY_1":"TAMLUK","DISTRICT":"PURBO MEDINIPUR","PARLIAMENT":"30","P_NAME":"TAMLUK","STATE_UT":"WEST BENGAL"},"arcs":[[-298,298,299,-286,-291,-294]]},{"type":"Polygon","properties":{"ac":"202","ASSEMBLY_1":"KHANAKUL","DISTRICT":"HOOGHLY","PARLIAMENT":"29","P_NAME":"ARAMBAG(SC)","STATE_UT":"WEST BENGAL"},"arcs":[[-216,300,301,302,303,304,-221]]},{"type":"Polygon","properties":{"ac":"201","ASSEMBLY_1":"GOGHAT (SC)","DISTRICT":"HOOGHLY","PARLIAMENT":"29","P_NAME":"ARAMBAG(SC)","STATE_UT":"WEST BENGAL"},"arcs":[[-209,-138,-135,-130,-125,305,-301,-215,-211]]},{"type":"Polygon","properties":{"ac":"200","ASSEMBLY_1":"ARAMBAG (SC)","DISTRICT":"HOOGHLY","PARLIAMENT":"29","P_NAME":"ARAMBAG(SC)","STATE_UT":"WEST BENGAL"},"arcs":[[-302,-306,-124,306]]},{"type":"Polygon","properties":{"ac":"199","ASSEMBLY_1":"PURSURAH","DISTRICT":"HOOGHLY","PARLIAMENT":"29","P_NAME":"ARAMBAG(SC)","STATE_UT":"WEST BENGAL"},"arcs":[[-303,-307,-123,-121,307,308,309]]},{"type":"Polygon","properties":{"ac":"198","ASSEMBLY_1":"TARAKESWAR","DISTRICT":"HOOGHLY","PARLIAMENT":"29","P_NAME":"ARAMBAG(SC)","STATE_UT":"WEST BENGAL"},"arcs":[[310,311,-308,-120,312]]},{"type":"Polygon","properties":{"ac":"197","ASSEMBLY_1":"DHANEKHALI (SC)","DISTRICT":"HOOGHLY","PARLIAMENT":"28","P_NAME":"HOOGHLY","STATE_UT":"WEST BENGAL"},"arcs":[[-119,313,314,315,-313]]},{"type":"Polygon","properties":{"ac":"196","ASSEMBLY_1":"HARIPAL","DISTRICT":"HOOGHLY","PARLIAMENT":"29","P_NAME":"ARAMBAG(SC)","STATE_UT":"WEST BENGAL"},"arcs":[[316,-311,-316,317,318]]},{"type":"Polygon","properties":{"ac":"195","ASSEMBLY_1":"JANGIPARA","DISTRICT":"HOOGHLY","PARLIAMENT":"27","P_NAME":"SREERAMPUR","STATE_UT":"WEST BENGAL"},"arcs":[[319,-309,-312,-317,320,321,322]]},{"type":"Polygon","properties":{"ac":"194","ASSEMBLY_1":"CHANDITALA","DISTRICT":"HOOGHLY","PARLIAMENT":"27","P_NAME":"SREERAMPUR","STATE_UT":"WEST BENGAL"},"arcs":[[323,324,325,-322,326,327]]},{"type":"Polygon","properties":{"ac":"193","ASSEMBLY_1":"SAPTAGRAM","DISTRICT":"HOOGHLY","PARLIAMENT":"28","P_NAME":"HOOGHLY","STATE_UT":"WEST BENGAL"},"arcs":[[328,-318,-315,329,330,331,332]]},{"type":"Polygon","properties":{"ac":"192","ASSEMBLY_1":"PANDUA","DISTRICT":"HOOGHLY","PARLIAMENT":"28","P_NAME":"HOOGHLY","STATE_UT":"WEST BENGAL"},"arcs":[[-330,-314,-118,-113,-117,333]]},{"type":"Polygon","properties":{"ac":"191","ASSEMBLY_1":"BALAGARH (SC)","DISTRICT":"HOOGHLY","PARLIAMENT":"28","P_NAME":"HOOGHLY","STATE_UT":"WEST BENGAL"},"arcs":[[334,335,336,337,-331,-334,-116]]},{"type":"Polygon","properties":{"ac":"190","ASSEMBLY_1":"CHUNCHURA","DISTRICT":"HOOGHLY","PARLIAMENT":"28","P_NAME":"HOOGHLY","STATE_UT":"WEST BENGAL"},"arcs":[[338,339,340,341,342,343,-333,344]]},{"type":"Polygon","properties":{"ac":"189","ASSEMBLY_1":"CHANDANNAGAR","DISTRICT":"HOOGHLY","PARLIAMENT":"28","P_NAME":"HOOGHLY","STATE_UT":"WEST BENGAL"},"arcs":[[-343,345,346,347]]},{"type":"Polygon","properties":{"ac":"188","ASSEMBLY_1":"SINGUR","DISTRICT":"HOOGHLY","PARLIAMENT":"28","P_NAME":"HOOGHLY","STATE_UT":"WEST BENGAL"},"arcs":[[-344,-348,348,349,-327,-321,-319,-329]]},{"type":"Polygon","properties":{"ac":"187","ASSEMBLY_1":"CHAMPDANI","DISTRICT":"HOOGHLY","PARLIAMENT":"27","P_NAME":"SREERAMPUR","STATE_UT":"WEST BENGAL"},"arcs":[[350,351,352,353,354,-349,-347]]},{"type":"Polygon","properties":{"ac":"186","ASSEMBLY_1":"SREERAMPUR","DISTRICT":"HOOGHLY","PARLIAMENT":"27","P_NAME":"SREERAMPUR","STATE_UT":"WEST BENGAL"},"arcs":[[-355,355,356,357,-328,-350]]},{"type":"Polygon","properties":{"ac":"185","ASSEMBLY_1":"UTTARPARA","DISTRICT":"HOOGHLY","PARLIAMENT":"27","P_NAME":"SREERAMPUR","STATE_UT":"WEST BENGAL"},"arcs":[[-358,358,359,360,361,362,-324]]},{"type":"Polygon","properties":{"ac":"184","ASSEMBLY_1":"DOMJUR","DISTRICT":"HOWRAH","PARLIAMENT":"27","P_NAME":"SREERAMPUR","STATE_UT":"WEST BENGAL"},"arcs":[[363,-325,-363,364,365,366,367]]},{"type":"Polygon","properties":{"ac":"183","ASSEMBLY_1":"JAGATBALLAVPUR","DISTRICT":"HOWRAH","PARLIAMENT":"27","P_NAME":"SREERAMPUR","STATE_UT":"WEST BENGAL"},"arcs":[[-323,-326,-364,368,369,370,371]]},{"type":"Polygon","properties":{"ac":"182","ASSEMBLY_1":"UDAYNARAYANPUR","DISTRICT":"HOWRAH","PARLIAMENT":"26","P_NAME":"ULUBERIA","STATE_UT":"WEST BENGAL"},"arcs":[[-320,-372,372,373,374,-304,-310]]},{"type":"Polygon","properties":{"ac":"181","ASSEMBLY_1":"AMTA","DISTRICT":"HOWRAH","PARLIAMENT":"26","P_NAME":"ULUBERIA","STATE_UT":"WEST BENGAL"},"arcs":[[375,376,-296,-222,-305,-375]]},{"type":"Polygon","properties":{"ac":"180","ASSEMBLY_1":"BAGNAN","DISTRICT":"HOWRAH","PARLIAMENT":"26","P_NAME":"ULUBERIA","STATE_UT":"WEST BENGAL"},"arcs":[[-297,-377,377,378,379,-299]]},{"type":"Polygon","properties":{"ac":"179","ASSEMBLY_1":"SHYAMPUR","DISTRICT":"HOWRAH","PARLIAMENT":"26","P_NAME":"ULUBERIA","STATE_UT":"WEST BENGAL"},"arcs":[[-287,-300,-380,380,381,382]]},{"type":"Polygon","properties":{"ac":"178","ASSEMBLY_1":"ULUBERIA DAKSHIN","DISTRICT":"HOWRAH","PARLIAMENT":"26","P_NAME":"ULUBERIA","STATE_UT":"WEST BENGAL"},"arcs":[[383,384,385,386,-381,-379,387]]},{"type":"Polygon","properties":{"ac":"177","ASSEMBLY_1":"ULUBERIA UTTAR (SC)","DISTRICT":"HOWRAH","PARLIAMENT":"26","P_NAME":"ULUBERIA","STATE_UT":"WEST BENGAL"},"arcs":[[-376,-374,388,389,-388,-378]]},{"type":"Polygon","properties":{"ac":"176","ASSEMBLY_1":"ULUBERIA PURBA","DISTRICT":"HOWRAH","PARLIAMENT":"26","P_NAME":"ULUBERIA","STATE_UT":"WEST BENGAL"},"arcs":[[-390,390,391,392,-384]]},{"type":"Polygon","properties":{"ac":"175","ASSEMBLY_1":"PANCHLA","DISTRICT":"HOWRAH","PARLIAMENT":"25","P_NAME":"HOWRAH","STATE_UT":"WEST BENGAL"},"arcs":[[-371,393,-391,-389,-373]]},{"type":"Polygon","properties":{"ac":"174","ASSEMBLY_1":"SANKRAIL (SC)","DISTRICT":"HOWRAH","PARLIAMENT":"25","P_NAME":"HOWRAH","STATE_UT":"WEST BENGAL"},"arcs":[[-394,-370,394,395,396,397,-392]]},{"type":"Polygon","properties":{"ac":"173","ASSEMBLY_1":"HOWRAH DAKSHIN","DISTRICT":"HOWRAH","PARLIAMENT":"25","P_NAME":"HOWRAH","STATE_UT":"WEST BENGAL"},"arcs":[[-395,-369,-368,398,399,400,401,402]]},{"type":"Polygon","properties":{"ac":"172","ASSEMBLY_1":"SHIBPUR","DISTRICT":"HOWRAH","PARLIAMENT":"25","P_NAME":"HOWRAH","STATE_UT":"WEST BENGAL"},"arcs":[[403,404,-399,-367]]},{"type":"Polygon","properties":{"ac":"171","ASSEMBLY_1":"HOWRAH MADHYA","DISTRICT":"HOWRAH","PARLIAMENT":"25","P_NAME":"HOWRAH","STATE_UT":"WEST BENGAL"},"arcs":[[-400,-405,405,406,407]]},{"type":"Polygon","properties":{"ac":"170","ASSEMBLY_1":"HOWRAH UTTAR","DISTRICT":"HOWRAH","PARLIAMENT":"25","P_NAME":"HOWRAH","STATE_UT":"WEST BENGAL"},"arcs":[[-404,-366,408,409,410,411,412,-406]]},{"type":"Polygon","properties":{"ac":"169","ASSEMBLY_1":"BALLY","DISTRICT":"HOWRAH","PARLIAMENT":"25","P_NAME":"HOWRAH","STATE_UT":"WEST BENGAL"},"arcs":[[413,-409,-365,-362,414]]},{"type":"Polygon","properties":{"ac":"168","ASSEMBLY_1":"KASHIPUR-BELGACHHIA","DISTRICT":"KOLKATA","PARLIAMENT":"24","P_NAME":"KOLKATA UTTAR","STATE_UT":"WEST BENGAL"},"arcs":[[415,-410,-414,416,417,418,419]]},{"type":"Polygon","properties":{"ac":"167","ASSEMBLY_1":"MANIKTALA","DISTRICT":"KOLKATA","PARLIAMENT":"24","P_NAME":"KOLKATA UTTAR","STATE_UT":"WEST BENGAL"},"arcs":[[420,421,422,423,-420,424]]},{"type":"Polygon","properties":{"ac":"166","ASSEMBLY_1":"SHYAMPUKUR","DISTRICT":"KOLKATA","PARLIAMENT":"24","P_NAME":"KOLKATA UTTAR","STATE_UT":"WEST BENGAL"},"arcs":[[-424,425,-411,-416]]},{"type":"Polygon","properties":{"ac":"165","ASSEMBLY_1":"JORASANKO","DISTRICT":"KOLKATA","PARLIAMENT":"24","P_NAME":"KOLKATA UTTAR","STATE_UT":"WEST BENGAL"},"arcs":[[-423,426,427,-412,-426]]},{"type":"Polygon","properties":{"ac":"164","ASSEMBLY_1":"BELEGHATA","DISTRICT":"KOLKATA","PARLIAMENT":"24","P_NAME":"KOLKATA UTTAR","STATE_UT":"WEST BENGAL"},"arcs":[[428,-427,-422,429,430,431]]},{"type":"Polygon","properties":{"ac":"163","ASSEMBLY_1":"ENTALLY","DISTRICT":"KOLKATA","PARLIAMENT":"24","P_NAME":"KOLKATA UTTAR","STATE_UT":"WEST BENGAL"},"arcs":[[-432,432,433,434]]},{"type":"Polygon","properties":{"ac":"162","ASSEMBLY_1":"CHOWRANGEE","DISTRICT":"KOLKATA","PARLIAMENT":"24","P_NAME":"KOLKATA UTTAR","STATE_UT":"WEST BENGAL"},"arcs":[[-429,-435,435,436,-407,-413,-428]]},{"type":"Polygon","properties":{"ac":"161","ASSEMBLY_1":"BALLYGUNGE","DISTRICT":"KOLKATA","PARLIAMENT":"23","P_NAME":"KOLKATA DAKSHIN","STATE_UT":"WEST BENGAL"},"arcs":[[437,-436,-434,438,439]]},{"type":"Polygon","properties":{"ac":"160","ASSEMBLY_1":"RASHBEHARI","DISTRICT":"KOLKATA","PARLIAMENT":"23","P_NAME":"KOLKATA DAKSHIN","STATE_UT":"WEST BENGAL"},"arcs":[[-440,440,441,442,443,444,445]]},{"type":"Polygon","properties":{"ac":"159","ASSEMBLY_1":"BHABANIPUR","DISTRICT":"KOLKATA","PARLIAMENT":"23","P_NAME":"KOLKATA DAKSHIN","STATE_UT":"WEST BENGAL"},"arcs":[[-438,-446,446,-401,-408,-437]]},{"type":"Polygon","properties":{"ac":"158","ASSEMBLY_1":"KOLKATA PORT","DISTRICT":"KOLKATA","PARLIAMENT":"23","P_NAME":"KOLKATA DAKSHIN","STATE_UT":"WEST BENGAL"},"arcs":[[-445,447,448,449,-402,-447]]},{"type":"Polygon","properties":{"ac":"157","ASSEMBLY_1":"MATIABURZ","DISTRICT":"SOUTH 24 PARGANAS","PARLIAMENT":"21","P_NAME":"DIAMOND HARBOUR","STATE_UT":"WEST BENGAL"},"arcs":[[450,-396,-403,-450]]},{"type":"Polygon","properties":{"ac":"156","ASSEMBLY_1":"BUDGE BUDGE","DISTRICT":"SOUTH 24 PARGANAS","PARLIAMENT":"21","P_NAME":"DIAMOND HARBOUR","STATE_UT":"WEST BENGAL"},"arcs":[[451,452,-385,-393,-398,453]]},{"type":"Polygon","properties":{"ac":"155","ASSEMBLY_1":"MAHESHTALA","DISTRICT":"SOUTH 24 PARGANAS","PARLIAMENT":"21","P_NAME":"DIAMOND HARBOUR","STATE_UT":"WEST BENGAL"},"arcs":[[454,-454,-397,-451,-449,455]]},{"type":"Polygon","properties":{"ac":"154","ASSEMBLY_1":"BEHALA PASCHIM","DISTRICT":"SOUTH 24 PARGANAS","PARLIAMENT":"23","P_NAME":"KOLKATA DAKSHIN","STATE_UT":"WEST BENGAL"},"arcs":[[-456,-448,-444,456,457,458]]},{"type":"Polygon","properties":{"ac":"153","ASSEMBLY_1":"BEHALA PURBA","DISTRICT":"SOUTH 24 PARGANAS","PARLIAMENT":"23","P_NAME":"KOLKATA DAKSHIN","STATE_UT":"WEST BENGAL"},"arcs":[[459,460,-458,461]]},{"type":"Polygon","properties":{"ac":"152","ASSEMBLY_1":"TOLLYGANJ","DISTRICT":"SOUTH 24 PARGANAS","PARLIAMENT":"22","P_NAME":"JADAVPUR","STATE_UT":"WEST BENGAL"},"arcs":[[-457,-443,462,463,-462]]},{"type":"Polygon","properties":{"ac":"151","ASSEMBLY_1":"SONARPUR UTTAR","DISTRICT":"SOUTH 24 PARGANAS","PARLIAMENT":"22","P_NAME":"JADAVPUR","STATE_UT":"WEST BENGAL"},"arcs":[[464,465,466,467,468,-460,-464,469]]},{"type":"Polygon","properties":{"ac":"150","ASSEMBLY_1":"JADAVPUR","DISTRICT":"SOUTH 24 PARGANAS","PARLIAMENT":"22","P_NAME":"JADAVPUR","STATE_UT":"WEST BENGAL"},"arcs":[[-463,-442,470,-470]]},{"type":"Polygon","properties":{"ac":"149","ASSEMBLY_1":"KASBA","DISTRICT":"SOUTH 24 PARGANAS","PARLIAMENT":"23","P_NAME":"KOLKATA DAKSHIN","STATE_UT":"WEST BENGAL"},"arcs":[[-465,-471,-441,-439,-433,-431,471]]},{"type":"Polygon","properties":{"ac":"148","ASSEMBLY_1":"BHANGAR","DISTRICT":"SOUTH 24 PARGANAS","PARLIAMENT":"22","P_NAME":"JADAVPUR","STATE_UT":"WEST BENGAL"},"arcs":[[472,473,474,475,476,-467,477,478]]},{"type":"Polygon","properties":{"ac":"147","ASSEMBLY_1":"SONARPUR DAKSHIN","DISTRICT":"SOUTH 24 PARGANAS","PARLIAMENT":"22","P_NAME":"JADAVPUR","STATE_UT":"WEST BENGAL"},"arcs":[[479,480,481,482,-468,-477,483]]},{"type":"Polygon","properties":{"ac":"146","ASSEMBLY_1":"BISHNUPUR (SC)","DISTRICT":"SOUTH 24 PARGANAS","PARLIAMENT":"21","P_NAME":"DIAMOND HARBOUR","STATE_UT":"WEST BENGAL"},"arcs":[[484,485,486,487,-452,-455,-459,-461,-469,-483]]},{"type":"Polygon","properties":{"ac":"145","ASSEMBLY_1":"SATGACHHIA","DISTRICT":"SOUTH 24 PARGANAS","PARLIAMENT":"21","P_NAME":"DIAMOND HARBOUR","STATE_UT":"WEST BENGAL"},"arcs":[[-488,488,489,-386,-453]]},{"type":"Polygon","properties":{"ac":"144","ASSEMBLY_1":"FALTA","DISTRICT":"SOUTH 24 PARGANAS","PARLIAMENT":"21","P_NAME":"DIAMOND HARBOUR","STATE_UT":"WEST BENGAL"},"arcs":[[490,-382,-387,-490,491]]},{"type":"Polygon","properties":{"ac":"143","ASSEMBLY_1":"DIAMOND HARBOUR","DISTRICT":"SOUTH 24 PARGANAS","PARLIAMENT":"21","P_NAME":"DIAMOND HARBOUR","STATE_UT":"WEST BENGAL"},"arcs":[[-383,-491,492,493,-283,-288]]},{"type":"Polygon","properties":{"ac":"142","ASSEMBLY_1":"MAGRAHAT PASCHIM","DISTRICT":"SOUTH 24 PARGANAS","PARLIAMENT":"20","P_NAME":"MATHURAPUR (SC)","STATE_UT":"WEST BENGAL"},"arcs":[[-489,-487,494,495,496,-493,-492]]},{"type":"Polygon","properties":{"ac":"141","ASSEMBLY_1":"MAGRAHAT PURBA (SC)","DISTRICT":"SOUTH 24 PARGANAS","PARLIAMENT":"19","P_NAME":"JAYNAGAR (SC)","STATE_UT":"WEST BENGAL"},"arcs":[[-495,-486,497,498,499,500]]},{"type":"Polygon","properties":{"ac":"140","ASSEMBLY_1":"BARUIPUR PASCHIM","DISTRICT":"SOUTH 24 PARGANAS","PARLIAMENT":"22","P_NAME":"JADAVPUR","STATE_UT":"WEST BENGAL"},"arcs":[[501,-498,-485,-482]]},{"type":"Polygon","properties":{"ac":"139","ASSEMBLY_1":"CANNING PURBA","DISTRICT":"SOUTH 24 PARGANAS","PARLIAMENT":"19","P_NAME":"JAYNAGAR (SC)","STATE_UT":"WEST BENGAL"},"arcs":[[-476,502,503,504,505,-484]]},{"type":"Polygon","properties":{"ac":"138","ASSEMBLY_1":"CANNING PASCHIM (SC)","DISTRICT":"SOUTH 24 PARGANAS","PARLIAMENT":"19","P_NAME":"JAYNAGAR (SC)","STATE_UT":"WEST BENGAL"},"arcs":[[506,507,-480,-506,508]]},{"type":"Polygon","properties":{"ac":"137","ASSEMBLY_1":"BARUIPUR PURBA (SC)","DISTRICT":"SOUTH 24 PARGANAS","PARLIAMENT":"22","P_NAME":"JADAVPUR","STATE_UT":"WEST BENGAL"},"arcs":[[-481,-508,509,510,-499,-502]]},{"type":"Polygon","properties":{"ac":"136","ASSEMBLY_1":"JAYNAGAR (SC)","DISTRICT":"SOUTH 24 PARGANAS","PARLIAMENT":"19","P_NAME":"JAYNAGAR (SC)","STATE_UT":"WEST BENGAL"},"arcs":[[-511,511,512,513,-500]]},{"type":"Polygon","properties":{"ac":"135","ASSEMBLY_1":"MANDIRBAZAR (SC)","DISTRICT":"SOUTH 24 PARGANAS","PARLIAMENT":"20","P_NAME":"MATHURAPUR (SC)","STATE_UT":"WEST BENGAL"},"arcs":[[514,515,516,-513,517]]},{"type":"Polygon","properties":{"ac":"134","ASSEMBLY_1":"RAIDIGHI","DISTRICT":"SOUTH 24 PARGANAS","PARLIAMENT":"20","P_NAME":"MATHURAPUR (SC)","STATE_UT":"WEST BENGAL"},"arcs":[[-514,-517,518,-496,-501]]},{"type":"Polygon","properties":{"ac":"133","ASSEMBLY_1":"KULPI","DISTRICT":"SOUTH 24 PARGANAS","PARLIAMENT":"20","P_NAME":"MATHURAPUR (SC)","STATE_UT":"WEST BENGAL"},"arcs":[[-494,-497,-519,-516,519,520,-289,-284]]},{"type":"Polygon","properties":{"ac":"132","ASSEMBLY_1":"SAGAR","DISTRICT":"SOUTH 24 PARGANAS","PARLIAMENT":"20","P_NAME":"MATHURAPUR (SC)","STATE_UT":"WEST BENGAL"},"arcs":[[-281,521,522,523,-263]]},{"type":"Polygon","properties":{"ac":"131","ASSEMBLY_1":"KAKDWIP","DISTRICT":"SOUTH 24 PARGANAS","PARLIAMENT":"20","P_NAME":"MATHURAPUR (SC)","STATE_UT":"WEST BENGAL"},"arcs":[[-521,524,-522,-280,-290]]},{"type":"Polygon","properties":{"ac":"130","ASSEMBLY_1":"PATHARPRATIMA","DISTRICT":"SOUTH 24 PARGANAS","PARLIAMENT":"20","P_NAME":"MATHURAPUR (SC)","STATE_UT":"WEST BENGAL"},"arcs":[[-515,525,526,-523,-525,-520]]},{"type":"Polygon","properties":{"ac":"129","ASSEMBLY_1":"KULTALI (SC)","DISTRICT":"SOUTH 24 PARGANAS","PARLIAMENT":"19","P_NAME":"JAYNAGAR (SC)","STATE_UT":"WEST BENGAL"},"arcs":[[527,528,529,-526,-518,-512,-510,-507]]},{"type":"Polygon","properties":{"ac":"128","ASSEMBLY_1":"BASANTI (SC)","DISTRICT":"SOUTH 24 PARGANAS","PARLIAMENT":"19","P_NAME":"JAYNAGAR (SC)","STATE_UT":"WEST BENGAL"},"arcs":[[530,531,-528,-509,-505]]},{"type":"Polygon","properties":{"ac":"127","ASSEMBLY_1":"GOSABA (SC)","DISTRICT":"SOUTH 24 PARGANAS","PARLIAMENT":"19","P_NAME":"JAYNAGAR (SC)","STATE_UT":"WEST BENGAL"},"arcs":[[-529,-532,532,533,534]]},{"type":"Polygon","properties":{"ac":"126","ASSEMBLY_1":"HINGALGANJ (SC)","DISTRICT":"NORTH 24 PARGANAS","PARLIAMENT":"18","P_NAME":"BASIRHAT","STATE_UT":"WEST BENGAL"},"arcs":[[535,536,537,538,-534]]},{"type":"Polygon","properties":{"ac":"125","ASSEMBLY_1":"BASIRHAT-UTTAR","DISTRICT":"NORTH 24 PARGANAS","PARLIAMENT":"18","P_NAME":"BASIRHAT","STATE_UT":"WEST BENGAL"},"arcs":[[539,-537,540,541,542,543]]},{"type":"Polygon","properties":{"ac":"124","ASSEMBLY_1":"BASIRHAT-DAKSHIN","DISTRICT":"NORTH 24 PARGANAS","PARLIAMENT":"18","P_NAME":"BASIRHAT","STATE_UT":"WEST BENGAL"},"arcs":[[-540,544,545,546,-538]]},{"type":"Polygon","properties":{"ac":"123","ASSEMBLY_1":"SANDESHKHALI (ST)","DISTRICT":"NORTH 24 PARGANAS","PARLIAMENT":"18","P_NAME":"BASIRHAT","STATE_UT":"WEST BENGAL"},"arcs":[[-536,-533,-531,-504,547]]},{"type":"Polygon","properties":{"ac":"122","ASSEMBLY_1":"MINAKHAN (SC)","DISTRICT":"NORTH 24 PARGANAS","PARLIAMENT":"18","P_NAME":"BASIRHAT","STATE_UT":"WEST BENGAL"},"arcs":[[-541,-548,-503,-475,548]]},{"type":"Polygon","properties":{"ac":"121","ASSEMBLY_1":"HAORA","DISTRICT":"NORTH 24 PARGANAS","PARLIAMENT":"18","P_NAME":"BASIRHAT","STATE_UT":"WEST BENGAL"},"arcs":[[-474,549,550,551,-542,-549]]},{"type":"Polygon","properties":{"ac":"120","ASSEMBLY_1":"DEGANGA","DISTRICT":"NORTH 24 PARGANAS","PARLIAMENT":"17","P_NAME":"BARASAT","STATE_UT":"WEST BENGAL"},"arcs":[[552,553,-543,-552,554,555,556,557]]},{"type":"Polygon","properties":{"ac":"119","ASSEMBLY_1":"BARASAT","DISTRICT":"NORTH 24 PARGANAS","PARLIAMENT":"17","P_NAME":"BARASAT","STATE_UT":"WEST BENGAL"},"arcs":[[558,-556,559]]},{"type":"Polygon","properties":{"ac":"118","ASSEMBLY_1":"MADHYAMGRAM","DISTRICT":"NORTH 24 PARGANAS","PARLIAMENT":"17","P_NAME":"BARASAT","STATE_UT":"WEST BENGAL"},"arcs":[[-555,-551,560,561,562,563,564,-560]]},{"type":"Polygon","properties":{"ac":"117","ASSEMBLY_1":"RAJARHAT GOPALPUR","DISTRICT":"NORTH 24 PARGANAS","PARLIAMENT":"16","P_NAME":"DUM DUM","STATE_UT":"WEST BENGAL"},"arcs":[[565,-425,-419,566,567,-479]]},{"type":"Polygon","properties":{"ac":"116","ASSEMBLY_1":"BIDHAN NAGAR","DISTRICT":"NORTH 24 PARGANAS","PARLIAMENT":"17","P_NAME":"BARASAT","STATE_UT":"WEST BENGAL"},"arcs":[[-566,-478,-466,-472,-430,-421]]},{"type":"Polygon","properties":{"ac":"115","ASSEMBLY_1":"RAJARHAT NEW TOWN","DISTRICT":"NORTH 24 PARGANAS","PARLIAMENT":"17","P_NAME":"BARASAT","STATE_UT":"WEST BENGAL"},"arcs":[[568,-561,-550,-473,-568]]},{"type":"Polygon","properties":{"ac":"114","ASSEMBLY_1":"DUM DUM","DISTRICT":"NORTH 24 PARGANAS","PARLIAMENT":"16","P_NAME":"DUM DUM","STATE_UT":"WEST BENGAL"},"arcs":[[-562,-569,-567,-418,569,570,571]]},{"type":"Polygon","properties":{"ac":"113","ASSEMBLY_1":"BARANAGAR","DISTRICT":"NORTH 24 PARGANAS","PARLIAMENT":"16","P_NAME":"DUM DUM","STATE_UT":"WEST BENGAL"},"arcs":[[-361,572,-570,-417,-415]]},{"type":"Polygon","properties":{"ac":"112","ASSEMBLY_1":"KAMARHATI","DISTRICT":"NORTH 24 PARGANAS","PARLIAMENT":"16","P_NAME":"DUM DUM","STATE_UT":"WEST BENGAL"},"arcs":[[573,-571,-573,-360,574]]},{"type":"Polygon","properties":{"ac":"111","ASSEMBLY_1":"PANIHATI","DISTRICT":"NORTH 24 PARGANAS","PARLIAMENT":"16","P_NAME":"DUM DUM","STATE_UT":"WEST BENGAL"},"arcs":[[575,-575,-359,-357,576]]},{"type":"Polygon","properties":{"ac":"110","ASSEMBLY_1":"DUM DUM UTTAR","DISTRICT":"NORTH 24 PARGANAS","PARLIAMENT":"16","P_NAME":"DUM DUM","STATE_UT":"WEST BENGAL"},"arcs":[[-563,-572,-574,-576,577]]},{"type":"Polygon","properties":{"ac":"109","ASSEMBLY_1":"KHARDAHA","DISTRICT":"NORTH 24 PARGANAS","PARLIAMENT":"16","P_NAME":"DUM DUM","STATE_UT":"WEST BENGAL"},"arcs":[[-564,-578,-577,-356,-354,578,579,580]]},{"type":"Polygon","properties":{"ac":"108","ASSEMBLY_1":"BARRACKPUR","DISTRICT":"NORTH 24 PARGANAS","PARLIAMENT":"15","P_NAME":"BARRACKPUR","STATE_UT":"WEST BENGAL"},"arcs":[[-579,-353,581]]},{"type":"Polygon","properties":{"ac":"107","ASSEMBLY_1":"NOAPARA","DISTRICT":"NORTH 24 PARGANAS","PARLIAMENT":"15","P_NAME":"BARRACKPUR","STATE_UT":"WEST BENGAL"},"arcs":[[582,-580,-582,-352,583,584]]},{"type":"Polygon","properties":{"ac":"106","ASSEMBLY_1":"JAGATDAL","DISTRICT":"NORTH 24 PARGANAS","PARLIAMENT":"15","P_NAME":"BARRACKPUR","STATE_UT":"WEST BENGAL"},"arcs":[[-584,-351,-346,-342,585]]},{"type":"Polygon","properties":{"ac":"105","ASSEMBLY_1":"BHATPARA","DISTRICT":"NORTH 24 PARGANAS","PARLIAMENT":"15","P_NAME":"BARRACKPUR","STATE_UT":"WEST BENGAL"},"arcs":[[586,-585,-586,-341,587]]},{"type":"Polygon","properties":{"ac":"104","ASSEMBLY_1":"NAIHATI","DISTRICT":"NORTH 24 PARGANAS","PARLIAMENT":"15","P_NAME":"BARRACKPUR","STATE_UT":"WEST BENGAL"},"arcs":[[588,589,-588,-340,590,591]]},{"type":"Polygon","properties":{"ac":"103","ASSEMBLY_1":"BIJPUR","DISTRICT":"NORTH 24 PARGANAS","PARLIAMENT":"15","P_NAME":"BARRACKPUR","STATE_UT":"WEST BENGAL"},"arcs":[[-339,592,-591]]},{"type":"Polygon","properties":{"ac":"102","ASSEMBLY_1":"AMDANGA","DISTRICT":"NORTH 24 PARGANAS","PARLIAMENT":"15","P_NAME":"BARRACKPUR","STATE_UT":"WEST BENGAL"},"arcs":[[593,-557,-559,-565,-581,-583,-587,-590,594,595]]},{"type":"Polygon","properties":{"ac":"101","ASSEMBLY_1":"ASHOKNAGAR","DISTRICT":"NORTH 24 PARGANAS","PARLIAMENT":"17","P_NAME":"BARASAT","STATE_UT":"WEST BENGAL"},"arcs":[[-596,596,597,598]]},{"type":"Polygon","properties":{"ac":"100","ASSEMBLY_1":"HABRA","DISTRICT":"NORTH 24 PARGANAS","PARLIAMENT":"17","P_NAME":"BARASAT","STATE_UT":"WEST BENGAL"},"arcs":[[-599,599,-558,-594]]},{"type":"Polygon","properties":{"ac":"99","ASSEMBLY_1":"BADURIA","DISTRICT":"NORTH 24 PARGANAS","PARLIAMENT":"18","P_NAME":"BASIRHAT","STATE_UT":"WEST BENGAL"},"arcs":[[600,-545,-544,-554,601]]},{"type":"Polygon","properties":{"ac":"98","ASSEMBLY_1":"SWARUPNAGAR (SC)","DISTRICT":"NORTH 24 PARGANAS","PARLIAMENT":"14","P_NAME":"BANGAON (SC)","STATE_UT":"WEST BENGAL"},"arcs":[[-601,602,603,604,-546]]},{"type":"Polygon","properties":{"ac":"97","ASSEMBLY_1":"GAIGHATA (SC)","DISTRICT":"NORTH 24 PARGANAS","PARLIAMENT":"14","P_NAME":"BANGAON (SC)","STATE_UT":"WEST BENGAL"},"arcs":[[-598,605,606,-603,-602,-553,-600]]},{"type":"Polygon","properties":{"ac":"96","ASSEMBLY_1":"BANGAON DAKSHIN (SC)","DISTRICT":"NORTH 24 PARGANAS","PARLIAMENT":"14","P_NAME":"BANGAON (SC)","STATE_UT":"WEST BENGAL"},"arcs":[[-607,607,608,609,610,-604]]},{"type":"Polygon","properties":{"ac":"95","ASSEMBLY_1":"BANGAON UTTAR(SC)","DISTRICT":"NORTH 24 PARGANAS","PARLIAMENT":"14","P_NAME":"BANGAON (SC)","STATE_UT":"WEST BENGAL"},"arcs":[[-610,611,612,613,614]]},{"type":"Polygon","properties":{"ac":"94","ASSEMBLY_1":"BAGDA (SC)","DISTRICT":"NORTH 24 PARGANAS","PARLIAMENT":"14","P_NAME":"BANGAON (SC)","STATE_UT":"WEST BENGAL"},"arcs":[[-614,615,616,617]]},{"type":"Polygon","properties":{"ac":"93","ASSEMBLY_1":"HARINGHATA (SC)","DISTRICT":"NADIA","PARLIAMENT":"14","P_NAME":"BANGAON (SC)","STATE_UT":"WEST BENGAL"},"arcs":[[618,619,-608,-606,-597,-595,-589]]},{"type":"Polygon","properties":{"ac":"92","ASSEMBLY_1":"KALYANI (SC)","DISTRICT":"NADIA","PARLIAMENT":"14","P_NAME":"BANGAON (SC)","STATE_UT":"WEST BENGAL"},"arcs":[[-592,-593,-345,-332,-338,620,-619]]},{"type":"Polygon","properties":{"ac":"91","ASSEMBLY_1":"CHAKDAHA","DISTRICT":"NADIA","PARLIAMENT":"13","P_NAME":"RANAGHAT (SC)","STATE_UT":"WEST BENGAL"},"arcs":[[-609,-620,-621,-337,621,-612]]},{"type":"Polygon","properties":{"ac":"90","ASSEMBLY_1":"RANAGHAT DAKSHIN  (SC)","DISTRICT":"NADIA","PARLIAMENT":"13","P_NAME":"RANAGHAT (SC)","STATE_UT":"WEST BENGAL"},"arcs":[[622,-616,-613,-622,-336,623,624]]},{"type":"Polygon","properties":{"ac":"89","ASSEMBLY_1":"RANAGHAT UTTAR PURBA(SC)","DISTRICT":"NADIA","PARLIAMENT":"13","P_NAME":"RANAGHAT (SC)","STATE_UT":"WEST BENGAL"},"arcs":[[625,626,-617,-623,627]]},{"type":"Polygon","properties":{"ac":"88","ASSEMBLY_1":"KRISHNAGANJ (SC)","DISTRICT":"NADIA","PARLIAMENT":"13","P_NAME":"RANAGHAT (SC)","STATE_UT":"WEST BENGAL"},"arcs":[[628,629,630,631,632,-626]]},{"type":"Polygon","properties":{"ac":"87","ASSEMBLY_1":"RANAGHAT UTTAR PASCHIM","DISTRICT":"NADIA","PARLIAMENT":"13","P_NAME":"RANAGHAT (SC)","STATE_UT":"WEST BENGAL"},"arcs":[[-629,-628,-625,633,634]]},{"type":"Polygon","properties":{"ac":"86","ASSEMBLY_1":"SANTIPUR","DISTRICT":"NADIA","PARLIAMENT":"13","P_NAME":"RANAGHAT (SC)","STATE_UT":"WEST BENGAL"},"arcs":[[635,636,-634,-624,-335,-115,-96]]},{"type":"Polygon","properties":{"ac":"85","ASSEMBLY_1":"KRISHNANAGAR DAKSHIN","DISTRICT":"NADIA","PARLIAMENT":"13","P_NAME":"RANAGHAT (SC)","STATE_UT":"WEST BENGAL"},"arcs":[[637,638,-630,-635,-637,639,-93,640]]},{"type":"Polygon","properties":{"ac":"84","ASSEMBLY_1":"NABADWIP","DISTRICT":"NADIA","PARLIAMENT":"12","P_NAME":"KRISHNANAGAR","STATE_UT":"WEST BENGAL"},"arcs":[[-100,-94,-640,-636]]},{"type":"Polygon","properties":{"ac":"83","ASSEMBLY_1":"KRISHNA NAGAR  UTTAR","DISTRICT":"NADIA","PARLIAMENT":"12","P_NAME":"KRISHNANAGAR","STATE_UT":"WEST BENGAL"},"arcs":[[641,-631,-639]]},{"type":"Polygon","properties":{"ac":"82","ASSEMBLY_1":"CHAPRA","DISTRICT":"NADIA","PARLIAMENT":"12","P_NAME":"KRISHNANAGAR","STATE_UT":"WEST BENGAL"},"arcs":[[-632,-642,-638,642,643,644]]},{"type":"Polygon","properties":{"ac":"81","ASSEMBLY_1":"NAKASHIPARA","DISTRICT":"NADIA","PARLIAMENT":"12","P_NAME":"KRISHNANAGAR","STATE_UT":"WEST BENGAL"},"arcs":[[645,-643,-641,-92,-89,646]]},{"type":"Polygon","properties":{"ac":"80","ASSEMBLY_1":"KALIGANJ","DISTRICT":"NADIA","PARLIAMENT":"12","P_NAME":"KRISHNANAGAR","STATE_UT":"WEST BENGAL"},"arcs":[[-647,-88,-82,647,648,649]]},{"type":"Polygon","properties":{"ac":"79","ASSEMBLY_1":"PALASHIPARA","DISTRICT":"NADIA","PARLIAMENT":"12","P_NAME":"KRISHNANAGAR","STATE_UT":"WEST BENGAL"},"arcs":[[-650,650,651,652,-644,-646]]},{"type":"Polygon","properties":{"ac":"78","ASSEMBLY_1":"TEHATTA","DISTRICT":"NADIA","PARLIAMENT":"12","P_NAME":"KRISHNANAGAR","STATE_UT":"WEST BENGAL"},"arcs":[[653,654,655,656,-652]]},{"type":"Polygon","properties":{"ac":"77","ASSEMBLY_1":"KARIMPUR","DISTRICT":"NADIA","PARLIAMENT":"11","P_NAME":"MURSHIDABAD","STATE_UT":"WEST BENGAL"},"arcs":[[657,658,659,-656]]},{"type":"Polygon","properties":{"ac":"76","ASSEMBLY_1":"JALANGI","DISTRICT":"MURSHIDABAD","PARLIAMENT":"11","P_NAME":"MURSHIDABAD","STATE_UT":"WEST BENGAL"},"arcs":[[660,-659,661,662]]},{"type":"Polygon","properties":{"ac":"75","ASSEMBLY_1":"DOMKAL","DISTRICT":"MURSHIDABAD","PARLIAMENT":"11","P_NAME":"MURSHIDABAD","STATE_UT":"WEST BENGAL"},"arcs":[[-658,-655,663,664,665,-662]]},{"type":"Polygon","properties":{"ac":"74","ASSEMBLY_1":"NAODA","DISTRICT":"MURSHIDABAD","PARLIAMENT":"10","P_NAME":"BARHAMPUR","STATE_UT":"WEST BENGAL"},"arcs":[[666,667,-664,-654,-651,-649,668]]},{"type":"Polygon","properties":{"ac":"73","ASSEMBLY_1":"HARIHARPARA","DISTRICT":"MURSHIDABAD","PARLIAMENT":"11","P_NAME":"MURSHIDABAD","STATE_UT":"WEST BENGAL"},"arcs":[[669,670,-665,-668,671,672]]},{"type":"Polygon","properties":{"ac":"72","ASSEMBLY_1":"BAHARAMPUR","DISTRICT":"MURSHIDABAD","PARLIAMENT":"10","P_NAME":"BARHAMPUR","STATE_UT":"WEST BENGAL"},"arcs":[[673,-673,674,675]]},{"type":"Polygon","properties":{"ac":"71","ASSEMBLY_1":"BELDANGA","DISTRICT":"MURSHIDABAD","PARLIAMENT":"10","P_NAME":"BARHAMPUR","STATE_UT":"WEST BENGAL"},"arcs":[[676,-675,-672,-667,677,678]]},{"type":"Polygon","properties":{"ac":"70","ASSEMBLY_1":"REJINAGAR","DISTRICT":"MURSHIDABAD","PARLIAMENT":"10","P_NAME":"BARHAMPUR","STATE_UT":"WEST BENGAL"},"arcs":[[679,680,-678,-669,-648,-86]]},{"type":"Polygon","properties":{"ac":"69","ASSEMBLY_1":"BHARATPUR","DISTRICT":"MURSHIDABAD","PARLIAMENT":"10","P_NAME":"BARHAMPUR","STATE_UT":"WEST BENGAL"},"arcs":[[-680,-85,681,682]]},{"type":"Polygon","properties":{"ac":"68","ASSEMBLY_1":"KANDI","DISTRICT":"MURSHIDABAD","PARLIAMENT":"10","P_NAME":"BARHAMPUR","STATE_UT":"WEST BENGAL"},"arcs":[[-679,-681,-683,683,684,685]]},{"type":"Polygon","properties":{"ac":"67","ASSEMBLY_1":"BURWAN (SC)","DISTRICT":"MURSHIDABAD","PARLIAMENT":"10","P_NAME":"BARHAMPUR","STATE_UT":"WEST BENGAL"},"arcs":[[-684,-682,-84,-28,-19,686]]},{"type":"Polygon","properties":{"ac":"66","ASSEMBLY_1":"KHARGRAM (SC)","DISTRICT":"MURSHIDABAD","PARLIAMENT":"9","P_NAME":"JANGIPUR","STATE_UT":"WEST BENGAL"},"arcs":[[687,-685,-687,-18,-9]]},{"type":"Polygon","properties":{"ac":"65","ASSEMBLY_1":"NABAGRAM (SC)","DISTRICT":"MURSHIDABAD","PARLIAMENT":"9","P_NAME":"JANGIPUR","STATE_UT":"WEST BENGAL"},"arcs":[[-13,688,689,-676,-677,-686,-688]]},{"type":"Polygon","properties":{"ac":"64","ASSEMBLY_1":"MURSHIDABAD","DISTRICT":"MURSHIDABAD","PARLIAMENT":"11","P_NAME":"MURSHIDABAD","STATE_UT":"WEST BENGAL"},"arcs":[[690,691,692,-670,-674,-690]]},{"type":"Polygon","properties":{"ac":"63","ASSEMBLY_1":"RANINAGAR","DISTRICT":"MURSHIDABAD","PARLIAMENT":"11","P_NAME":"MURSHIDABAD","STATE_UT":"WEST BENGAL"},"arcs":[[-663,-666,-671,-693,693,694]]},{"type":"Polygon","properties":{"ac":"62","ASSEMBLY_1":"BHAGABANGOLA","DISTRICT":"MURSHIDABAD","PARLIAMENT":"11","P_NAME":"MURSHIDABAD","STATE_UT":"WEST BENGAL"},"arcs":[[-692,695,696,697,-694]]},{"type":"Polygon","properties":{"ac":"61","ASSEMBLY_1":"LALGOLA","DISTRICT":"MURSHIDABAD","PARLIAMENT":"9","P_NAME":"JANGIPUR","STATE_UT":"WEST BENGAL"},"arcs":[[-697,698,699,700]]},{"type":"Polygon","properties":{"ac":"60","ASSEMBLY_1":"SAGARDIGHI","DISTRICT":"MURSHIDABAD","PARLIAMENT":"9","P_NAME":"JANGIPUR","STATE_UT":"WEST BENGAL"},"arcs":[[-689,-12,-7,701,702,-699,-696,-691]]},{"type":"Polygon","properties":{"ac":"59","ASSEMBLY_1":"RAGHUNATHGANJ","DISTRICT":"MURSHIDABAD","PARLIAMENT":"9","P_NAME":"JANGIPUR","STATE_UT":"WEST BENGAL"},"arcs":[[703,704,-700,-703,705]]},{"type":"Polygon","properties":{"ac":"58","ASSEMBLY_1":"JANGIPUR","DISTRICT":"MURSHIDABAD","PARLIAMENT":"9","P_NAME":"JANGIPUR","STATE_UT":"WEST BENGAL"},"arcs":[[-706,-702,-2,706]]},{"type":"Polygon","properties":{"ac":"57","ASSEMBLY_1":"SUTI","DISTRICT":"MURSHIDABAD","PARLIAMENT":"9","P_NAME":"JANGIPUR","STATE_UT":"WEST BENGAL"},"arcs":[[-1,707,708,709,-704,-707]]},{"type":"Polygon","properties":{"ac":"56","ASSEMBLY_1":"SAMSERGANJ","DISTRICT":"MURSHIDABAD","PARLIAMENT":"8","P_NAME":"MALDAHA-DAKSHIN","STATE_UT":"WEST BENGAL"},"arcs":[[710,711,712,713,-709]]},{"type":"Polygon","properties":{"ac":"55","ASSEMBLY_1":"FARAKKA","DISTRICT":"MURSHIDABAD","PARLIAMENT":"8","P_NAME":"MALDAHA-DAKSHIN","STATE_UT":"WEST BENGAL"},"arcs":[[-712,714,715,716]]},{"type":"Polygon","properties":{"ac":"54","ASSEMBLY_1":"BAISNAB NAGAR","DISTRICT":"MURSHIDABAD","PARLIAMENT":"8","P_NAME":"MALDAHA-DAKSHIN","STATE_UT":"WEST BENGAL"},"arcs":[[-713,-717,717,718,719,720]]},{"type":"Polygon","properties":{"ac":"53","ASSEMBLY_1":"SUJAPUR","DISTRICT":"MALDAHA","PARLIAMENT":"8","P_NAME":"MALDAHA-DAKSHIN","STATE_UT":"WEST BENGAL"},"arcs":[[721,-719,722]]},{"type":"Polygon","properties":{"ac":"52","ASSEMBLY_1":"MOTHABARI","DISTRICT":"MALDAHA","PARLIAMENT":"8","P_NAME":"MALDAHA-DAKSHIN","STATE_UT":"WEST BENGAL"},"arcs":[[-723,-718,-716,723,724,725]]},{"type":"Polygon","properties":{"ac":"51","ASSEMBLY_1":"ENGLISH BAZAR","DISTRICT":"MALDAHA","PARLIAMENT":"8","P_NAME":"MALDAHA-DAKSHIN","STATE_UT":"WEST BENGAL"},"arcs":[[726,727,-720,-722,-726,728]]},{"type":"Polygon","properties":{"ac":"50","ASSEMBLY_1":"MALDAHA (SC)","DISTRICT":"MALDAHA","PARLIAMENT":"7","P_NAME":"MALDAHA-UTTAR","STATE_UT":"WEST BENGAL"},"arcs":[[729,730,731,732,733,734,-727]]},{"type":"Polygon","properties":{"ac":"49","ASSEMBLY_1":"MANIKCHAK","DISTRICT":"MALDAHA","PARLIAMENT":"8","P_NAME":"MALDAHA-DAKSHIN","STATE_UT":"WEST BENGAL"},"arcs":[[735,-730,-729,-725,736]]},{"type":"Polygon","properties":{"ac":"48","ASSEMBLY_1":"RATUA","DISTRICT":"MALDAHA","PARLIAMENT":"7","P_NAME":"MALDAHA-UTTAR","STATE_UT":"WEST BENGAL"},"arcs":[[737,738,-731,-736,739]]},{"type":"Polygon","properties":{"ac":"47","ASSEMBLY_1":"MALATIPUR","DISTRICT":"MALDAHA","PARLIAMENT":"7","P_NAME":"MALDAHA-UTTAR","STATE_UT":"WEST BENGAL"},"arcs":[[740,741,742,-732,-739,743]]},{"type":"Polygon","properties":{"ac":"46","ASSEMBLY_1":"HARISCHANDRAPUR","DISTRICT":"MALDAHA","PARLIAMENT":"7","P_NAME":"MALDAHA-UTTAR","STATE_UT":"WEST BENGAL"},"arcs":[[744,745,-744,-738]]},{"type":"Polygon","properties":{"ac":"45","ASSEMBLY_1":"CHANCHAL","DISTRICT":"MALDAHA","PARLIAMENT":"7","P_NAME":"MALDAHA-UTTAR","STATE_UT":"WEST BENGAL"},"arcs":[[-746,746,747,-741]]},{"type":"Polygon","properties":{"ac":"44","ASSEMBLY_1":"GAZOLE (SC)","DISTRICT":"MALDAHA","PARLIAMENT":"7","P_NAME":"MALDAHA-UTTAR","STATE_UT":"WEST BENGAL"},"arcs":[[748,749,-733,-743,750]]},{"type":"Polygon","properties":{"ac":"43","ASSEMBLY_1":"HABIBPUR (ST)","DISTRICT":"MALDAHA","PARLIAMENT":"7","P_NAME":"MALDAHA-UTTAR","STATE_UT":"WEST BENGAL"},"arcs":[[751,752,753,-734,-750]]},{"type":"Polygon","properties":{"ac":"42","ASSEMBLY_1":"HARIRAMPUR","DISTRICT":"DAKSHIN DINAJPUR","PARLIAMENT":"6","P_NAME":"BALURGHAT","STATE_UT":"WEST BENGAL"},"arcs":[[-749,754,755,756,-752]]},{"type":"Polygon","properties":{"ac":"41","ASSEMBLY_1":"GANGARAMPUR (SC)","DISTRICT":"DAKSHIN DINAJPUR","PARLIAMENT":"6","P_NAME":"BALURGHAT","STATE_UT":"WEST BENGAL"},"arcs":[[757,-753,-757,758,759,760]]},{"type":"Polygon","properties":{"ac":"40","ASSEMBLY_1":"TAPAN (ST)","DISTRICT":"DAKSHIN DINAJPUR","PARLIAMENT":"6","P_NAME":"BALURGHAT","STATE_UT":"WEST BENGAL"},"arcs":[[761,762,763,764,-761]]},{"type":"Polygon","properties":{"ac":"39","ASSEMBLY_1":"BALURGHAT","DISTRICT":"DAKSHIN DINAJPUR","PARLIAMENT":"6","P_NAME":"BALURGHAT","STATE_UT":"WEST BENGAL"},"arcs":[[-764,765]]},{"type":"Polygon","properties":{"ac":"38","ASSEMBLY_1":"KUMARGANJ","DISTRICT":"DAKSHIN DINAJPUR","PARLIAMENT":"6","P_NAME":"BALURGHAT","STATE_UT":"WEST BENGAL"},"arcs":[[-760,766,767,-762]]},{"type":"Polygon","properties":{"ac":"37","ASSEMBLY_1":"KUSHMUNDI (SC)","DISTRICT":"DAKSHIN DINAJPUR","PARLIAMENT":"6","P_NAME":"BALURGHAT","STATE_UT":"WEST BENGAL"},"arcs":[[768,-767,-759,-756,769,770]]},{"type":"Polygon","properties":{"ac":"36","ASSEMBLY_1":"ITAHAR","DISTRICT":"UTTAR DINAJPUR","PARLIAMENT":"6","P_NAME":"BALURGHAT","STATE_UT":"WEST BENGAL"},"arcs":[[771,-770,-755,-751,-742,-748,772,773]]},{"type":"Polygon","properties":{"ac":"35","ASSEMBLY_1":"RAIGANJ","DISTRICT":"UTTAR DINAJPUR","PARLIAMENT":"5","P_NAME":"RAIGANJ","STATE_UT":"WEST BENGAL"},"arcs":[[774,-774,775,776]]},{"type":"Polygon","properties":{"ac":"34","ASSEMBLY_1":"KALIAGANJ (SC)","DISTRICT":"UTTAR DINAJPUR","PARLIAMENT":"5","P_NAME":"RAIGANJ","STATE_UT":"WEST BENGAL"},"arcs":[[-771,-772,-775,777,778]]},{"type":"Polygon","properties":{"ac":"33","ASSEMBLY_1":"HEMTABAD(SC)","DISTRICT":"UTTAR DINAJPUR","PARLIAMENT":"5","P_NAME":"RAIGANJ","STATE_UT":"WEST BENGAL"},"arcs":[[779,780,-778,-777,781]]},{"type":"Polygon","properties":{"ac":"32","ASSEMBLY_1":"KARANDIGHI","DISTRICT":"UTTAR DINAJPUR","PARLIAMENT":"5","P_NAME":"RAIGANJ","STATE_UT":"WEST BENGAL"},"arcs":[[-780,782,783,784,785]]},{"type":"Polygon","properties":{"ac":"31","ASSEMBLY_1":"CHAKULIA","DISTRICT":"UTTAR DINAJPUR","PARLIAMENT":"5","P_NAME":"RAIGANJ","STATE_UT":"WEST BENGAL"},"arcs":[[-784,786,787]]},{"type":"Polygon","properties":{"ac":"30","ASSEMBLY_1":"GOALPOKHAR","DISTRICT":"UTTAR DINAJPUR","PARLIAMENT":"5","P_NAME":"RAIGANJ","STATE_UT":"WEST BENGAL"},"arcs":[[-788,788,789,790,-785]]},{"type":"Polygon","properties":{"ac":"29","ASSEMBLY_1":"ISLAMPUR","DISTRICT":"UTTAR DINAJPUR","PARLIAMENT":"5","P_NAME":"RAIGANJ","STATE_UT":"WEST BENGAL"},"arcs":[[-790,791,792,793]]},{"type":"Polygon","properties":{"ac":"28","ASSEMBLY_1":"CHOPRA","DISTRICT":"UTTAR DINAJPUR","PARLIAMENT":"4","P_NAME":"DARJEELING","STATE_UT":"WEST BENGAL"},"arcs":[[794,795,-793,796]]},{"type":"Polygon","properties":{"ac":"27","ASSEMBLY_1":"PHANSIDEWA (ST)","DISTRICT":"DARJEELING","PARLIAMENT":"4","P_NAME":"DARJEELING","STATE_UT":"WEST BENGAL"},"arcs":[[-795,797,798,799,800]]},{"type":"Polygon","properties":{"ac":"26","ASSEMBLY_1":"SILIGURI","DISTRICT":"DARJEELING","PARLIAMENT":"4","P_NAME":"DARJEELING","STATE_UT":"WEST BENGAL"},"arcs":[[801,802]]},{"type":"Polygon","properties":{"ac":"25","ASSEMBLY_1":"MATIGARA-NAXALBARI (SC)","DISTRICT":"DARJEELING","PARLIAMENT":"4","P_NAME":"DARJEELING","STATE_UT":"WEST BENGAL"},"arcs":[[803,804,-803,805,-799,806]]},{"type":"Polygon","properties":{"ac":"24","ASSEMBLY_1":"KURSEONG","DISTRICT":"DARJEELING","PARLIAMENT":"4","P_NAME":"DARJEELING","STATE_UT":"WEST BENGAL"},"arcs":[[807,808,809,810,811,812,-804]]},{"type":"Polygon","properties":{"ac":"23","ASSEMBLY_1":"DARJEELING","DISTRICT":"DARJEELING","PARLIAMENT":"4","P_NAME":"DARJEELING","STATE_UT":"WEST BENGAL"},"arcs":[[813,-809]]},{"type":"Polygon","properties":{"ac":"22","ASSEMBLY_1":"KALIMPONG","DISTRICT":"DARJEELING","PARLIAMENT":"4","P_NAME":"DARJEELING","STATE_UT":"WEST BENGAL"},"arcs":[[814,815,816,-811]]},{"type":"Polygon","properties":{"ac":"21","ASSEMBLY_1":"NAGRAKATA (ST)","DISTRICT":"JALPAIGURI","PARLIAMENT":"2","P_NAME":"ALIPURDUARS (ST)","STATE_UT":"WEST BENGAL"},"arcs":[[817,818,819,820,-816,821]]},{"type":"Polygon","properties":{"ac":"20","ASSEMBLY_1":"MAL (ST)","DISTRICT":"JALPAIGURI","PARLIAMENT":"3","P_NAME":"JALPAIGURI (SC)","STATE_UT":"WEST BENGAL"},"arcs":[[-817,-821,822,823,824,825,-812]]},{"type":"Polygon","properties":{"ac":"19","ASSEMBLY_1":"DABGRAM-PHULBARI","DISTRICT":"JALPAIGURI","PARLIAMENT":"3","P_NAME":"JALPAIGURI (SC)","STATE_UT":"WEST BENGAL"},"arcs":[[826,827,-800,-806,-802,-805,-813,-826]]},{"type":"Polygon","properties":{"ac":"18","ASSEMBLY_1":"RAJGANJ (SC)","DISTRICT":"JALPAIGURI","PARLIAMENT":"3","P_NAME":"JALPAIGURI (SC)","STATE_UT":"WEST BENGAL"},"arcs":[[828,829,-827,-825]]},{"type":"Polygon","properties":{"ac":"17","ASSEMBLY_1":"JALPAIGURI (SC)","DISTRICT":"JALPAIGURI","PARLIAMENT":"3","P_NAME":"JALPAIGURI (SC)","STATE_UT":"WEST BENGAL"},"arcs":[[-824,830,831,832,-829]]},{"type":"Polygon","properties":{"ac":"16","ASSEMBLY_1":"MAYNAGURI (SC)","DISTRICT":"JALPAIGURI","PARLIAMENT":"3","P_NAME":"JALPAIGURI (SC)","STATE_UT":"WEST BENGAL"},"arcs":[[833,834,-831,-823,-820]]},{"type":"Polygon","properties":{"ac":"15","ASSEMBLY_1":"DHUPGURI (SC)","DISTRICT":"JALPAIGURI","PARLIAMENT":"3","P_NAME":"JALPAIGURI (SC)","STATE_UT":"WEST BENGAL"},"arcs":[[835,836,837,-834,-819,838]]},{"type":"Polygon","properties":{"ac":"14","ASSEMBLY_1":"MADARIHAT (ST)","DISTRICT":"JALPAIGURI","PARLIAMENT":"2","P_NAME":"ALIPURDUARS (ST)","STATE_UT":"WEST BENGAL"},"arcs":[[-818,839,840,841,-839]]},{"type":"Polygon","properties":{"ac":"13","ASSEMBLY_1":"FALAKATA (SC)","DISTRICT":"JALPAIGURI","PARLIAMENT":"2","P_NAME":"ALIPURDUARS (ST)","STATE_UT":"WEST BENGAL"},"arcs":[[842,843,844,-836,-842,845]]},{"type":"Polygon","properties":{"ac":"12","ASSEMBLY_1":"ALIPURDUARS","DISTRICT":"JALPAIGURI","PARLIAMENT":"2","P_NAME":"ALIPURDUARS (ST)","STATE_UT":"WEST BENGAL"},"arcs":[[846,-843,847,848,849]]},{"type":"Polygon","properties":{"ac":"11","ASSEMBLY_1":"KALCHINI (ST)","DISTRICT":"JALPAIGURI","PARLIAMENT":"2","P_NAME":"ALIPURDUARS (ST)","STATE_UT":"WEST BENGAL"},"arcs":[[-848,-846,-841,850,851]]},{"type":"Polygon","properties":{"ac":"10","ASSEMBLY_1":"KUMARGRAM (ST)","DISTRICT":"JALPAIGURI","PARLIAMENT":"2","P_NAME":"ALIPURDUARS (ST)","STATE_UT":"WEST BENGAL"},"arcs":[[852,853,854,-849,-852]]},{"type":"Polygon","properties":{"ac":"8","ASSEMBLY_1":"NATABARI","DISTRICT":"KOCH BIHAR","PARLIAMENT":"1","P_NAME":"COOCHBEHAR (SC)","STATE_UT":"WEST BENGAL"},"arcs":[[-850,-855,855,856,857,858,859,860]]},{"type":"Polygon","properties":{"ac":"7","ASSEMBLY_1":"DINHATA","DISTRICT":"KOCH BIHAR","PARLIAMENT":"1","P_NAME":"COOCHBEHAR (SC)","STATE_UT":"WEST BENGAL"},"arcs":[[-858,861,862]]},{"type":"Polygon","properties":{"ac":"6","ASSEMBLY_1":"SITAI (SC)","DISTRICT":"KOCH BIHAR","PARLIAMENT":"1","P_NAME":"COOCHBEHAR (SC)","STATE_UT":"WEST BENGAL"},"arcs":[[863,864,865,-859,-863]]},{"type":"Polygon","properties":{"ac":"5","ASSEMBLY_1":"SITALKUCHI (SC)","DISTRICT":"KOCH BIHAR","PARLIAMENT":"1","P_NAME":"COOCHBEHAR (SC)","STATE_UT":"WEST BENGAL"},"arcs":[[866,867,868,-865,869]]},{"type":"Polygon","properties":{"ac":"4","ASSEMBLY_1":"COOCHBEHAR DAKSHIN","DISTRICT":"KOCH BIHAR","PARLIAMENT":"1","P_NAME":"COOCHBEHAR (SC)","STATE_UT":"WEST BENGAL"},"arcs":[[-869,870,871,-860,-866]]},{"type":"Polygon","properties":{"ac":"3","ASSEMBLY_1":"COOCHBEHAR UTTAR (SC)","DISTRICT":"KOCH BIHAR","PARLIAMENT":"1","P_NAME":"COOCHBEHAR (SC)","STATE_UT":"WEST BENGAL"},"arcs":[[872,-844,-847,-861,-872]]},{"type":"Polygon","properties":{"ac":"2","ASSEMBLY_1":"MATHABHANGA (SC)","DISTRICT":"KOCH BIHAR","PARLIAMENT":"1","P_NAME":"COOCHBEHAR (SC)","STATE_UT":"WEST BENGAL"},"arcs":[[-871,-868,873,-837,-845,-873]]},{"type":"Polygon","properties":{"ac":"9","ASSEMBLY_1":"TUFANGANJ","DISTRICT":"KOCH BIHAR","PARLIAMENT":"2","P_NAME":"ALIPURDUARS (ST)","STATE_UT":"WEST BENGAL"},"arcs":[[-856,-854,874]]},{"type":"Polygon","properties":{"ac":"1","ASSEMBLY_1":"MEKLIGANJ (SC)","DISTRICT":"KOCH BIHAR","PARLIAMENT":"3","P_NAME":"JALPAIGURI (SC)","STATE_UT":"WEST BENGAL"},"arcs":[[875,-832,-835,-838,-874,-867],[-877],[-878]]}]}},"arcs":[[[5077,5366],[0,-39],[81,0],[65,-43],[16,-52]],[[5239,5232],[51,-49],[-11,-114]],[[5279,5069],[-56,10],[-51,-34],[-70,33],[-36,-33],[-53,34],[-12,-45],[-142,19]],[[4859,5053],[30,41],[-54,46],[65,32],[-23,164],[-93,63],[99,-8],[97,-44],[97,19]],[[4929,4814],[-110,35],[-140,-31],[-106,-3]],[[4573,4815],[54,25],[18,56],[114,20],[11,52],[89,85]],[[5279,5069],[-27,-84]],[[5252,4985],[-80,-63],[0,-57],[64,-44],[-5,-43],[-164,26],[-73,-21],[-65,31]],[[5272,4712],[-81,19],[5,-39],[-76,-22],[25,-44],[-46,-119]],[[5099,4507],[-59,-12],[-46,47],[-35,-34],[-129,41],[-22,26]],[[4808,4575],[135,63],[-46,33],[91,28],[-83,91],[24,24]],[[5252,4985],[135,-54],[28,-114]],[[5415,4817],[-73,-10],[27,-49],[-97,-46]],[[4145,4441],[-44,67],[11,78],[113,-46],[92,-1],[-19,34],[89,43],[-89,41],[145,14],[154,-24],[16,45],[-64,53],[-82,9],[22,65],[84,-4]],[[4808,4575],[-60,-11],[-105,18],[-51,-18],[-35,-115],[-60,-38]],[[4497,4411],[-64,60],[-105,22],[-90,-79],[-93,27]],[[4783,4208],[-48,61],[-124,33],[-27,71],[-83,-6],[-4,44]],[[5099,4507],[-76,-71],[11,-51]],[[5034,4385],[-30,-57],[33,-24],[-3,-66],[-54,-7],[41,-73]],[[5021,4158],[-67,5],[-171,45]],[[4783,4208],[-43,-41],[-113,-43],[-36,30],[-123,10],[-11,-68],[-102,-106]],[[4355,3990],[-101,-22],[-72,34]],[[4182,4002],[29,83],[-59,21],[105,52],[-59,58],[187,45],[-44,23],[-194,-9],[-121,79]],[[4026,4354],[-59,45],[91,6],[87,36]],[[5274,4040],[-56,-51]],[[5218,3989],[-227,3],[-57,-24],[-51,-70],[-100,-21],[25,70],[-49,23],[-84,-44],[-7,51],[-50,-29],[-102,20],[-86,-22]],[[4430,3946],[-75,44]],[[5021,4158],[78,-60],[78,6],[97,-64]],[[5218,3989],[-14,-78],[-62,-30],[10,-91],[119,-52]],[[5271,3738],[-137,-157],[-43,34],[-57,-22],[-73,33],[-75,-11],[-56,38],[-112,8]],[[4718,3661],[-53,55],[-71,-20],[-29,24]],[[4565,3720],[24,123],[-151,49],[-8,54]],[[4222,3699],[-84,-13],[-140,21],[-88,79],[8,46]],[[3918,3832],[105,38],[38,-15],[97,23],[-1,38]],[[4157,3916],[-42,48],[67,38]],[[4565,3720],[-56,-30],[-52,13],[-119,-27],[-116,23]],[[3618,4195],[-2,113],[-81,26],[-68,95],[27,31],[97,-27],[122,7],[-41,-46],[81,-16],[22,25],[251,-49]],[[4157,3916],[-78,0],[-8,45],[-92,37],[-2,35],[-124,33],[-73,47],[0,41],[-99,45],[-19,-43],[-44,39]],[[3449,3931],[-179,11],[-89,42],[-77,63]],[[3104,4047],[159,-19],[45,43],[-91,56],[13,30],[140,-50],[110,24],[-40,-46],[63,2],[-4,125],[50,-45],[69,28]],[[3918,3832],[-40,16]],[[3878,3848],[-100,41],[-167,10],[-70,48],[-92,-16]],[[2650,3911],[-108,75],[-110,20]],[[2432,4006],[-49,87],[52,-34],[75,16],[124,101],[121,-63],[57,39],[168,-51],[48,-30]],[[3028,4071],[-25,-20],[14,-92],[-57,-78]],[[2960,3881],[-72,21],[-109,-1],[-88,31],[-41,-21]],[[2650,3911],[6,-59]],[[2656,3852],[-143,-29]],[[2513,3823],[-121,29]],[[2392,3852],[40,154]],[[2960,3881],[-15,-58]],[[2945,3823],[-154,-1],[-41,29],[-94,1]],[[2637,3755],[-97,35],[-27,33]],[[2945,3823],[85,-42],[92,-15]],[[3122,3766],[98,-77],[67,25],[-25,-79]],[[3262,3635],[-67,8],[-265,103],[-252,-10],[-41,19]],[[3449,3931],[-12,-72],[-101,-83]],[[3336,3776],[-214,-10]],[[3028,4071],[76,-24]],[[3336,3776],[91,24],[102,-5],[14,-41],[-60,-24],[1,-77]],[[3484,3653],[-66,-45]],[[3418,3608],[-156,27]],[[3737,3449],[-218,90]],[[3519,3539],[-101,69]],[[3484,3653],[75,-3],[86,57]],[[3645,3707],[79,-57],[-11,-116],[70,-48],[-46,-37]],[[3996,3346],[-91,38]],[[3905,3384],[-168,65]],[[3645,3707],[13,48],[119,11],[-27,-45],[17,-55],[61,20]],[[3828,3686],[68,11],[100,-37],[-41,-78],[38,-153],[3,-83]],[[3878,3848],[-42,-48],[27,-35],[-35,-79]],[[4222,3699],[-67,-38],[-81,-88],[-27,-78],[38,-55],[-16,-40],[118,-29],[0,55],[51,-28],[65,35],[22,-59],[80,-27],[85,16],[153,-29],[43,-28],[146,-30]],[[4832,3276],[-125,-95],[-112,-2],[-6,37],[-91,-15],[-44,-48],[33,-26],[-105,-40]],[[4382,3087],[-105,90],[-149,68],[-132,101]],[[4762,3503],[10,-74],[-65,9],[28,-54],[118,-49],[-10,-62]],[[4843,3273],[-11,3]],[[4718,3661],[19,-129],[25,-29]],[[5271,3738],[170,23],[40,-17],[-42,-58],[175,-33]],[[5614,3653],[33,-57],[-44,-9],[-14,-73],[79,-40]],[[5668,3474],[-49,-40],[-126,-3]],[[5493,3431],[-47,20],[-50,-27],[-90,13],[-10,35],[-101,29],[-66,-37],[-216,44],[-38,21],[-113,-26]],[[5848,3973],[-5,-49],[86,-28],[-7,-28],[-146,11],[-54,-45],[-19,-57]],[[5703,3777],[-41,-2],[-7,-97],[-41,-25]],[[5274,4040],[6,58],[81,6]],[[5361,4104],[59,-26],[16,-53],[70,-28],[-57,-35],[63,-67],[53,1],[27,54],[83,-4],[14,-33],[76,34]],[[5765,3947],[83,26]],[[5729,3477],[-61,-3]],[[5703,3777],[46,-44],[121,-19]],[[5870,3714],[146,0],[16,-30]],[[6032,3684],[-27,-53],[-44,48],[-56,-91],[27,-54],[-38,-52],[-94,19],[-71,-24]],[[5924,3353],[-78,-3],[-137,39],[20,88]],[[6032,3684],[45,-40],[87,-2],[-113,-27],[0,-39],[113,21],[91,-11],[23,-29]],[[6278,3557],[51,-51],[-59,-48]],[[6270,3458],[-63,-26],[27,-48],[-51,-27]],[[6183,3357],[-108,35],[-59,-31],[-92,-8]],[[6196,3206],[33,-61],[-30,-18]],[[6199,3127],[-159,-26],[-11,-47],[-132,-16]],[[5897,3038],[21,40]],[[5918,3078],[-43,79],[22,133],[51,38],[-24,25]],[[6183,3357],[67,-29],[-67,-51],[13,-71]],[[5427,3257],[-37,-69],[-105,10],[-157,-27],[-34,52],[-124,28],[13,47],[-106,-28]],[[4877,3270],[-34,3]],[[5493,3431],[-46,-27],[56,-21],[-43,-65],[-95,-56],[62,-5]],[[5427,3257],[60,1],[92,-73],[2,-46],[-118,-24]],[[5463,3115],[35,-87],[-16,-33],[-149,-22]],[[5333,2973],[-62,-40]],[[5271,2933],[-75,40],[-43,-9],[-140,34]],[[5013,2998],[-49,26]],[[4964,3024],[81,-16],[83,60],[-88,21],[-93,-24],[1,-37]],[[4948,3028],[-118,45],[-1,71],[56,-1],[19,45],[-46,45],[19,37]],[[5463,3115],[59,-5],[65,-43],[151,6],[54,-38],[49,40],[77,3]],[[5897,3038],[-19,-71],[-48,-49]],[[5830,2918],[-86,-61],[10,-48]],[[5754,2809],[-224,100],[-145,4],[-52,60]],[[6199,3127],[62,-47],[-18,-29],[151,-45]],[[6394,3006],[-117,-58],[-37,-106]],[[6240,2842],[-25,24],[-183,-3],[-100,52],[-102,3]],[[5754,2809],[-19,-26]],[[5735,2783],[-83,-56],[-165,-12],[-35,-65],[27,-41],[-106,-15],[7,-25]],[[5380,2569],[-100,-1],[-19,-22]],[[5261,2546],[-11,3]],[[5250,2549],[32,181],[-110,61],[37,57],[108,-7],[3,48],[-49,44]],[[5250,2549],[-55,-18]],[[5195,2531],[-234,-11],[-29,29],[-122,-30],[-46,45]],[[4764,2564],[-75,57]],[[4689,2621],[78,43],[87,81],[13,99],[38,-3],[24,60],[59,4],[-53,36],[78,57]],[[4964,3024],[-16,4]],[[4652,2653],[75,36],[56,78],[-83,92],[-11,-24],[-84,26],[-5,29],[-102,92],[16,72],[-62,5]],[[4452,3059],[-70,28]],[[4689,2621],[-37,32]],[[3909,2966],[-126,18],[3,37],[-219,3]],[[3567,3024],[-56,50]],[[3511,3074],[56,30],[133,0],[66,114],[-83,36],[100,70],[67,-4],[55,64]],[[4452,3059],[-25,-60],[-132,-21],[-113,32],[-86,-47],[-62,4],[-41,55],[-84,-56]],[[4652,2653],[-38,-26],[-119,-10]],[[4495,2617],[-25,62],[-118,0],[-25,87],[-59,-4],[-19,51],[-118,41],[-38,-34],[-151,11]],[[3942,2831],[-52,87],[19,48]],[[4495,2617],[8,-86],[-94,-91],[-119,51],[-106,20]],[[4184,2511],[-112,-31],[-146,36]],[[3926,2516],[43,51],[-40,75],[51,21],[-129,45],[-25,33],[67,87],[49,3]],[[3440,2470],[-54,82],[-18,83]],[[3368,2635],[78,40],[108,-20],[51,120],[46,56],[-79,-2],[-43,31],[71,19],[-65,47],[32,98]],[[3926,2516],[-146,36],[-97,-17],[-86,-56],[-100,-25],[-57,16]],[[3260,3165],[40,67],[3,-80],[92,-5],[26,-52],[90,-21]],[[3368,2635],[-89,-36],[13,36],[-40,94],[-101,16],[-5,41],[-167,-24],[-11,13]],[[2968,2775],[-99,133]],[[2869,2908],[54,48],[102,-12],[97,26],[33,38],[-70,-8],[38,94],[131,21],[6,50]],[[2993,3281],[54,18],[67,65],[25,-10],[274,38],[28,99],[78,48]],[[3260,3165],[-278,44],[51,39],[-40,33]],[[2869,2908],[-132,68],[-95,-13],[-18,79],[18,61],[132,52],[111,-12],[-9,74],[50,13],[-6,57]],[[2920,3287],[73,-6]],[[3440,2470],[-121,-24],[-84,-74]],[[3235,2372],[-27,-14],[-164,11],[-5,-13]],[[3039,2356],[-106,8],[-10,62],[-84,-5],[-32,27],[-113,3]],[[2694,2451],[29,51],[111,69],[-5,45],[-54,18],[24,62]],[[2799,2696],[80,89],[89,-10]],[[3039,2356],[-17,-32],[54,-71],[22,-82],[-25,-19]],[[3073,2152],[-97,-15],[-58,-46],[-3,-78],[-68,35],[-89,0],[8,-60]],[[2766,1988],[-89,-19],[-62,48],[-207,103]],[[2408,2120],[-14,61],[62,17],[2,83],[-80,68],[87,-27],[137,74],[-30,65],[62,25],[60,-35]],[[2408,2120],[-195,68],[-162,74],[-118,21]],[[1933,2283],[167,110],[62,19],[8,50],[-37,51],[26,38]],[[2159,2551],[74,130],[-25,13],[43,119],[-73,32],[60,86],[30,-4]],[[2268,2927],[62,-57],[89,-34],[116,-19],[112,-74],[90,-12],[62,-35]],[[2268,2927],[15,56],[76,18],[-51,61]],[[2308,3062],[24,-1],[24,174],[143,70],[16,106],[-72,-11],[0,52]],[[2443,3452],[91,-5],[44,59],[45,-7]],[[2623,3499],[54,-17],[30,-86],[153,-35],[60,-74]],[[2623,3499],[-54,126],[68,130]],[[1871,3493],[-32,19],[78,71],[-35,32],[48,20],[110,-3],[17,67],[-111,48],[-26,67]],[[1920,3814],[263,44],[66,-34],[143,28]],[[2443,3452],[-46,23],[21,53],[-80,14],[-57,-22],[30,-56],[-87,17],[-38,47],[-177,15],[-138,-50]],[[1871,3493],[-40,-73],[-132,9]],[[1699,3429],[-36,32],[-99,-6],[-63,62],[-18,-45],[-65,-21],[-121,24]],[[1297,3475],[38,78],[-23,36],[60,52],[140,64],[13,39],[208,-4],[187,74]],[[2308,3062],[-46,15],[-132,-9],[-44,14],[-45,111],[-38,27],[-10,76],[-73,-5],[-36,-93],[-81,-47],[38,-36],[-70,-20],[-102,22]],[[1669,3117],[-55,30],[12,83],[51,33],[-46,45],[68,121]],[[2159,2551],[-56,12],[-38,93],[-83,-10],[-119,71],[-264,52],[15,74],[-104,68],[0,39]],[[1510,2950],[32,17],[-65,40],[60,74],[104,4],[28,32]],[[1369,3000],[-18,32],[51,102],[-25,44],[-59,5],[-73,60],[28,38],[-39,97],[-64,-2]],[[1170,3376],[0,40],[127,35],[0,24]],[[1510,2950],[-73,6],[-68,44]],[[962,3171],[-29,40],[-163,-50],[-74,5],[-82,103],[-19,-102],[-85,-43],[-9,75],[-78,61],[-56,15],[-100,100],[35,63]],[[302,3438],[251,75],[-101,108],[65,39],[87,-27],[116,11],[72,-16],[-13,-66],[30,-40],[-30,-46],[194,-38]],[[973,3438],[-32,-126],[240,-77],[-100,-82],[-33,30],[-86,-12]],[[962,3171],[-64,-4],[-27,-60],[45,-34],[-15,-87],[-106,-30],[6,-69],[-82,-82]],[[719,2805],[-59,-5],[-118,37],[-19,56],[-136,4],[-166,-29],[-94,52],[-44,58],[-60,-1],[-23,125],[86,70],[24,46],[-13,61],[40,29],[-49,49],[-10,72],[78,44],[146,-35]],[[1369,3000],[-94,-33],[-127,15],[-18,-44],[80,-115],[-73,-16],[9,-73],[-41,-61],[-232,44],[-38,-17]],[[835,2700],[-116,105]],[[973,3438],[11,-35],[137,7],[49,-34]],[[1933,2283],[-129,-156]],[[1804,2127],[-38,24],[-81,-34],[-68,36],[-62,66],[-92,31],[116,210],[-75,33],[73,50],[60,-15],[129,46],[3,46],[-68,-37],[-38,41],[-84,-8],[-116,16],[-58,-36],[-81,39],[-62,-12],[-87,40],[-95,-30],[-121,-5],[-29,40],[-62,-4],[-33,36]],[[2726,1540],[-6,-104],[-91,-20]],[[2629,1416],[-138,49],[33,122],[-98,35],[-107,14],[-46,85],[110,-2],[20,43],[-41,75],[-76,47],[-124,10],[-132,-7],[-40,40],[11,106],[-44,32],[-153,62]],[[2766,1988],[97,-34],[-75,-77],[-86,21],[-44,-86],[63,-9],[51,-52],[8,-55],[-84,-138],[30,-18]],[[3178,1840],[127,-7],[24,50],[-27,42],[55,44],[186,-47],[33,69],[70,32],[80,-8]],[[3726,2015],[81,-78],[-38,-69],[33,-97]],[[3802,1771],[-60,-61],[32,-63],[-37,-57],[-62,-13],[-62,35],[-84,-5]],[[3529,1607],[-86,6],[-108,-30],[-38,51],[-81,0]],[[3216,1634],[-59,7],[27,57],[-62,6],[-5,76],[61,60]],[[4174,1660],[-38,37]],[[4136,1697],[-81,-7],[-75,48],[-178,33]],[[3726,2015],[25,69],[139,-26],[162,42],[90,8]],[[4142,2108],[32,-86],[57,-13],[38,-80],[56,-13],[-11,-51]],[[4314,1865],[-41,-132],[-51,-3],[-5,-69],[-43,-1]],[[3178,1840],[-59,74],[3,121],[62,34],[-56,20],[-55,63]],[[3235,2372],[46,-19],[11,-73],[132,15],[78,-41],[211,-46],[-62,85],[73,29],[153,-18],[32,50],[162,-22]],[[4071,2332],[-69,-32],[48,-59],[78,-21],[-73,-40],[87,-72]],[[4184,2511],[-37,-48],[84,-69]],[[4231,2394],[-11,-32],[-149,-30]],[[4231,2394],[108,-40],[81,2],[15,-48],[138,-23],[24,-35]],[[4597,2250],[16,-65],[-57,7],[-91,-106],[-70,-153],[95,-27],[-22,-54]],[[4468,1852],[-70,25],[-84,-12]],[[4533,1826],[-65,26]],[[4597,2250],[87,10],[45,-23]],[[4729,2237],[0,-58],[51,-71],[98,-86]],[[4878,2022],[-181,-5],[-19,-45],[-73,7],[-48,-48],[78,-21],[-5,-54],[-97,-30]],[[5091,1783],[-92,8],[-132,-55],[-86,-10]],[[4781,1726],[-122,27],[-43,28]],[[4616,1781],[-83,45]],[[4878,2022],[37,-52],[97,-34]],[[5012,1936],[-23,-63],[102,-90]],[[4514,1468],[-176,-12],[-15,-36],[-101,5],[-116,28],[28,86],[61,41],[-53,54],[32,26]],[[4616,1781],[-49,-78],[-62,-57],[28,-24],[-27,-95],[8,-59]],[[4136,1697],[-65,-38],[-10,-60],[-44,39],[-37,-57],[-52,48],[-59,-47],[-54,-5],[-5,-82]],[[3810,1495],[-51,41],[-97,-3],[-133,-61],[205,-18]],[[3734,1454],[79,-8],[16,-85]],[[3829,1361],[-9,-46],[-158,-6],[-31,-35]],[[3631,1274],[-64,31],[-100,5]],[[3467,1310],[-24,55],[-65,19],[41,44],[-73,23],[-22,42],[41,55],[180,46],[-16,13]],[[4514,1468],[134,6],[46,-16]],[[4694,1458],[-43,-68]],[[4651,1390],[-51,11],[-194,-5],[-11,-111],[-175,30],[-57,-10]],[[4163,1305],[-5,20],[-127,-4],[-67,25],[-135,15]],[[3734,1454],[76,41]],[[4651,1390],[-11,-94],[73,-65],[-38,-18]],[[4675,1213],[-27,-91],[-78,-37]],[[4570,1085],[-123,-9],[-87,-27],[-232,2]],[[4128,1051],[57,93],[-36,47],[14,114]],[[3739,895],[-145,20],[22,53],[76,1],[-4,86],[-29,10],[32,72],[-91,56],[46,41],[-15,40]],[[4128,1051],[-37,-34],[23,-61],[-37,-3]],[[4077,953],[-8,13],[-219,-17],[5,-92],[-29,53],[-87,-15]],[[3739,895],[35,-116],[-55,-72],[20,-97],[-156,38],[-49,34]],[[3534,682],[-32,40],[43,44],[-59,61]],[[3486,827],[-91,147],[-89,64],[-65,15]],[[3241,1053],[8,65],[70,43],[38,63],[-9,84],[119,2]],[[3216,1634],[3,-61],[-53,-40],[-135,15],[-27,41],[-79,9],[-199,-58]],[[3241,1053],[-114,96],[-88,21],[-141,62],[-18,49],[-111,38],[-81,-46],[-92,36],[-5,34]],[[2591,1343],[41,-4],[-3,77]],[[3486,827],[-83,-4],[-68,34],[-18,-69],[-163,-44],[3,-84],[-159,10],[-81,73],[19,57],[70,85],[-43,90],[-54,8],[-95,65],[-271,25],[-125,47],[-18,49],[-186,-18],[16,123],[191,-2],[49,82],[121,-11]],[[4077,953],[62,-166]],[[4139,787],[-40,-63],[-74,-20],[22,-76],[-76,-87],[38,-45]],[[4009,496],[-164,3],[-229,56],[-89,99],[7,28]],[[4139,787],[43,-37],[118,39],[76,5],[84,-34]],[[4460,760],[67,-124],[-27,-56],[32,-23]],[[4532,557],[-89,-13],[-51,-81]],[[4392,463],[-64,-50],[-189,-4],[-100,31]],[[4039,440],[-30,56]],[[4392,463],[98,-34],[23,-64],[184,-69]],[[4697,296],[-137,-37],[-437,-54],[-9,49],[-58,33],[31,109],[-48,44]],[[4532,557],[63,56],[118,-30],[70,8],[14,-61],[89,-23],[-44,-24],[38,-43],[-51,-31],[95,-32]],[[4924,377],[-124,-34],[-103,-47]],[[5549,726],[-167,-146]],[[5382,580],[-65,-6],[46,87],[-164,-119],[-60,-21]],[[5139,521],[-38,118],[-62,73],[-142,49],[-89,-15]],[[4808,746],[-24,86],[78,21],[-8,92],[132,13]],[[4986,958],[61,3]],[[5047,961],[-37,-54],[5,-62],[144,-12],[10,-23],[119,-35],[64,-85],[52,37],[145,-1]],[[4808,746],[-162,5],[-92,-14],[-46,20]],[[4508,757],[-27,76],[-69,74],[61,51],[51,-7],[95,63]],[[4619,1014],[46,13],[37,73],[71,21],[-3,-83],[97,-9],[-3,36],[122,-107]],[[5139,521],[-78,-65],[-137,-79]],[[4460,760],[48,-3]],[[4570,1085],[49,-71]],[[5183,1133],[78,-26],[37,-42]],[[5298,1065],[-164,-55],[-87,-49]],[[4675,1213],[89,-1],[171,-27],[53,8]],[[4988,1193],[63,-6],[132,-54]],[[5298,1065],[57,26],[75,-74],[46,-5],[6,-61],[86,-54],[140,2]],[[5708,899],[-116,-56]],[[5592,843],[-46,-68],[3,-49]],[[5827,990],[-78,-3],[-43,80],[-71,56],[-77,5],[-6,37],[45,82]],[[5597,1247],[144,-8],[91,-29],[43,-64]],[[5875,1146],[22,-88],[-70,-68]],[[5183,1133],[91,83],[-30,49],[12,98]],[[5256,1363],[21,9]],[[5277,1372],[84,-34],[64,-53],[113,-28]],[[5538,1257],[59,-10]],[[5827,990],[-79,-58]],[[5748,932],[-40,-33]],[[5015,1472],[52,-105],[189,-4]],[[4988,1193],[0,65],[-94,-6],[59,48],[-2,86],[35,86],[29,0]],[[4694,1458],[143,-27],[49,65],[94,60]],[[4980,1556],[35,-84]],[[4781,1726],[-8,-96],[143,-74],[64,0]],[[5091,1783],[35,-60]],[[5126,1723],[-54,-28],[41,-48]],[[5113,1647],[-130,-19],[30,-45],[-33,-27]],[[5113,1647],[129,-45],[-1,-40]],[[5241,1562],[9,-116],[27,-74]],[[4729,2237],[19,7]],[[4748,2244],[79,-1],[120,-44],[-23,40],[154,2]],[[5078,2241],[-39,-79],[-72,-65],[37,-17],[84,33],[103,-17]],[[5191,2096],[35,-96]],[[5226,2000],[-95,-10],[-48,-44],[-71,-10]],[[4764,2564],[41,-54],[-30,-39],[33,-64],[56,-25],[-116,-138]],[[5195,2531],[-26,-75],[16,-51],[-116,40],[-40,-8],[-27,-97],[29,-50],[151,-11],[-19,-32],[-85,-6]],[[5261,2546],[61,-53],[-59,-69],[49,-43],[-19,-53],[35,-57]],[[5328,2271],[14,-22]],[[5342,2249],[-89,-8],[-33,-127],[-29,-18]],[[5614,2465],[-87,-79],[6,-30],[-70,-23],[-49,-76]],[[5414,2257],[-86,14]],[[5380,2569],[96,-56],[130,11],[8,-59]],[[5735,2783],[62,-45],[108,-133],[56,17]],[[5961,2622],[27,-70],[-27,-92],[-48,-41]],[[5913,2419],[-100,25],[-65,-22],[-24,29],[-110,14]],[[5892,2229],[-108,-6],[-73,31],[-89,7],[-141,-18],[-67,14]],[[5913,2419],[0,-7]],[[5913,2412],[-80,-30],[27,-39],[77,0],[-45,-114]],[[5543,2088],[-139,-3],[-59,86],[31,17],[-34,61]],[[5892,2229],[10,-7]],[[5902,2222],[-91,-133]],[[5811,2089],[-184,11],[-84,-12]],[[6166,2116],[-2,-55]],[[6164,2061],[-113,-8],[-116,15]],[[5935,2068],[-102,-3],[-22,24]],[[5902,2222],[106,-73],[57,-14]],[[6065,2135],[101,-19]],[[6153,2416],[-240,-4]],[[5961,2622],[39,46],[107,-20],[65,23]],[[6172,2671],[29,-41],[160,-14]],[[6361,2616],[3,-35]],[[6364,2581],[-87,1],[-27,32],[-110,-21],[72,-88],[-59,-89]],[[6240,2842],[37,-135],[-105,0],[0,-36]],[[6394,3006],[99,28],[33,-41]],[[6526,2993],[-54,-100],[15,-29],[79,-3],[32,-40]],[[6598,2821],[-21,-49]],[[6577,2772],[-59,4],[-49,-81],[-73,-25],[-35,-54]],[[6374,2539],[1,-27]],[[6375,2512],[2,-78]],[[6377,2434],[-27,-22]],[[6350,2412],[-22,-8]],[[6328,2404],[-21,33],[-129,-26]],[[6178,2411],[-25,5]],[[6364,2581],[10,-42]],[[6328,2404],[-26,-53]],[[6302,2351],[-89,-4]],[[6213,2347],[-98,11],[63,53]],[[6213,2347],[3,-49],[-93,-11],[-32,-53],[27,-50]],[[6118,2184],[-53,-49]],[[6302,2351],[-1,-5]],[[6301,2346],[-108,-99],[47,-33]],[[6240,2214],[29,-37]],[[6269,2177],[-3,-13]],[[6266,2164],[-78,29],[-70,-9]],[[6266,2164],[1,-29]],[[6267,2135],[2,-11]],[[6269,2124],[-103,-8]],[[6269,2124],[8,-40]],[[6277,2084],[-24,-46]],[[6253,2038],[-3,-8]],[[6250,2030],[-29,24]],[[6221,2054],[-57,7]],[[5989,1949],[-54,119]],[[6221,2054],[-3,-88]],[[6218,1966],[-51,-21]],[[6167,1945],[-70,28],[-30,-47]],[[6067,1926],[-78,23]],[[5989,1949],[-17,-31]],[[5972,1918],[-83,-17],[-27,61],[-43,-9]],[[5819,1953],[-63,9],[-183,-17],[-46,8]],[[5527,1953],[16,135]],[[5527,1953],[-59,-27]],[[5468,1926],[-43,72],[-134,-22]],[[5291,1976],[-65,24]],[[5291,1976],[82,-56],[-16,-74],[-42,-37]],[[5315,1809],[-59,-86],[-130,0]],[[5315,1809],[70,5],[32,-38],[-30,-41]],[[5387,1735],[-14,-38],[66,-44],[3,-72]],[[5442,1581],[-84,-9],[-19,27],[-98,-37]],[[5442,1581],[80,-77],[-22,-50],[122,-25]],[[5622,1429],[-38,-94]],[[5584,1335],[-46,-78]],[[5560,1733],[8,-38],[116,-17]],[[5684,1678],[40,-45],[-26,-39]],[[5698,1594],[-89,-68]],[[5609,1526],[13,-97]],[[5387,1735],[173,-2]],[[5468,1926],[38,-7],[35,-79],[106,-5],[34,-24]],[[5681,1811],[-5,-44],[-116,-34]],[[5681,1811],[62,23],[74,-40]],[[5817,1794],[40,-16]],[[5857,1778],[-71,-44],[-94,-11],[-8,-45]],[[5819,1953],[-48,-87],[51,-7],[-5,-65]],[[5972,1918],[-13,-53]],[[5959,1865],[14,-52]],[[5973,1813],[-101,-29]],[[5872,1784],[-15,-6]],[[6067,1926],[68,-18]],[[6135,1908],[50,-46]],[[6185,1862],[-15,-6]],[[6170,1856],[-119,10]],[[6051,1866],[-92,-1]],[[6167,1945],[2,-36]],[[6169,1909],[-34,-1]],[[6169,1909],[49,-19]],[[6218,1890],[-8,-8]],[[6210,1882],[-25,-20]],[[6218,1966],[65,5]],[[6283,1971],[-1,-14]],[[6282,1957],[-46,-42]],[[6236,1915],[-5,-10]],[[6231,1905],[-13,-15]],[[6269,2001],[14,-30]],[[6250,2030],[19,-29]],[[6297,1949],[-15,8]],[[6269,2001],[76,-9]],[[6345,1992],[8,-46]],[[6353,1946],[0,-22]],[[6353,1924],[-56,25]],[[6380,1883],[8,-10]],[[6388,1873],[-83,38]],[[6305,1911],[-15,6]],[[6290,1917],[7,32]],[[6353,1924],[27,-41]],[[6290,1917],[-54,-2]],[[6305,1911],[-3,-24]],[[6302,1887],[-71,18]],[[6293,1877],[9,10]],[[6388,1873],[-21,-2]],[[6367,1871],[-4,-15]],[[6363,1856],[-70,21]],[[6363,1856],[-34,-33]],[[6329,1823],[-46,36]],[[6283,1859],[10,18]],[[6283,1859],[-22,-3]],[[6261,1856],[-51,26]],[[6248,1807],[13,49]],[[6329,1823],[-33,-32]],[[6296,1791],[-48,16]],[[6296,1791],[-5,-15]],[[6291,1776],[-51,-9]],[[6240,1767],[-46,14]],[[6194,1781],[-35,4]],[[6159,1785],[5,15]],[[6164,1800],[84,7]],[[6164,1800],[6,56]],[[6159,1785],[-41,10]],[[6118,1795],[-24,5]],[[6094,1800],[-43,66]],[[6094,1800],[-121,13]],[[5959,1730],[-22,-33]],[[5937,1697],[-5,-80],[-119,1],[-10,-53],[-84,-17],[-21,46]],[[5872,1784],[22,-43],[65,-11]],[[6056,1735],[-97,-5]],[[6118,1795],[-62,-60]],[[6194,1781],[-3,-18]],[[6191,1763],[-70,-87]],[[6121,1676],[-65,59]],[[6240,1679],[-14,-33]],[[6226,1646],[-105,30]],[[6191,1763],[49,-84]],[[6240,1767],[105,-77]],[[6345,1690],[-105,-11]],[[6398,1728],[43,63]],[[6441,1791],[49,-19]],[[6490,1772],[43,-2]],[[6533,1770],[24,-98],[-107,20],[10,-63],[-140,-69]],[[6320,1560],[-94,86]],[[6345,1690],[53,38]],[[6291,1776],[89,-8],[18,-40]],[[6367,1871],[74,-80]],[[6472,1904],[201,-51],[76,126]],[[6749,1979],[95,-9]],[[6844,1970],[3,-33],[80,-37],[76,-120]],[[7003,1780],[-148,-39],[-119,-7],[-16,54],[-173,-11]],[[6547,1777],[-14,-7]],[[6490,1772],[27,98],[-48,31]],[[6469,1901],[3,3]],[[6714,1627],[-51,-50]],[[6663,1577],[-14,27],[-89,-13],[-43,24]],[[6517,1615],[-156,-100],[-30,5]],[[6331,1520],[-11,40]],[[6547,1777],[41,-69],[126,-81]],[[6331,1520],[27,-60]],[[6358,1460],[-145,23],[-30,-18]],[[6183,1465],[-92,19]],[[6091,1484],[36,59],[-69,-3],[4,64],[-46,87],[-79,6]],[[6091,1484],[-53,-20]],[[6038,1464],[-155,24],[-99,44],[-175,-6]],[[6051,1337],[-38,18],[-305,48],[-29,-72],[-95,4]],[[6038,1464],[29,-93],[-16,-34]],[[6051,1337],[16,-34],[-67,-46],[5,-75]],[[6005,1182],[-130,-36]],[[6183,1465],[-3,-154],[113,-33],[9,-62]],[[6302,1216],[-46,45],[-125,3],[43,-68],[-55,-25]],[[6119,1171],[-114,11]],[[6358,1460],[119,-95]],[[6477,1365],[-43,-81]],[[6434,1284],[-33,-70]],[[6401,1214],[-99,2]],[[6517,1615],[-6,-57],[47,-98],[56,-29],[-62,-28],[5,-35],[-80,-3]],[[7003,1780],[116,-81],[3,-47],[131,-57]],[[7253,1595],[38,-46],[122,-7]],[[7413,1542],[-90,-28],[-239,9],[-55,-75]],[[7029,1448],[-247,61],[48,63],[-48,-9],[-68,64]],[[6957,1117],[-36,95],[-88,39]],[[6833,1251],[-111,98],[35,86],[90,40],[-173,52],[-11,50]],[[7029,1448],[-5,-74],[-96,-122],[102,-19],[-73,-116]],[[6833,1251],[-51,-56],[-60,0]],[[6722,1195],[-21,62],[-74,2],[-18,-30],[-175,55]],[[6722,1195],[24,-57],[-69,-33],[5,-79],[-30,43],[-59,7]],[[6593,1076],[-60,31],[-7,48],[-92,4]],[[6434,1159],[-43,2],[10,53]],[[6582,699],[-111,18],[-119,-80],[-35,52],[39,34],[-35,82],[83,45],[-113,18],[-60,-27],[-107,23],[-3,-20]],[[6121,844],[-11,28],[60,70]],[[6170,942],[123,-5],[19,89],[60,58],[2,65],[60,10]],[[6593,1076],[40,-80],[-94,-22],[-8,-38],[127,-56],[-76,-74],[38,-35],[-38,-72]],[[6170,942],[4,52],[-61,4],[-40,56],[46,117]],[[6121,844],[0,-47]],[[6121,797],[-79,43],[-21,-101],[-81,16],[14,62],[-82,65],[-124,50]],[[5592,843],[122,-58],[51,-60],[-35,-49],[64,-96],[11,-68],[35,-1],[17,-89],[159,-19],[-27,-61],[54,1]],[[6043,343],[-22,-52],[25,-34],[107,-10],[48,-62],[-50,-76],[40,-7]],[[6191,102],[-256,-102],[-574,57],[-112,142],[-104,153],[75,100],[162,128]],[[6121,797],[27,-153],[102,78],[27,-59],[-32,-64],[-111,-4],[-22,-42],[-115,-33],[51,-82],[-5,-95]],[[6582,699],[-43,-39],[59,-148],[-108,-88],[-2,-38],[53,-100],[-3,-41],[-102,-136]],[[6436,109],[-245,-7]],[[6957,1117],[-25,-89],[30,-94],[-83,-108],[-3,-42],[59,-30],[160,-15]],[[7095,739],[-44,-91],[-5,-129],[-59,-146],[53,-91],[-124,-168]],[[6916,114],[-264,-40],[-216,35]],[[7413,1542],[-44,-64],[19,-27]],[[7388,1451],[-46,-93],[-107,-61],[-3,-54],[110,-48],[-91,-48],[-60,-69],[-69,-34],[80,-25],[-48,-63],[37,-35],[-135,-135],[39,-47]],[[7388,1451],[32,-103],[90,39],[70,-15],[35,-41],[37,39],[46,-12]],[[7698,1358],[90,-99],[104,-2],[39,24],[61,-30],[6,-65],[51,-22]],[[8049,1164],[38,-4],[-108,-61],[-22,-40],[27,-75],[49,-35],[10,-133],[-31,-36],[-103,-26],[19,-140],[-47,-90],[49,-46],[102,-48],[154,-165],[-26,-85],[-618,-92],[-626,26]],[[7698,1358],[17,38],[-114,35],[16,69],[44,28],[3,67],[-47,20],[-18,85],[-133,71]],[[7466,1771],[70,63],[98,53]],[[7634,1887],[86,-8]],[[7720,1879],[51,-32],[33,-97],[32,-23],[11,-78],[-55,-37],[41,-33],[-2,-92],[75,-68],[-57,-9],[78,-53],[93,-106],[29,-87]],[[7451,2102],[-20,-96],[9,-99],[202,39],[-8,-59]],[[7466,1771],[-69,37],[-38,91],[-35,-8]],[[7324,1891],[-44,74],[-134,46],[10,28]],[[7156,2039],[-24,10],[-11,102]],[[7121,2151],[211,-43],[119,-6]],[[7451,2102],[110,16]],[[7561,2118],[127,31]],[[7688,2149],[59,-39],[-73,-94],[68,-54],[-36,-32],[14,-51]],[[7253,1595],[-62,75],[17,49],[124,10],[7,34],[92,-17],[35,25]],[[6844,1970],[99,27],[87,-23],[5,-109],[62,-58],[51,85],[89,-13],[87,12]],[[6749,1979],[-140,13]],[[6609,1992],[24,31],[97,10],[40,60]],[[6770,2093],[36,55],[121,-52],[60,2],[-11,-37],[180,-22]],[[7186,2325],[19,-13]],[[7205,2312],[-13,-74],[-71,-87]],[[6770,2093],[-91,0]],[[6679,2093],[19,83]],[[6698,2176],[6,28],[120,22]],[[6824,2226],[81,23],[98,-20],[172,70],[11,26]],[[6599,2185],[99,-9]],[[6679,2093],[-62,-12],[-114,78],[96,26]],[[6609,1992],[-92,43]],[[6517,2035],[-48,8]],[[6469,2043],[-24,22]],[[6445,2065],[18,53],[-51,83],[27,16]],[[6439,2217],[126,36],[34,-68]],[[6469,1901],[-55,22],[-34,-40]],[[6353,1946],[129,58]],[[6482,2004],[-10,-100]],[[6482,2004],[35,31]],[[6345,1992],[19,30]],[[6364,2022],[5,10]],[[6369,2032],[100,11]],[[6253,2038],[111,-16]],[[6371,2078],[-2,-46]],[[6277,2084],[94,-6]],[[6418,2090],[-47,-12]],[[6267,2135],[131,16],[20,-61]],[[6418,2090],[27,-25]],[[6269,2177],[62,28]],[[6331,2205],[51,48]],[[6382,2253],[57,-36]],[[6240,2214],[91,-9]],[[6393,2281],[-11,-28]],[[6301,2346],[36,-2]],[[6337,2344],[56,-63]],[[6350,2412],[-13,-68]],[[6558,2430],[-68,-25],[-3,-87],[-94,-37]],[[6377,2434],[148,42],[33,-46]],[[6631,2533],[2,-11]],[[6633,2522],[-34,-33],[42,-59],[-83,0]],[[6375,2512],[143,4],[-7,29]],[[6511,2545],[28,-22],[92,10]],[[6374,2539],[33,20],[104,-14]],[[6809,2274],[15,-48]],[[6633,2522],[114,-23]],[[6747,2499],[-12,-85],[-88,-149],[54,-20],[21,36],[87,-7]],[[6747,2499],[102,-19],[54,-48],[103,-2]],[[7006,2430],[0,-16]],[[7006,2414],[-95,-116],[-102,-24]],[[7006,2414],[40,2],[21,-72],[119,-19]],[[7272,2394],[127,-24],[-46,-110],[97,-41],[84,15],[41,-28],[-14,-88]],[[7205,2312],[67,82]],[[7272,2394],[3,58],[118,19],[84,-11]],[[7477,2460],[132,-5]],[[7609,2455],[67,-39],[33,15],[54,-59],[-21,-84],[-95,-57],[41,-82]],[[7006,2430],[-17,98],[49,10]],[[7038,2538],[37,-17],[60,40],[229,-21],[83,-26],[30,-54]],[[7038,2538],[-35,15],[22,110]],[[7025,2663],[51,84],[-33,22]],[[7043,2769],[92,29],[75,-3],[-2,-66],[94,-8],[216,-47]],[[7518,2674],[-22,-109],[89,-9],[43,-54],[-19,-47]],[[7043,2769],[-19,32]],[[7024,2801],[65,68],[-11,43]],[[7078,2912],[114,11],[137,-58],[-60,-9],[54,-33],[165,5],[17,-24]],[[7505,2804],[13,-130]],[[7078,2912],[44,39]],[[7122,2951],[-9,95],[100,8]],[[7213,3054],[89,-36],[67,-1],[-10,58],[104,-43],[147,8],[0,-35],[91,-14],[68,35],[35,-23],[-41,-47],[-99,-24],[-9,-52],[-150,-76]],[[6631,2533],[69,129]],[[6700,2662],[41,17],[73,-40],[65,96],[78,-11],[68,-61]],[[6577,2772],[21,-38],[102,-72]],[[6598,2821],[132,31],[87,-5],[207,-46]],[[6803,2942],[227,-9],[92,18]],[[6526,2993],[45,0]],[[6571,2993],[143,-2],[13,-63],[76,14]],[[6795,3171],[153,79],[230,-13]],[[7178,3237],[32,-40],[-124,-45],[65,-41],[-9,-30],[71,-27]],[[6803,2942],[-48,36],[21,53],[83,23],[12,42],[-81,42],[5,33]],[[6795,3171],[-75,-21],[-90,19]],[[6630,3169],[36,93]],[[6666,3262],[73,26],[5,66],[121,5],[16,-33],[106,7],[-20,108]],[[6967,3441],[60,-2],[19,99],[40,8]],[[7086,3546],[78,-17],[38,-47],[132,27],[-13,-97],[-65,2],[-30,-82],[24,-49],[-72,-46]],[[6571,2993],[-11,119],[-70,5],[-61,46]],[[6429,3163],[128,27],[73,-21]],[[6196,3206],[86,-31],[-10,45],[56,-10],[41,-51],[35,11]],[[6404,3170],[25,-7]],[[6582,3576],[154,-60],[-176,-38],[27,-35],[108,12],[22,-17]],[[6717,3438],[-138,-32],[25,-34],[-73,-52],[135,-58]],[[6404,3170],[-8,66],[54,16],[-13,44],[-100,7],[53,22],[12,57],[86,38],[-95,4],[0,30],[-123,4]],[[6278,3557],[304,19]],[[6717,3438],[164,29],[86,-26]],[[6582,3576],[5,38],[87,84],[-25,26],[-151,-2],[-8,16]],[[6490,3738],[152,23],[10,24],[105,-16]],[[6757,3769],[78,-19],[-30,-60],[155,15],[43,-103],[83,-56]],[[6175,3806],[18,-96],[30,-5],[55,73],[212,-40]],[[5870,3714],[67,70],[92,18],[146,4]],[[5848,3973],[114,2],[-16,49],[85,28],[135,-7]],[[6166,4045],[33,2]],[[6199,4047],[51,-80],[-43,-71],[24,-46],[-56,-44]],[[6199,4047],[175,19],[19,-32],[62,90],[54,-55]],[[6509,4069],[17,-84],[-22,-23],[145,-23],[-13,-43],[-78,0],[43,-39],[59,7],[-21,-54],[83,36],[57,-2]],[[6779,3844],[-22,-75]],[[6509,4069],[30,65],[-28,52],[93,38],[-105,21],[45,28]],[[6544,4273],[70,19]],[[6614,4292],[57,-37],[84,21],[8,-31],[83,-1],[65,38],[3,-42],[94,-7],[8,-47]],[[7016,4186],[-83,-40],[-52,22],[-91,-35],[65,-66],[-52,-49],[-40,-128],[16,-46]],[[6614,4292],[33,2],[-11,77],[62,4],[18,72],[85,-13],[40,-58],[62,-26],[67,56],[-46,22],[89,103]],[[7013,4531],[92,20]],[[7105,4551],[43,11],[38,-78],[3,-73],[83,-45],[-89,-16],[17,-78],[-20,-34],[-164,-52]],[[6754,4915],[14,33],[202,-28],[51,15],[127,-29],[38,-52],[-13,-122],[-36,5],[-45,-59],[27,-82],[-14,-45]],[[7013,4531],[-64,-2],[-25,38],[-129,86]],[[6795,4653],[73,22],[48,61],[-59,71],[-95,58],[-8,50]],[[6544,4273],[36,23],[-41,86]],[[6539,4382],[24,125],[-89,38],[38,79]],[[6512,4624],[143,28],[48,40],[92,-39]],[[6002,4231],[-54,67],[49,35],[-24,77],[124,-48]],[[6097,4362],[70,-76],[151,-27],[115,84],[106,39]],[[6166,4045],[-29,87],[19,39],[-110,63],[-44,-3]],[[6240,4657],[34,22],[84,-18],[30,25]],[[6388,4686],[70,-13],[-2,-47],[56,-2]],[[6097,4362],[-11,102],[38,55]],[[6124,4519],[107,22],[119,-15],[22,78],[-81,13],[-51,40]],[[5934,4624],[98,-33],[105,19],[65,-10],[-11,68],[49,-11]],[[6124,4519],[-84,13],[-6,-42],[-64,-17],[-51,22]],[[5919,4495],[-14,51],[29,78]],[[5733,4463],[35,9],[73,-54],[78,77]],[[6002,4231],[-83,-17],[-59,48],[-47,-15]],[[5813,4247],[-70,31],[52,18],[-16,61],[-79,43],[33,63]],[[5765,3947],[25,47],[-95,37],[-40,105],[72,-6],[11,60],[-60,37]],[[5678,4227],[135,20]],[[5361,4104],[53,118]],[[5414,4222],[65,50],[97,-45],[92,27],[10,-27]],[[5414,4222],[-34,32],[-82,-69],[-75,50],[49,59]],[[5272,4294],[43,33],[119,15],[59,81],[-46,7],[24,124]],[[5471,4554],[151,12],[154,-21],[-43,-82]],[[5034,4385],[62,38],[13,-36],[71,6],[54,-27],[38,-72]],[[5272,4712],[-9,-28],[81,-40],[49,8],[78,-98]],[[5415,4817],[89,26],[199,-81],[124,25]],[[5827,4787],[40,-51],[14,-112],[53,0]],[[5827,4787],[105,52],[-16,35]],[[5916,4874],[57,-30],[70,23],[27,-102],[88,4],[44,-26],[30,59],[83,-30]],[[6315,4772],[-16,-49],[89,-37]],[[6315,4772],[116,108],[64,11],[0,38],[173,40]],[[6668,4969],[46,-56],[40,2]],[[5916,4874],[-51,36],[40,33],[-30,38]],[[5875,4981],[49,-26],[181,81],[54,-58],[180,9],[-11,49]],[[6328,5036],[124,6],[216,-73]],[[5875,4981],[-145,46],[-22,40]],[[5708,5067],[33,11],[-8,79],[140,21]],[[5873,5178],[143,-22],[181,-112],[131,-8]],[[5279,5069],[33,-25],[121,12],[145,-18],[54,50]],[[5632,5088],[76,-21]],[[5525,5320],[30,64]],[[5555,5384],[120,-98],[82,-29],[116,-79]],[[5632,5088],[-50,30],[64,43],[-102,21],[-13,46],[-76,21],[70,71]],[[5239,5232],[70,39],[14,53],[91,28],[111,-32]],[[5077,5366],[49,80]],[[5126,5446],[143,4],[30,40],[118,28]],[[5417,5518],[67,-49],[71,-85]],[[5126,5446],[2,75]],[[5128,5521],[141,41]],[[5269,5562],[72,-32],[33,20]],[[5374,5550],[43,-32]],[[5128,5521],[-57,46],[34,76],[-211,53],[26,61],[63,-41],[41,50],[-28,49],[73,7],[-5,52]],[[5064,5874],[22,-15]],[[5086,5859],[136,-101],[42,-56],[-22,-105],[27,-35]],[[5086,5859],[120,8],[54,24],[36,-41]],[[5296,5850],[-25,-16],[116,-40],[71,40],[124,9]],[[5582,5843],[45,-33]],[[5627,5810],[-21,-62],[-92,-21],[-6,-85],[-134,-92]],[[5506,5961],[59,-28],[17,-90]],[[5296,5850],[83,-6],[6,33],[-94,65],[129,-1],[86,20]],[[5064,5874],[116,83],[40,48],[-21,75],[-46,32]],[[5153,6112],[11,24],[137,-33]],[[5301,6103],[22,-50],[148,-35],[35,-57]],[[5450,6156],[70,-44],[121,23],[35,-51],[-29,-26],[77,-48]],[[5724,6010],[-40,-4],[67,-58],[-18,-48],[-106,-90]],[[5301,6103],[149,53]],[[5450,6156],[-25,45],[-75,10]],[[5350,6211],[86,77]],[[5436,6288],[51,39]],[[5487,6327],[54,5],[181,-39],[24,30],[134,-44]],[[5880,6279],[6,-48],[-53,-66],[-14,-100],[35,-14]],[[5854,6051],[-130,-41]],[[4921,6473],[64,-63],[119,9],[-43,-58],[121,44],[78,-61],[-51,-36],[49,-30],[11,-100],[81,33]],[[5153,6112],[-71,10],[-94,72],[-159,75],[8,55],[-48,52],[-22,137],[86,-7],[68,-33]],[[4962,6604],[48,2]],[[5010,6606],[154,-10],[67,-38],[29,58],[149,-47],[-59,-37],[62,-22],[-86,-180],[62,-2],[-25,-50],[73,10]],[[4921,6473],[-27,61],[68,70]],[[5214,6838],[31,5],[65,-61],[-14,-45],[261,8],[19,41]],[[5576,6786],[51,-28],[-40,-73],[37,-58],[-54,-36]],[[5570,6591],[-40,-80],[38,-45],[-76,-55],[-5,-84]],[[5010,6606],[81,73],[111,-12],[-81,73],[102,56],[-9,42]],[[4962,6604],[-12,43],[-153,69],[8,57],[-63,25],[12,67],[51,43],[54,-24],[65,52],[73,2],[16,57]],[[5013,6995],[78,-56],[5,-39],[118,-62]],[[5013,6995],[67,12],[75,57],[74,3],[118,-77],[164,-25]],[[5511,6965],[62,-69],[24,-92],[-21,-18]],[[5832,6650],[92,-23],[102,41],[47,-31],[131,-13],[103,5]],[[6307,6629],[13,-36],[-100,-78],[-91,-152],[-59,-40],[-71,2],[-45,-68],[-74,22]],[[5570,6591],[33,-52],[75,51],[4,45],[97,-37],[53,52]],[[6307,6629],[27,36]],[[6334,6665],[83,-12],[-35,-49],[52,-16],[-40,-125]],[[6394,6463],[56,-82],[-32,-45],[19,-88],[-30,-31],[34,-39],[-91,-59],[-37,-89],[-65,14],[-95,-63],[36,-26],[-23,-50],[-150,33],[-97,106],[-65,7]],[[5832,6650],[-21,69],[-65,18],[35,101],[46,44],[156,26]],[[5983,6908],[176,18],[40,23],[91,-20],[104,19],[42,54],[44,-7],[24,-89],[-49,-52]],[[6455,6854],[-84,-37],[-56,-100],[19,-52]],[[6841,6479],[-132,-53],[-40,31],[-173,33],[-102,-27]],[[6455,6854],[78,-24],[162,48]],[[6695,6878],[8,-80],[143,-54]],[[6846,6744],[-46,-19],[44,-66],[-138,-30],[35,-108],[100,-42]],[[6846,6744],[78,49],[63,-40],[0,-41],[67,10],[165,-10],[115,23],[20,-53],[121,27]],[[7475,6709],[59,3],[43,-43]],[[7577,6669],[-60,-60],[-191,-17],[-148,-109],[8,-40]],[[7186,6443],[-186,43],[-159,-7]],[[7577,6669],[202,-25],[3,-62],[-57,6],[-70,-34],[28,-66],[-57,-11],[18,-46],[-61,-18],[-95,17],[-92,57],[-89,-61],[-121,17]],[[6695,6878],[41,28],[-14,75],[24,37]],[[6746,7018],[79,9],[151,-70],[94,4],[14,35],[139,0],[-16,35],[100,10],[30,-56],[51,-17],[-16,-120],[30,-86],[73,-53]],[[6453,7214],[-12,-33],[119,-40],[-3,-34],[92,-39],[17,-49],[80,-1]],[[5983,6908],[13,63]],[[5996,6971],[85,63],[231,134],[119,-20],[22,66]],[[5781,7049],[43,-24],[103,26],[-11,-65],[80,-15]],[[5511,6965],[-3,58],[-75,59]],[[5433,7082],[100,0],[97,33],[16,-45],[135,-21]],[[5768,7243],[-95,-14],[-59,-84],[119,-19],[81,-55],[-33,-22]],[[5433,7082],[-40,70],[83,82]],[[5476,7234],[125,21],[10,52],[164,3],[35,-33],[-42,-34]],[[5768,7243],[29,-70],[124,8],[54,107],[97,27],[-27,64],[54,-10],[24,57]],[[6123,7426],[138,-50],[-3,-24],[113,-66],[95,-8],[-13,-64]],[[5423,7344],[45,207],[122,28]],[[5590,7579],[22,-60],[75,-8],[2,-31],[122,38],[200,20],[-7,-48],[119,-64]],[[5476,7234],[-53,110]],[[5423,7344],[-174,51],[-58,75],[-98,7],[-35,99],[68,40],[-63,23],[-155,11],[-14,72]],[[4894,7722],[43,21],[137,-16],[19,-87],[24,32],[89,3],[16,-45],[84,-12],[68,45],[0,75]],[[5374,7738],[200,3]],[[5574,7741],[7,-94],[44,-30],[-35,-38]],[[4894,7722],[33,40],[-9,85],[41,107],[175,80],[146,-10]],[[5280,8024],[40,32],[105,-77],[-56,-25],[94,-19],[-59,-83],[29,-49],[-84,5],[-18,-49],[43,-21]],[[5280,8024],[-33,71],[59,60],[41,-33],[95,65],[80,-3]],[[5522,8184],[113,-54],[138,-22]],[[5773,8108],[-37,-92],[53,-15],[-11,-85],[-84,-16],[-50,-123],[-70,-36]],[[5522,8184],[186,135],[197,63],[59,66],[108,47]],[[6072,8495],[47,-42],[56,13],[22,-37],[-125,-86],[114,-85]],[[6186,8258],[-173,-47],[-54,3],[-173,-80],[-13,-26]],[[5937,8661],[68,63],[41,-15],[72,34],[70,2]],[[6188,8745],[3,-50],[45,-32],[9,61],[126,-32],[170,-12],[33,-91],[62,-26],[3,-63],[-81,-11],[-76,41],[-100,-95],[-146,-45],[-50,-132]],[[6072,8495],[-59,47],[-95,16],[97,48],[-78,55]],[[5937,8661],[-107,40],[-35,38],[134,67],[-126,17],[-43,-37],[-81,-15],[-81,74],[62,31],[21,87],[62,48]],[[5743,9011],[100,-23],[137,21],[31,-19],[-1,107],[151,-4],[-21,-46],[64,2],[84,-43],[-18,54],[48,0]],[[6318,9060],[49,-83]],[[6367,8977],[-76,-59],[-68,-151],[-35,-22]],[[6398,9141],[52,-27],[-81,-19]],[[6369,9095],[29,46]],[[5784,9290],[97,-45],[59,16],[122,-52],[53,41],[130,3],[72,67],[127,12]],[[6444,9332],[-46,-191]],[[6369,9095],[-51,-35]],[[5743,9011],[3,53],[56,85],[-18,141]],[[5784,9290],[-24,99],[-68,36],[-2,56]],[[5690,9481],[188,-67],[16,49],[-40,29],[-19,83],[146,21],[81,-11],[10,54],[75,25],[-29,66],[56,74]],[[6174,9804],[247,-45]],[[6421,9759],[-39,-31],[-2,-87],[-46,-28],[54,-62],[40,0],[89,-100],[16,-49]],[[6533,9402],[36,-38]],[[6569,9364],[-125,-32]],[[5690,9481],[-52,52],[30,52],[-105,45],[-17,46],[-99,8],[-52,81],[-80,38],[61,97],[-2,92],[59,7],[105,-35],[-19,-18],[52,-89],[159,-47],[65,39],[86,2],[46,-27],[180,15],[67,-35]],[[6421,9759],[86,55],[162,70],[-28,37],[176,34],[169,-55],[62,31],[119,-74],[167,0],[63,-33],[110,-16],[21,-120],[-18,-128]],[[7510,9560],[-149,43],[-135,-45],[9,-68],[-43,-1]],[[7192,9489],[-200,3],[-9,60],[-69,-99],[-67,-43],[-82,15],[-158,-45],[-74,22]],[[8079,9340],[-24,-59]],[[8055,9281],[-246,12],[-113,-31],[-46,-42],[-6,-78],[-104,-33]],[[7540,9109],[-103,144],[-73,0],[-64,-158]],[[7300,9095],[-65,66],[27,70],[-49,131],[19,38],[-40,89]],[[7510,9560],[8,-22],[110,77],[73,-34],[-19,-65],[78,-32],[130,35],[51,-61],[98,-12],[40,-106]],[[7300,9095],[-1,-101],[-56,-6],[-49,-70]],[[7194,8918],[-14,15]],[[7180,8933],[-137,45],[-19,65],[-105,38],[-29,108],[-170,91]],[[6720,9280],[16,46],[-167,38]],[[6720,9280],[11,-131],[-33,-14],[-57,43],[-18,-74],[-47,-21],[-21,-91],[-176,-19]],[[6379,8973],[-12,4]],[[7180,8933],[-29,6],[-57,-69],[14,-45],[-81,-58],[-94,56],[-74,5],[-51,-28],[54,-93]],[[6862,8707],[-35,-33],[-75,3],[-98,50],[-123,96],[-73,-7],[-60,52],[-19,105]],[[7194,8918],[33,-64],[-25,-103],[32,-83],[138,-53],[68,-68]],[[7440,8547],[-116,-15],[-62,38],[-71,-69],[27,-79]],[[7218,8422],[-43,-35],[-110,-20],[-28,-30],[-45,41],[89,9],[-63,50],[116,-11],[63,28],[-22,46],[-92,-32],[-56,99],[8,27],[-135,45],[-38,68]],[[7540,9109],[12,-143],[31,-38],[159,-103]],[[7742,8825],[-71,-63],[16,-49],[-75,-26],[-121,-122],[-51,-18]],[[8003,9108],[-60,-129],[17,-42],[102,-64],[57,-78]],[[8119,8795],[-116,24],[-68,-23]],[[7935,8796],[-61,-10],[-132,39]],[[8055,9281],[-20,-44],[-186,-2],[17,-120],[137,-7]],[[8079,9340],[67,-48],[113,23],[38,-23],[154,15],[159,64],[30,-22]],[[8640,9349],[-38,-36],[-6,-98],[-77,-104],[-3,-95]],[[8516,9016],[-135,11],[-57,-47],[0,67],[-38,-12],[-62,64],[-118,-63],[-52,73],[-51,-1]],[[8534,8994],[-24,-72],[-56,-44],[7,-62],[154,19],[14,-90]],[[8629,8745],[-51,-17]],[[8578,8728],[-160,14],[-115,30],[-30,-17],[-154,40]],[[8516,9016],[18,-22]],[[9198,8606],[2,32],[-70,80],[-59,-9],[-124,32],[-49,-35],[-110,-9],[-83,51],[-76,-3]],[[8534,8994],[149,6],[5,50],[62,-4],[86,-64],[14,-124],[29,61],[44,-11],[-8,-59],[229,7],[2,-60],[159,-4],[71,-20]],[[9376,8772],[49,-8],[-109,-81],[-15,-74]],[[9301,8609],[-39,27],[-64,-30]],[[8640,9349],[78,41],[78,-39],[143,-11],[26,-49],[76,-6],[95,30],[310,-80],[-100,-80]],[[9346,9155],[-14,-43],[116,-67],[9,-94],[-81,-179]],[[9346,9155],[102,-15],[36,38],[142,-29],[81,24],[41,-64],[78,29],[133,-25],[37,-90],[-48,-29],[51,-33],[-63,-219],[41,-68],[-91,-65]],[[9886,8609],[-6,61],[60,-5],[16,36],[-79,-12],[-167,11],[-37,-44],[-52,6],[-76,-38],[-50,22],[-135,-31],[-11,-38]],[[9349,8577],[-48,32]],[[9349,8577],[8,-41],[78,-60],[-33,-98],[92,-89]],[[9494,8289],[-99,-25]],[[9395,8264],[-117,-24],[-218,18]],[[9060,8258],[-75,25]],[[8985,8283],[57,64],[-3,48],[-82,65]],[[8957,8460],[146,-21],[73,33],[-11,63],[54,25],[-21,46]],[[9395,8264],[-12,-47],[-96,-50],[38,-124],[48,32],[51,-70],[-150,-43],[-25,-31],[19,-81],[-105,-16],[5,50],[-75,11]],[[9093,7895],[-35,36],[16,107],[37,49],[-97,28],[-62,70],[89,26],[19,47]],[[9093,7895],[-106,-17],[-113,33],[-13,48],[-76,-57],[-126,11],[-46,39],[-108,24],[-55,38],[22,32]],[[8472,8046],[95,14],[11,42],[-106,53],[124,44]],[[8596,8199],[138,-7],[94,21],[157,70]],[[7946,8573],[-50,64],[50,34],[20,64]],[[7966,8735],[107,-3],[97,-39],[57,10],[121,-65],[-56,-66],[13,-140],[-24,-28],[178,2],[0,-44],[68,8]],[[8527,8370],[58,-49],[-34,-49],[45,-73]],[[8472,8046],[-110,58],[-154,22],[-51,81],[26,37],[-26,61],[-84,83],[75,47],[-118,9],[27,18],[-22,118],[-89,-7]],[[8527,8370],[-20,35],[71,-8],[105,33],[-13,30]],[[8670,8460],[215,-14],[72,14]],[[8670,8460],[13,113],[-82,-8],[42,93],[-65,70]],[[7966,8735],[-31,61]],[[9886,8609],[59,-47],[-189,-58],[0,-37],[-76,-17],[22,-50],[-95,5],[41,-43],[-84,-26],[62,-32],[-56,-113],[-81,61],[5,37]],[[7946,8573],[-105,26],[-78,-7],[17,64],[-44,21],[-137,-89],[16,-74],[94,-9],[0,-42],[60,34],[46,-39],[-30,-43],[97,-33],[83,5],[-27,-81],[-199,-4],[-116,78],[-119,-2],[-24,-51],[45,-32],[-83,-8],[-64,33],[-6,78],[-154,24]],[[7113,8257],[32,-37],[-108,32],[4,58],[72,-53]],[[7253,8166],[12,65],[-38,48],[86,-4],[7,-58],[-37,-37],[16,-48],[-57,-22],[11,56]]],"transform":{"scale":[0.0004034066969377766,0.0005722014839940545],"translate":[85.85902681093582,21.49201564295393]}}