{"type":"Topology","objects":{"Karnataka":{"type":"GeometryCollection","bbox":[74.08943956474747,11.560830147424237,78.62569351736845,18.4445840811046],"geometries":[{"type":"Polygon","properties":{"ac":"224","ASSEMBLY_1":"GUNDLUPET","DISTRICT":"CHAMARAJANAGAR","PARLIAMENT":"22","P_NAME":"CHAMARAJANAGAR(SC)","STATE_UT":"KARNATAKA"},"arcs":[[0,1,2,3,4]]},{"type":"Polygon","properties":{"ac":"223","ASSEMBLY_1":"CHAMARAJANAGAR","DISTRICT":"CHAMARAJANAGAR","PARLIAMENT":"22","P_NAME":"CHAMARAJANAGAR(SC)","STATE_UT":"KARNATAKA"},"arcs":[[-2,5,6,7,8]]},{"type":"Polygon","properties":{"ac":"222","ASSEMBLY_1":"KOLLEGAL","DISTRICT":"CHAMARAJANAGAR","PARLIAMENT":"22","P_NAME":"CHAMARAJANAGAR(SC)","STATE_UT":"KARNATAKA"},"arcs":[[9,-7,10,11]]},{"type":"Polygon","properties":{"ac":"221","ASSEMBLY_1":"HANUR","DISTRICT":"CHAMARAJANAGAR","PARLIAMENT":"22","P_NAME":"CHAMARAJANAGAR(SC)","STATE_UT":"KARNATAKA"},"arcs":[[12,13,-8,-10,14,15]]},{"type":"Polygon","properties":{"ac":"220","ASSEMBLY_1":"T.NARASIPUR","DISTRICT":"MYSORE","PARLIAMENT":"22","P_NAME":"CHAMARAJANAGAR(SC)","STATE_UT":"KARNATAKA"},"arcs":[[16,17,18,-15,-12]]},{"type":"Polygon","properties":{"ac":"219","ASSEMBLY_1":"VARUNA","DISTRICT":"MYSORE","PARLIAMENT":"22","P_NAME":"CHAMARAJANAGAR(SC)","STATE_UT":"KARNATAKA"},"arcs":[[19,20,21,22,23,24,-17,-11,-6,-1]]},{"type":"Polygon","properties":{"ac":"218","ASSEMBLY_1":"NARASIMHARAJA","DISTRICT":"MYSORE","PARLIAMENT":"21","P_NAME":"MYSORE","STATE_UT":"KARNATAKA"},"arcs":[[25,26,27]]},{"type":"Polygon","properties":{"ac":"217","ASSEMBLY_1":"CHAMARAJA","DISTRICT":"MYSORE","PARLIAMENT":"21","P_NAME":"MYSORE","STATE_UT":"KARNATAKA"},"arcs":[[28,29,-26]]},{"type":"Polygon","properties":{"ac":"216","ASSEMBLY_1":"KRISHNARAJA","DISTRICT":"MYSORE","PARLIAMENT":"21","P_NAME":"MYSORE","STATE_UT":"KARNATAKA"},"arcs":[[30,-23,31,-29,-28]]},{"type":"Polygon","properties":{"ac":"215","ASSEMBLY_1":"CHAMUNDESHWARI","DISTRICT":"MYSORE","PARLIAMENT":"21","P_NAME":"MYSORE","STATE_UT":"KARNATAKA"},"arcs":[[32,33,34,35,36,-24,-31,-27,-30,-32,-22,37]]},{"type":"Polygon","properties":{"ac":"214","ASSEMBLY_1":"NANJANGUD","DISTRICT":"MYSORE","PARLIAMENT":"22","P_NAME":"CHAMARAJANAGAR(SC)","STATE_UT":"KARNATAKA"},"arcs":[[-5,38,-20]]},{"type":"Polygon","properties":{"ac":"213","ASSEMBLY_1":"HEGGADADEVANKOTE","DISTRICT":"MYSORE","PARLIAMENT":"22","P_NAME":"CHAMARAJANAGAR(SC)","STATE_UT":"KARNATAKA"},"arcs":[[39,40,41,-38,-21,-39,-4]]},{"type":"Polygon","properties":{"ac":"212","ASSEMBLY_1":"HUNSUR","DISTRICT":"MYSORE","PARLIAMENT":"21","P_NAME":"MYSORE","STATE_UT":"KARNATAKA"},"arcs":[[-42,42,43,44,-33]]},{"type":"Polygon","properties":{"ac":"211","ASSEMBLY_1":"KRISHNARAJANAGARA","DISTRICT":"MYSORE","PARLIAMENT":"20","P_NAME":"MANDYA","STATE_UT":"KARNATAKA"},"arcs":[[45,-34,-45,46,47]]},{"type":"Polygon","properties":{"ac":"210","ASSEMBLY_1":"PIRIYAPATNA","DISTRICT":"MYSORE","PARLIAMENT":"21","P_NAME":"MYSORE","STATE_UT":"KARNATAKA"},"arcs":[[48,49,50,-47,-44]]},{"type":"Polygon","properties":{"ac":"209","ASSEMBLY_1":"VIRAJPET","DISTRICT":"KODAGU","PARLIAMENT":"21","P_NAME":"MYSORE","STATE_UT":"KARNATAKA"},"arcs":[[-41,51,52,53,-49,-43]]},{"type":"Polygon","properties":{"ac":"208","ASSEMBLY_1":"MADIKERI","DISTRICT":"KODAGU","PARLIAMENT":"21","P_NAME":"MYSORE","STATE_UT":"KARNATAKA"},"arcs":[[-50,-54,54,55,56]]},{"type":"Polygon","properties":{"ac":"207","ASSEMBLY_1":"SULLIA","DISTRICT":"DAKSHINA KANNADA","PARLIAMENT":"17","P_NAME":"DAKSHINA KANNADA","STATE_UT":"KARNATAKA"},"arcs":[[-55,-53,57,58,59,60]]},{"type":"Polygon","properties":{"ac":"206","ASSEMBLY_1":"PUTTUR","DISTRICT":"DAKSHINA KANNADA","PARLIAMENT":"17","P_NAME":"DAKSHINA KANNADA","STATE_UT":"KARNATAKA"},"arcs":[[61,-59,62,63]]},{"type":"Polygon","properties":{"ac":"205","ASSEMBLY_1":"BANTVAL","DISTRICT":"DAKSHINA KANNADA","PARLIAMENT":"17","P_NAME":"DAKSHINA KANNADA","STATE_UT":"KARNATAKA"},"arcs":[[64,65,-64,66,67,68]]},{"type":"Polygon","properties":{"ac":"204","ASSEMBLY_1":"MANGALORE","DISTRICT":"DAKSHINA KANNADA","PARLIAMENT":"17","P_NAME":"DAKSHINA KANNADA","STATE_UT":"KARNATAKA"},"arcs":[[69,70,71,-68]]},{"type":"Polygon","properties":{"ac":"203","ASSEMBLY_1":"MANGALORE CITY SOUTH","DISTRICT":"DAKSHINA KANNADA","PARLIAMENT":"17","P_NAME":"DAKSHINA KANNADA","STATE_UT":"KARNATAKA"},"arcs":[[72,73,74,-71]]},{"type":"Polygon","properties":{"ac":"202","ASSEMBLY_1":"MANGALORE CITY NORTH","DISTRICT":"DAKSHINA KANNADA","PARLIAMENT":"17","P_NAME":"DAKSHINA KANNADA","STATE_UT":"KARNATAKA"},"arcs":[[-69,-72,-75,75]]},{"type":"Polygon","properties":{"ac":"201","ASSEMBLY_1":"MOODABIDRI","DISTRICT":"DAKSHINA KANNADA","PARLIAMENT":"17","P_NAME":"DAKSHINA KANNADA","STATE_UT":"KARNATAKA"},"arcs":[[76,77,-65,-76,-74,78,79]]},{"type":"Polygon","properties":{"ac":"200","ASSEMBLY_1":"BELTHANGADY","DISTRICT":"DAKSHINA KANNADA","PARLIAMENT":"17","P_NAME":"DAKSHINA KANNADA","STATE_UT":"KARNATAKA"},"arcs":[[-66,-78,80,81,82,-60,-62]]},{"type":"Polygon","properties":{"ac":"199","ASSEMBLY_1":"SAKLESHPUR","DISTRICT":"HASSAN","PARLIAMENT":"16","P_NAME":"HASSAN","STATE_UT":"KARNATAKA"},"arcs":[[-61,-83,83,84,85,86,87,-56]]},{"type":"Polygon","properties":{"ac":"198","ASSEMBLY_1":"ARKALGUD","DISTRICT":"HASSAN","PARLIAMENT":"16","P_NAME":"HASSAN","STATE_UT":"KARNATAKA"},"arcs":[[-57,-88,88,89,-48,-51]]},{"type":"Polygon","properties":{"ac":"197","ASSEMBLY_1":"HOLENARASIPUR","DISTRICT":"HASSAN","PARLIAMENT":"16","P_NAME":"HASSAN","STATE_UT":"KARNATAKA"},"arcs":[[90,91,92,-89,-87,93]]},{"type":"Polygon","properties":{"ac":"196","ASSEMBLY_1":"HASSAN","DISTRICT":"HASSAN","PARLIAMENT":"16","P_NAME":"HASSAN","STATE_UT":"KARNATAKA"},"arcs":[[-94,-86,94,95]]},{"type":"Polygon","properties":{"ac":"195","ASSEMBLY_1":"BELUR","DISTRICT":"HASSAN","PARLIAMENT":"16","P_NAME":"HASSAN","STATE_UT":"KARNATAKA"},"arcs":[[96,97,98,-95,-85]]},{"type":"Polygon","properties":{"ac":"194","ASSEMBLY_1":"ARSIKERE","DISTRICT":"HASSAN","PARLIAMENT":"16","P_NAME":"HASSAN","STATE_UT":"KARNATAKA"},"arcs":[[-96,-99,99,100,101,102,103,-91]]},{"type":"Polygon","properties":{"ac":"193","ASSEMBLY_1":"SHRAVANABELAGOLA","DISTRICT":"HASSAN","PARLIAMENT":"16","P_NAME":"HASSAN","STATE_UT":"KARNATAKA"},"arcs":[[104,105,-92,-104,106,107]]},{"type":"Polygon","properties":{"ac":"192","ASSEMBLY_1":"KRISHNARAJPET","DISTRICT":"MANDYA","PARLIAMENT":"20","P_NAME":"MANDYA","STATE_UT":"KARNATAKA"},"arcs":[[108,-35,-46,-90,-93,-106,109]]},{"type":"Polygon","properties":{"ac":"191","ASSEMBLY_1":"NAGAMANGALA","DISTRICT":"MANDYA","PARLIAMENT":"20","P_NAME":"MANDYA","STATE_UT":"KARNATAKA"},"arcs":[[110,111,112,113,-110,-105,114]]},{"type":"Polygon","properties":{"ac":"190","ASSEMBLY_1":"SHRIRANGAPATTANA","DISTRICT":"MANDYA","PARLIAMENT":"20","P_NAME":"MANDYA","STATE_UT":"KARNATAKA"},"arcs":[[-18,-25,-37,115,116,117,118]]},{"type":"Polygon","properties":{"ac":"189","ASSEMBLY_1":"MANDYA","DISTRICT":"MANDYA","PARLIAMENT":"20","P_NAME":"MANDYA","STATE_UT":"KARNATAKA"},"arcs":[[119,-117,120,-113]]},{"type":"Polygon","properties":{"ac":"188","ASSEMBLY_1":"MELUKOTE","DISTRICT":"MANDYA","PARLIAMENT":"20","P_NAME":"MANDYA","STATE_UT":"KARNATAKA"},"arcs":[[-109,-114,-121,-116,-36]]},{"type":"Polygon","properties":{"ac":"187","ASSEMBLY_1":"MADDUR","DISTRICT":"MANDYA","PARLIAMENT":"20","P_NAME":"MANDYA","STATE_UT":"KARNATAKA"},"arcs":[[121,-118,-120,-112,122,123]]},{"type":"Polygon","properties":{"ac":"186","ASSEMBLY_1":"MALAVALLI","DISTRICT":"MANDYA","PARLIAMENT":"20","P_NAME":"MANDYA","STATE_UT":"KARNATAKA"},"arcs":[[-122,124,125,-16,-19,-119]]},{"type":"Polygon","properties":{"ac":"185","ASSEMBLY_1":"CHANNAPATNA","DISTRICT":"BANGALORE RURAL","PARLIAMENT":"23","P_NAME":"BANGALORE RURAL","STATE_UT":"KARNATAKA"},"arcs":[[-125,-124,126,127,128,129]]},{"type":"Polygon","properties":{"ac":"184","ASSEMBLY_1":"KANAKAPURA","DISTRICT":"BANGALORE RURAL","PARLIAMENT":"23","P_NAME":"BANGALORE RURAL","STATE_UT":"KARNATAKA"},"arcs":[[-130,130,131,-13,-126]]},{"type":"Polygon","properties":{"ac":"183","ASSEMBLY_1":"RAMANAGARAM","DISTRICT":"BANGALORE RURAL","PARLIAMENT":"23","P_NAME":"BANGALORE RURAL","STATE_UT":"KARNATAKA"},"arcs":[[132,-131,-129,133,134,135,136]]},{"type":"Polygon","properties":{"ac":"182","ASSEMBLY_1":"MAGADI","DISTRICT":"BANGALORE RURAL","PARLIAMENT":"23","P_NAME":"BANGALORE RURAL","STATE_UT":"KARNATAKA"},"arcs":[[137,138,139,140,-134,-128]]},{"type":"Polygon","properties":{"ac":"181","ASSEMBLY_1":"NELAMANGALA","DISTRICT":"BANGALORE RURAL","PARLIAMENT":"27","P_NAME":"CHIKKBALLAPUR","STATE_UT":"KARNATAKA"},"arcs":[[141,142,143,144,-140,145]]},{"type":"Polygon","properties":{"ac":"180","ASSEMBLY_1":"DODDABALLAPUR","DISTRICT":"BANGALORE RURAL","PARLIAMENT":"27","P_NAME":"CHIKKBALLAPUR","STATE_UT":"KARNATAKA"},"arcs":[[-143,146,147,148,149]]},{"type":"Polygon","properties":{"ac":"179","ASSEMBLY_1":"DEVANAHALLI","DISTRICT":"BANGALORE RURAL","PARLIAMENT":"27","P_NAME":"CHIKKBALLAPUR","STATE_UT":"KARNATAKA"},"arcs":[[150,151,-149,152,153,154,155,156]]},{"type":"Polygon","properties":{"ac":"178","ASSEMBLY_1":"HOSAKOTE","DISTRICT":"BANGALORE RURAL","PARLIAMENT":"27","P_NAME":"CHIKKBALLAPUR","STATE_UT":"KARNATAKA"},"arcs":[[157,158,159,160,161,-156,162]]},{"type":"Polygon","properties":{"ac":"177","ASSEMBLY_1":"ANEKAL","DISTRICT":"BANGALORE","PARLIAMENT":"23","P_NAME":"BANGALORE RURAL","STATE_UT":"KARNATAKA"},"arcs":[[-137,163,164,165,-161,166]]},{"type":"Polygon","properties":{"ac":"176","ASSEMBLY_1":"BANGALORE SOUTH","DISTRICT":"BANGALORE","PARLIAMENT":"23","P_NAME":"BANGALORE RURAL","STATE_UT":"KARNATAKA"},"arcs":[[-164,-136,167,168,169,170,171]]},{"type":"Polygon","properties":{"ac":"175","ASSEMBLY_1":"BOMMANAHALLI","DISTRICT":"BANGALORE","PARLIAMENT":"26","P_NAME":"BANGALORE SOUTH","STATE_UT":"KARNATAKA"},"arcs":[[172,173]]},{"type":"Polygon","properties":{"ac":"175","ASSEMBLY_1":"BOMMANAHALLI","DISTRICT":"BANGALORE","PARLIAMENT":"26","P_NAME":"BANGALORE SOUTH","STATE_UT":"KARNATAKA"},"arcs":[[-165,-172,174,175,176,177]]},{"type":"Polygon","properties":{"ac":"174","ASSEMBLY_1":"MAHADEVAPURA","DISTRICT":"BANGALORE","PARLIAMENT":"25","P_NAME":"BANGALORE CENTRAL","STATE_UT":"KARNATAKA"},"arcs":[[-162,-166,-178,178,-173,179,180,181,182,-157]]},{"type":"Polygon","properties":{"ac":"173","ASSEMBLY_1":"JAYANAGAR","DISTRICT":"BANGALORE","PARLIAMENT":"26","P_NAME":"BANGALORE SOUTH","STATE_UT":"KARNATAKA"},"arcs":[[-171,183,184,185,-175]]},{"type":"Polygon","properties":{"ac":"172","ASSEMBLY_1":"B.T.M. LAYOUT","DISTRICT":"BANGALORE","PARLIAMENT":"26","P_NAME":"BANGALORE SOUTH","STATE_UT":"KARNATAKA"},"arcs":[[186,187,188,-176,-186]]},{"type":"Polygon","properties":{"ac":"171","ASSEMBLY_1":"PADMANABA NAGAR","DISTRICT":"BANGALORE","PARLIAMENT":"26","P_NAME":"BANGALORE SOUTH","STATE_UT":"KARNATAKA"},"arcs":[[-170,189,190,191,-184]]},{"type":"Polygon","properties":{"ac":"170","ASSEMBLY_1":"BASAVANAGUDI","DISTRICT":"BANGALORE","PARLIAMENT":"26","P_NAME":"BANGALORE SOUTH","STATE_UT":"KARNATAKA"},"arcs":[[-191,192,193,194,195]]},{"type":"Polygon","properties":{"ac":"169","ASSEMBLY_1":"CHICKPET","DISTRICT":"BANGALORE","PARLIAMENT":"26","P_NAME":"BANGALORE SOUTH","STATE_UT":"KARNATAKA"},"arcs":[[196,197,198,199,-187,-185,-192,-196]]},{"type":"Polygon","properties":{"ac":"168","ASSEMBLY_1":"CHAMRAJPET","DISTRICT":"BANGALORE","PARLIAMENT":"25","P_NAME":"BANGALORE CENTRAL","STATE_UT":"KARNATAKA"},"arcs":[[-195,200,201,-197]]},{"type":"Polygon","properties":{"ac":"167","ASSEMBLY_1":"VIJAY NAGAR","DISTRICT":"BANGALORE","PARLIAMENT":"26","P_NAME":"BANGALORE SOUTH","STATE_UT":"KARNATAKA"},"arcs":[[-194,202,203,204,205,-201]]},{"type":"Polygon","properties":{"ac":"166","ASSEMBLY_1":"GOVINDRAJ NAGAR","DISTRICT":"BANGALORE","PARLIAMENT":"26","P_NAME":"BANGALORE SOUTH","STATE_UT":"KARNATAKA"},"arcs":[[-204,206,207,208]]},{"type":"Polygon","properties":{"ac":"165","ASSEMBLY_1":"RAJAJI NAGAR","DISTRICT":"BANGALORE","PARLIAMENT":"25","P_NAME":"BANGALORE CENTRAL","STATE_UT":"KARNATAKA"},"arcs":[[-205,-209,209,210,211]]},{"type":"Polygon","properties":{"ac":"164","ASSEMBLY_1":"GANDHI NAGAR","DISTRICT":"BANGALORE","PARLIAMENT":"25","P_NAME":"BANGALORE CENTRAL","STATE_UT":"KARNATAKA"},"arcs":[[-212,212,213,-198,-202,-206]]},{"type":"Polygon","properties":{"ac":"163","ASSEMBLY_1":"SHANTI NAGAR","DISTRICT":"BANGALORE","PARLIAMENT":"25","P_NAME":"BANGALORE CENTRAL","STATE_UT":"KARNATAKA"},"arcs":[[-188,-200,214,215,216]]},{"type":"Polygon","properties":{"ac":"162","ASSEMBLY_1":"SHIVAJINAGAR","DISTRICT":"BANGALORE","PARLIAMENT":"25","P_NAME":"BANGALORE CENTRAL","STATE_UT":"KARNATAKA"},"arcs":[[-214,217,218,219,220,-215,-199]]},{"type":"Polygon","properties":{"ac":"161","ASSEMBLY_1":"C.V. RAMAN NAGAR","DISTRICT":"BANGALORE","PARLIAMENT":"25","P_NAME":"BANGALORE CENTRAL","STATE_UT":"KARNATAKA"},"arcs":[[-221,221,222,223,-181,224,-216]]},{"type":"Polygon","properties":{"ac":"160","ASSEMBLY_1":"SARVAGNANAGAR","DISTRICT":"BANGALORE","PARLIAMENT":"25","P_NAME":"BANGALORE CENTRAL","STATE_UT":"KARNATAKA"},"arcs":[[225,226,227,-223,228]]},{"type":"Polygon","properties":{"ac":"159","ASSEMBLY_1":"PULAKESHINAGAR","DISTRICT":"BANGALORE","PARLIAMENT":"24","P_NAME":"BANGALORE NORTH","STATE_UT":"KARNATAKA"},"arcs":[[-222,-220,229,-229]]},{"type":"Polygon","properties":{"ac":"158","ASSEMBLY_1":"HEBBAL","DISTRICT":"BANGALORE","PARLIAMENT":"24","P_NAME":"BANGALORE NORTH","STATE_UT":"KARNATAKA"},"arcs":[[230,231,-226,-230,-219]]},{"type":"Polygon","properties":{"ac":"157","ASSEMBLY_1":"MALLESHWARAM","DISTRICT":"BANGALORE","PARLIAMENT":"24","P_NAME":"BANGALORE NORTH","STATE_UT":"KARNATAKA"},"arcs":[[232,233,-231,-218,-213,-211,234]]},{"type":"Polygon","properties":{"ac":"156","ASSEMBLY_1":"MAHALAKSHMI LAYOUT","DISTRICT":"BANGALORE","PARLIAMENT":"24","P_NAME":"BANGALORE NORTH","STATE_UT":"KARNATAKA"},"arcs":[[-210,-208,235,-235]]},{"type":"Polygon","properties":{"ac":"155","ASSEMBLY_1":"DASARAHALLI","DISTRICT":"BANGALORE","PARLIAMENT":"24","P_NAME":"BANGALORE NORTH","STATE_UT":"KARNATAKA"},"arcs":[[236,237,238,239]]},{"type":"Polygon","properties":{"ac":"154","ASSEMBLY_1":"RAJARAJESHWARINAGAR","DISTRICT":"BANGALORE","PARLIAMENT":"23","P_NAME":"BANGALORE RURAL","STATE_UT":"KARNATAKA"},"arcs":[[240,-237,241,-233,-236,-207,-203,-193,-190,-169]]},{"type":"Polygon","properties":{"ac":"153","ASSEMBLY_1":"YESHVANTHAPURA","DISTRICT":"BANGALORE","PARLIAMENT":"24","P_NAME":"BANGALORE NORTH","STATE_UT":"KARNATAKA"},"arcs":[[-141,-145,242,-238,-241,-168,-135]]},{"type":"Polygon","properties":{"ac":"152","ASSEMBLY_1":"BYATARAYANAPURA","DISTRICT":"BANGALORE","PARLIAMENT":"24","P_NAME":"BANGALORE NORTH","STATE_UT":"KARNATAKA"},"arcs":[[-151,-183,243,-227,-232,-234,-242,-240,244]]},{"type":"Polygon","properties":{"ac":"151","ASSEMBLY_1":"K.R. PURA","DISTRICT":"BANGALORE","PARLIAMENT":"24","P_NAME":"BANGALORE NORTH","STATE_UT":"KARNATAKA"},"arcs":[[-224,-228,-244,-182]]},{"type":"Polygon","properties":{"ac":"150","ASSEMBLY_1":"YELAHANKA","DISTRICT":"BANGALORE","PARLIAMENT":"27","P_NAME":"CHIKKBALLAPUR","STATE_UT":"KARNATAKA"},"arcs":[[-150,-152,-245,-239,-243,-144]]},{"type":"Polygon","properties":{"ac":"149","ASSEMBLY_1":"MALUR","DISTRICT":"KOLAR","PARLIAMENT":"28","P_NAME":"KOLAR (SC)","STATE_UT":"KARNATAKA"},"arcs":[[245,246,247,-159]]},{"type":"Polygon","properties":{"ac":"148","ASSEMBLY_1":"KOLAR","DISTRICT":"KOLAR","PARLIAMENT":"28","P_NAME":"KOLAR (SC)","STATE_UT":"KARNATAKA"},"arcs":[[-158,248,249,250,251,-246]]},{"type":"Polygon","properties":{"ac":"147","ASSEMBLY_1":"BANGARAPET","DISTRICT":"KOLAR","PARLIAMENT":"28","P_NAME":"KOLAR (SC)","STATE_UT":"KARNATAKA"},"arcs":[[-247,-252,252,253,254,255]]},{"type":"Polygon","properties":{"ac":"146","ASSEMBLY_1":"KOLAR GOLD FIELD","DISTRICT":"KOLAR","PARLIAMENT":"28","P_NAME":"KOLAR (SC)","STATE_UT":"KARNATAKA"},"arcs":[[256,-255,257]]},{"type":"Polygon","properties":{"ac":"145","ASSEMBLY_1":"MULBAGAL","DISTRICT":"KOLAR","PARLIAMENT":"28","P_NAME":"KOLAR (SC)","STATE_UT":"KARNATAKA"},"arcs":[[-258,-254,258,259]]},{"type":"Polygon","properties":{"ac":"144","ASSEMBLY_1":"SRINIVASPUR","DISTRICT":"KOLAR","PARLIAMENT":"28","P_NAME":"KOLAR (SC)","STATE_UT":"KARNATAKA"},"arcs":[[-251,260,261,-259,-253]]},{"type":"Polygon","properties":{"ac":"143","ASSEMBLY_1":"CHINTAMANI","DISTRICT":"KOLAR","PARLIAMENT":"28","P_NAME":"KOLAR (SC)","STATE_UT":"KARNATAKA"},"arcs":[[262,263,-261,-250]]},{"type":"Polygon","properties":{"ac":"142","ASSEMBLY_1":"SIDLAGHATTA","DISTRICT":"KOLAR","PARLIAMENT":"28","P_NAME":"KOLAR (SC)","STATE_UT":"KARNATAKA"},"arcs":[[-163,-155,264,265,266,-263,-249]]},{"type":"Polygon","properties":{"ac":"141","ASSEMBLY_1":"CHIKKABALLAPUR","DISTRICT":"KOLAR","PARLIAMENT":"27","P_NAME":"CHIKKBALLAPUR","STATE_UT":"KARNATAKA"},"arcs":[[-265,-154,267,268]]},{"type":"Polygon","properties":{"ac":"140","ASSEMBLY_1":"BAGEPALLI","DISTRICT":"KOLAR","PARLIAMENT":"27","P_NAME":"CHIKKBALLAPUR","STATE_UT":"KARNATAKA"},"arcs":[[-269,269,270,-266]]},{"type":"Polygon","properties":{"ac":"139","ASSEMBLY_1":"GAURIBIDANUR","DISTRICT":"KOLAR","PARLIAMENT":"27","P_NAME":"CHIKKBALLAPUR","STATE_UT":"KARNATAKA"},"arcs":[[-270,-268,-153,-148,271,272,273]]},{"type":"Polygon","properties":{"ac":"138","ASSEMBLY_1":"MADHUGIRI","DISTRICT":"TUMKUR","PARLIAMENT":"19","P_NAME":"TUMKUR","STATE_UT":"KARNATAKA"},"arcs":[[274,-273,275,276]]},{"type":"Polygon","properties":{"ac":"137","ASSEMBLY_1":"PAVAGADA","DISTRICT":"CHITRADURGA","PARLIAMENT":"18","P_NAME":"CHITRADURGA (SC)","STATE_UT":"KARNATAKA"},"arcs":[[277,278]]},{"type":"Polygon","properties":{"ac":"136","ASSEMBLY_1":"SIRA","DISTRICT":"TUMKUR","PARLIAMENT":"18","P_NAME":"CHITRADURGA (SC)","STATE_UT":"KARNATAKA"},"arcs":[[-277,279,280,281,282,283,284]]},{"type":"Polygon","properties":{"ac":"135","ASSEMBLY_1":"GUBBI","DISTRICT":"TUMKUR","PARLIAMENT":"19","P_NAME":"TUMKUR","STATE_UT":"KARNATAKA"},"arcs":[[285,-282,286,287,288]]},{"type":"Polygon","properties":{"ac":"134","ASSEMBLY_1":"KORATAGERE","DISTRICT":"TUMKUR","PARLIAMENT":"19","P_NAME":"TUMKUR","STATE_UT":"KARNATAKA"},"arcs":[[-142,289,-280,-276,-272,-147]]},{"type":"Polygon","properties":{"ac":"133","ASSEMBLY_1":"TUMKUR RURAL","DISTRICT":"TUMKUR","PARLIAMENT":"19","P_NAME":"TUMKUR","STATE_UT":"KARNATAKA"},"arcs":[[-139,290,291,-287,-281,-290,-146]]},{"type":"Polygon","properties":{"ac":"132","ASSEMBLY_1":"TUMKUR CITY","DISTRICT":"TUMKUR","PARLIAMENT":"19","P_NAME":"TUMKUR","STATE_UT":"KARNATAKA"},"arcs":[[292]]},{"type":"Polygon","properties":{"ac":"131","ASSEMBLY_1":"KUNIGAL","DISTRICT":"TUMKUR","PARLIAMENT":"23","P_NAME":"BANGALORE RURAL","STATE_UT":"KARNATAKA"},"arcs":[[-111,293,-291,-138,-127,-123]]},{"type":"Polygon","properties":{"ac":"130","ASSEMBLY_1":"TURUVEKERE","DISTRICT":"TUMKUR","PARLIAMENT":"19","P_NAME":"TUMKUR","STATE_UT":"KARNATAKA"},"arcs":[[-108,294,-288,-292,-294,-115]]},{"type":"Polygon","properties":{"ac":"129","ASSEMBLY_1":"TIPTUR","DISTRICT":"TUMKUR","PARLIAMENT":"19","P_NAME":"TUMKUR","STATE_UT":"KARNATAKA"},"arcs":[[-107,-103,295,-289,-295]]},{"type":"Polygon","properties":{"ac":"128","ASSEMBLY_1":"CHIKNAYAKANHALLI","DISTRICT":"TUMKUR","PARLIAMENT":"19","P_NAME":"TUMKUR","STATE_UT":"KARNATAKA"},"arcs":[[-296,-102,296,297,298,-283,-286]]},{"type":"Polygon","properties":{"ac":"127","ASSEMBLY_1":"KADUR","DISTRICT":"CHIKMAGALUR","PARLIAMENT":"15","P_NAME":"UDUPI CHIKMAGALUR","STATE_UT":"KARNATAKA"},"arcs":[[-297,-101,299,300,301]]},{"type":"Polygon","properties":{"ac":"126","ASSEMBLY_1":"TARIKERE","DISTRICT":"CHIKMAGALUR","PARLIAMENT":"15","P_NAME":"UDUPI CHIKMAGALUR","STATE_UT":"KARNATAKA"},"arcs":[[302,303,304,305,-301,306,307]]},{"type":"Polygon","properties":{"ac":"125","ASSEMBLY_1":"CHIKMAGALUR","DISTRICT":"CHIKMAGALUR","PARLIAMENT":"15","P_NAME":"UDUPI CHIKMAGALUR","STATE_UT":"KARNATAKA"},"arcs":[[-307,-300,-100,-98,308,309]]},{"type":"Polygon","properties":{"ac":"124","ASSEMBLY_1":"MUDIGERE","DISTRICT":"CHIKMAGALUR","PARLIAMENT":"15","P_NAME":"UDUPI CHIKMAGALUR","STATE_UT":"KARNATAKA"},"arcs":[[-82,310,311,-309,-97,-84]]},{"type":"Polygon","properties":{"ac":"123","ASSEMBLY_1":"SRINGERI","DISTRICT":"CHIKMAGALUR","PARLIAMENT":"15","P_NAME":"UDUPI CHIKMAGALUR","STATE_UT":"KARNATAKA"},"arcs":[[312,313,314,-308,-310,-312]]},{"type":"Polygon","properties":{"ac":"122","ASSEMBLY_1":"KARKAL","DISTRICT":"UDUPI","PARLIAMENT":"15","P_NAME":"UDUPI CHIKMAGALUR","STATE_UT":"KARNATAKA"},"arcs":[[-81,-77,315,316,317,318,-313,-311]]},{"type":"Polygon","properties":{"ac":"121","ASSEMBLY_1":"KAPU","DISTRICT":"UDUPI","PARLIAMENT":"15","P_NAME":"UDUPI CHIKMAGALUR","STATE_UT":"KARNATAKA"},"arcs":[[319,320,-316,-80]]},{"type":"Polygon","properties":{"ac":"120","ASSEMBLY_1":"UDUPI","DISTRICT":"UDUPI","PARLIAMENT":"15","P_NAME":"UDUPI CHIKMAGALUR","STATE_UT":"KARNATAKA"},"arcs":[[321,-317,-321,322]]},{"type":"Polygon","properties":{"ac":"119","ASSEMBLY_1":"KUNDAPURA","DISTRICT":"UDUPI","PARLIAMENT":"15","P_NAME":"UDUPI CHIKMAGALUR","STATE_UT":"KARNATAKA"},"arcs":[[-322,323,324,325,-318]]},{"type":"Polygon","properties":{"ac":"118","ASSEMBLY_1":"BYNDOOR","DISTRICT":"UDUPI","PARLIAMENT":"14","P_NAME":"SHIMOGA","STATE_UT":"KARNATAKA"},"arcs":[[326,327,-325,328,329]]},{"type":"Polygon","properties":{"ac":"117","ASSEMBLY_1":"SAGAR","DISTRICT":"SHIMOGA","PARLIAMENT":"14","P_NAME":"SHIMOGA","STATE_UT":"KARNATAKA"},"arcs":[[330,331,-327,332,333,334,335]]},{"type":"Polygon","properties":{"ac":"116","ASSEMBLY_1":"SORAB","DISTRICT":"SHIMOGA","PARLIAMENT":"14","P_NAME":"SHIMOGA","STATE_UT":"KARNATAKA"},"arcs":[[336,337,338,339,-335,340]]},{"type":"Polygon","properties":{"ac":"115","ASSEMBLY_1":"SHIKARIPURA","DISTRICT":"SHIMOGA","PARLIAMENT":"14","P_NAME":"SHIMOGA","STATE_UT":"KARNATAKA"},"arcs":[[-336,-340,341,342,343]]},{"type":"Polygon","properties":{"ac":"114","ASSEMBLY_1":"TIRTHAHALLI","DISTRICT":"SHIMOGA","PARLIAMENT":"14","P_NAME":"SHIMOGA","STATE_UT":"KARNATAKA"},"arcs":[[-326,-328,-332,344,345,346,347,-314,-319]]},{"type":"Polygon","properties":{"ac":"113","ASSEMBLY_1":"SHIMOGA","DISTRICT":"SHIMOGA","PARLIAMENT":"14","P_NAME":"SHIMOGA","STATE_UT":"KARNATAKA"},"arcs":[[-346,348]]},{"type":"Polygon","properties":{"ac":"112","ASSEMBLY_1":"BHADRAVATI","DISTRICT":"SHIMOGA","PARLIAMENT":"14","P_NAME":"SHIMOGA","STATE_UT":"KARNATAKA"},"arcs":[[-315,-348,349,350,-303]]},{"type":"Polygon","properties":{"ac":"111","ASSEMBLY_1":"SHIMOGA RURAL","DISTRICT":"SHIMOGA","PARLIAMENT":"14","P_NAME":"SHIMOGA","STATE_UT":"KARNATAKA"},"arcs":[[351,352,-350,-347,-349,-345,-331,-344]]},{"type":"Polygon","properties":{"ac":"110","ASSEMBLY_1":"HONNALI","DISTRICT":"DAVANAGERE","PARLIAMENT":"13","P_NAME":"DAVANAGERE","STATE_UT":"KARNATAKA"},"arcs":[[353,354,355,356,-352,-343,357]]},{"type":"Polygon","properties":{"ac":"109","ASSEMBLY_1":"CHANNAGIRI","DISTRICT":"DAVANAGERE","PARLIAMENT":"13","P_NAME":"DAVANAGERE","STATE_UT":"KARNATAKA"},"arcs":[[-304,-351,-353,-357,358,359]]},{"type":"Polygon","properties":{"ac":"108","ASSEMBLY_1":"MAYAKONDA","DISTRICT":"DAVANAGERE","PARLIAMENT":"13","P_NAME":"DAVANAGERE","STATE_UT":"KARNATAKA"},"arcs":[[-359,-356,360,361,362,363,364]]},{"type":"Polygon","properties":{"ac":"107","ASSEMBLY_1":"DAVANAGERE SOUTH","DISTRICT":"DAVANAGERE","PARLIAMENT":"13","P_NAME":"DAVANAGERE","STATE_UT":"KARNATAKA"},"arcs":[[-361,-355,365,366]]},{"type":"Polygon","properties":{"ac":"106","ASSEMBLY_1":"DAVANAGERE NORTH","DISTRICT":"DAVANAGERE","PARLIAMENT":"13","P_NAME":"DAVANAGERE","STATE_UT":"KARNATAKA"},"arcs":[[367,368,-362,-367]]},{"type":"Polygon","properties":{"ac":"105","ASSEMBLY_1":"HARIHAR","DISTRICT":"DAVANAGERE","PARLIAMENT":"13","P_NAME":"DAVANAGERE","STATE_UT":"KARNATAKA"},"arcs":[[369,370,-368,-366,-354,371]]},{"type":"Polygon","properties":{"ac":"104","ASSEMBLY_1":"HARAPANAHALLI","DISTRICT":"DAVANAGERE","PARLIAMENT":"13","P_NAME":"DAVANAGERE","STATE_UT":"KARNATAKA"},"arcs":[[372,373,374,375,376,-363,-369,-371]]},{"type":"Polygon","properties":{"ac":"103","ASSEMBLY_1":"JAGALUR","DISTRICT":"DAVANAGERE","PARLIAMENT":"13","P_NAME":"DAVANAGERE","STATE_UT":"KARNATAKA"},"arcs":[[377,378,379,-364,-377,380]]},{"type":"Polygon","properties":{"ac":"102","ASSEMBLY_1":"HOLALKERE","DISTRICT":"CHITRADURGA","PARLIAMENT":"18","P_NAME":"CHITRADURGA (SC)","STATE_UT":"KARNATAKA"},"arcs":[[381,-305,-360,-365,-380,382,383,384]]},{"type":"Polygon","properties":{"ac":"101","ASSEMBLY_1":"HOSADURGA","DISTRICT":"CHITRADURGA","PARLIAMENT":"18","P_NAME":"CHITRADURGA (SC)","STATE_UT":"KARNATAKA"},"arcs":[[-302,-306,-382,385,-298]]},{"type":"Polygon","properties":{"ac":"100","ASSEMBLY_1":"HIRIYUR","DISTRICT":"CHITRADURGA","PARLIAMENT":"18","P_NAME":"CHITRADURGA (SC)","STATE_UT":"KARNATAKA"},"arcs":[[-386,-385,386,387,388,-284,-299]]},{"type":"Polygon","properties":{"ac":"99","ASSEMBLY_1":"CHITRADURGA","DISTRICT":"CHITRADURGA","PARLIAMENT":"18","P_NAME":"CHITRADURGA (SC)","STATE_UT":"KARNATAKA"},"arcs":[[-387,-384,389]]},{"type":"Polygon","properties":{"ac":"98","ASSEMBLY_1":"CHALLAKERE","DISTRICT":"CHITRADURGA","PARLIAMENT":"18","P_NAME":"CHITRADURGA (SC)","STATE_UT":"KARNATAKA"},"arcs":[[-388,-390,-383,-379,390,391,-279,392]]},{"type":"Polygon","properties":{"ac":"97","ASSEMBLY_1":"MOLAKALMURU","DISTRICT":"CHITRADURGA","PARLIAMENT":"18","P_NAME":"CHITRADURGA (SC)","STATE_UT":"KARNATAKA"},"arcs":[[393,394,395,-391,-378]]},{"type":"Polygon","properties":{"ac":"96","ASSEMBLY_1":"KUDLIGI","DISTRICT":"BELLARY","PARLIAMENT":"9","P_NAME":"BELLARY (ST)","STATE_UT":"KARNATAKA"},"arcs":[[-394,-381,-376,396,397]]},{"type":"Polygon","properties":{"ac":"95","ASSEMBLY_1":"SANDUR","DISTRICT":"BELLARY","PARLIAMENT":"9","P_NAME":"BELLARY (ST)","STATE_UT":"KARNATAKA"},"arcs":[[398,399,400,401,402,-395,-398]]},{"type":"Polygon","properties":{"ac":"94","ASSEMBLY_1":"BELLARY CITY","DISTRICT":"BELLARY","PARLIAMENT":"9","P_NAME":"BELLARY (ST)","STATE_UT":"KARNATAKA"},"arcs":[[403,404]]},{"type":"Polygon","properties":{"ac":"93","ASSEMBLY_1":"BELLARY","DISTRICT":"BELLARY","PARLIAMENT":"9","P_NAME":"BELLARY (ST)","STATE_UT":"KARNATAKA"},"arcs":[[-402,405,-404,406,407]]},{"type":"Polygon","properties":{"ac":"92","ASSEMBLY_1":"SIRUGUPPA","DISTRICT":"BELLARY","PARLIAMENT":"8","P_NAME":"KOPPAL","STATE_UT":"KARNATAKA"},"arcs":[[408,409,410,411]]},{"type":"Polygon","properties":{"ac":"91","ASSEMBLY_1":"KAMPLI","DISTRICT":"BELLARY","PARLIAMENT":"9","P_NAME":"BELLARY (ST)","STATE_UT":"KARNATAKA"},"arcs":[[-412,412,-407,-405,-406,-401,413,414,415]]},{"type":"Polygon","properties":{"ac":"90","ASSEMBLY_1":"VIJAYANAGARA","DISTRICT":"BELLARY","PARLIAMENT":"9","P_NAME":"BELLARY (ST)","STATE_UT":"KARNATAKA"},"arcs":[[416,417,418,-414,-400]]},{"type":"Polygon","properties":{"ac":"89","ASSEMBLY_1":"HAGARIBOMMANAHALLI","DISTRICT":"BELLARY","PARLIAMENT":"9","P_NAME":"BELLARY (ST)","STATE_UT":"KARNATAKA"},"arcs":[[-397,-375,419,420,-417,-399]]},{"type":"Polygon","properties":{"ac":"88","ASSEMBLY_1":"HADAGALLI","DISTRICT":"BELLARY","PARLIAMENT":"9","P_NAME":"BELLARY (ST)","STATE_UT":"KARNATAKA"},"arcs":[[421,422,423,424,-420,-374]]},{"type":"Polygon","properties":{"ac":"87","ASSEMBLY_1":"RANIBENNUR","DISTRICT":"HAVERI","PARLIAMENT":"10","P_NAME":"HAVERI","STATE_UT":"KARNATAKA"},"arcs":[[-373,-370,425,426,427,-422]]},{"type":"Polygon","properties":{"ac":"86","ASSEMBLY_1":"HIREKERUR","DISTRICT":"HAVERI","PARLIAMENT":"10","P_NAME":"HAVERI","STATE_UT":"KARNATAKA"},"arcs":[[-358,-342,-339,428,429,-426,-372]]},{"type":"Polygon","properties":{"ac":"85","ASSEMBLY_1":"BYADGI","DISTRICT":"HAVERI","PARLIAMENT":"10","P_NAME":"HAVERI","STATE_UT":"KARNATAKA"},"arcs":[[430,431,432,-427,-430]]},{"type":"Polygon","properties":{"ac":"84","ASSEMBLY_1":"HAVERI","DISTRICT":"HAVERI","PARLIAMENT":"10","P_NAME":"HAVERI","STATE_UT":"KARNATAKA"},"arcs":[[-423,-428,-433,433,434,435]]},{"type":"Polygon","properties":{"ac":"83","ASSEMBLY_1":"SHIGGAON","DISTRICT":"HAVERI","PARLIAMENT":"11","P_NAME":"DHARWAD","STATE_UT":"KARNATAKA"},"arcs":[[436,437,-434,-432,438,439]]},{"type":"Polygon","properties":{"ac":"82","ASSEMBLY_1":"HANGAL","DISTRICT":"HAVERI","PARLIAMENT":"10","P_NAME":"HAVERI","STATE_UT":"KARNATAKA"},"arcs":[[440,-439,-431,-429,-338]]},{"type":"Polygon","properties":{"ac":"81","ASSEMBLY_1":"YELLAPUR","DISTRICT":"UTTARA KANNADA","PARLIAMENT":"12","P_NAME":"UTTARA KANNADA","STATE_UT":"KARNATAKA"},"arcs":[[-337,441,442,443,444,-440,-441]]},{"type":"Polygon","properties":{"ac":"80","ASSEMBLY_1":"SIRSI","DISTRICT":"UTTARA KANNADA","PARLIAMENT":"12","P_NAME":"UTTARA KANNADA","STATE_UT":"KARNATAKA"},"arcs":[[445,-442,-341,-334,446,447]]},{"type":"Polygon","properties":{"ac":"79","ASSEMBLY_1":"BHATKAL","DISTRICT":"UTTARA KANNADA","PARLIAMENT":"12","P_NAME":"UTTARA KANNADA","STATE_UT":"KARNATAKA"},"arcs":[[448,449,-447,-333,-330]]},{"type":"Polygon","properties":{"ac":"78","ASSEMBLY_1":"KUMTA","DISTRICT":"UTTARA KANNADA","PARLIAMENT":"12","P_NAME":"UTTARA KANNADA","STATE_UT":"KARNATAKA"},"arcs":[[-448,-450,450,451]]},{"type":"Polygon","properties":{"ac":"77","ASSEMBLY_1":"KARWAR","DISTRICT":"UTTARA KANNADA","PARLIAMENT":"12","P_NAME":"UTTARA KANNADA","STATE_UT":"KARNATAKA"},"arcs":[[-446,-452,452,453,-443]]},{"type":"Polygon","properties":{"ac":"76","ASSEMBLY_1":"HALIYAL","DISTRICT":"UTTARA KANNADA","PARLIAMENT":"12","P_NAME":"UTTARA KANNADA","STATE_UT":"KARNATAKA"},"arcs":[[-444,-454,454,455,456]]},{"type":"Polygon","properties":{"ac":"75","ASSEMBLY_1":"KALGHATGI","DISTRICT":"DHARWAD","PARLIAMENT":"11","P_NAME":"DHARWAD","STATE_UT":"KARNATAKA"},"arcs":[[-445,-457,457,458,459,460,461,-437]]},{"type":"Polygon","properties":{"ac":"74","ASSEMBLY_1":"HUBLI-DHARWAD-WEST","DISTRICT":"DHARWAD","PARLIAMENT":"11","P_NAME":"DHARWAD","STATE_UT":"KARNATAKA"},"arcs":[[462,-461,463,464]]},{"type":"Polygon","properties":{"ac":"73","ASSEMBLY_1":"HUBLI-DHARWAD-CENTRAL","DISTRICT":"DHARWAD","PARLIAMENT":"11","P_NAME":"DHARWAD","STATE_UT":"KARNATAKA"},"arcs":[[465,466,-465,467]]},{"type":"Polygon","properties":{"ac":"72","ASSEMBLY_1":"HUBLI-DHARWAD-EAST","DISTRICT":"DHARWAD","PARLIAMENT":"11","P_NAME":"DHARWAD","STATE_UT":"KARNATAKA"},"arcs":[[468,469,-466]]},{"type":"Polygon","properties":{"ac":"71","ASSEMBLY_1":"DHARWAD","DISTRICT":"DHARWAD","PARLIAMENT":"11","P_NAME":"DHARWAD","STATE_UT":"KARNATAKA"},"arcs":[[-464,-460,470,471,472,473]]},{"type":"Polygon","properties":{"ac":"70","ASSEMBLY_1":"KUNDGOL","DISTRICT":"DHARWAD","PARLIAMENT":"11","P_NAME":"DHARWAD","STATE_UT":"KARNATAKA"},"arcs":[[-435,-438,-462,-463,-467,-470,474,475]]},{"type":"Polygon","properties":{"ac":"69","ASSEMBLY_1":"NAVALGUND","DISTRICT":"DHARWAD","PARLIAMENT":"11","P_NAME":"DHARWAD","STATE_UT":"KARNATAKA"},"arcs":[[476,-475,-469,-468,-474,477,478,479]]},{"type":"Polygon","properties":{"ac":"68","ASSEMBLY_1":"NARGUND","DISTRICT":"GADAG","PARLIAMENT":"3","P_NAME":"BAGALKOT","STATE_UT":"KARNATAKA"},"arcs":[[480,481,482,483,484,-479]]},{"type":"Polygon","properties":{"ac":"67","ASSEMBLY_1":"RON","DISTRICT":"GADAG","PARLIAMENT":"10","P_NAME":"HAVERI","STATE_UT":"KARNATAKA"},"arcs":[[485,486,-484,487,488,489,490]]},{"type":"Polygon","properties":{"ac":"66","ASSEMBLY_1":"GADAG","DISTRICT":"GADAG","PARLIAMENT":"10","P_NAME":"HAVERI","STATE_UT":"KARNATAKA"},"arcs":[[491,-480,-485,-487]]},{"type":"Polygon","properties":{"ac":"65","ASSEMBLY_1":"SHIRAHATTI","DISTRICT":"GADAG","PARLIAMENT":"10","P_NAME":"HAVERI","STATE_UT":"KARNATAKA"},"arcs":[[-436,-476,-477,-492,-486,492,-424]]},{"type":"Polygon","properties":{"ac":"64","ASSEMBLY_1":"KOPPAL","DISTRICT":"KOPPAL","PARLIAMENT":"8","P_NAME":"KOPPAL","STATE_UT":"KARNATAKA"},"arcs":[[493,-418,-421,-425,-493,-491,494]]},{"type":"Polygon","properties":{"ac":"63","ASSEMBLY_1":"YELBURGA","DISTRICT":"KOPPAL","PARLIAMENT":"8","P_NAME":"KOPPAL","STATE_UT":"KARNATAKA"},"arcs":[[495,-495,-490,496,497]]},{"type":"Polygon","properties":{"ac":"62","ASSEMBLY_1":"GANGAWATI","DISTRICT":"KOPPAL","PARLIAMENT":"8","P_NAME":"KOPPAL","STATE_UT":"KARNATAKA"},"arcs":[[-496,498,-415,-419,-494]]},{"type":"Polygon","properties":{"ac":"61","ASSEMBLY_1":"KANAKAGIRI","DISTRICT":"KOPPAL","PARLIAMENT":"8","P_NAME":"KOPPAL","STATE_UT":"KARNATAKA"},"arcs":[[-416,-499,-498,499,500,501,-409]]},{"type":"Polygon","properties":{"ac":"60","ASSEMBLY_1":"KUSHTAGI","DISTRICT":"KOPPAL","PARLIAMENT":"8","P_NAME":"KOPPAL","STATE_UT":"KARNATAKA"},"arcs":[[502,503,504,505,-500,-497,-489]]},{"type":"Polygon","properties":{"ac":"59","ASSEMBLY_1":"MASKI","DISTRICT":"RAICHUR","PARLIAMENT":"8","P_NAME":"KOPPAL","STATE_UT":"KARNATAKA"},"arcs":[[-506,506,507,508,-501]]},{"type":"Polygon","properties":{"ac":"58","ASSEMBLY_1":"SINDHANUR","DISTRICT":"RAICHUR","PARLIAMENT":"8","P_NAME":"KOPPAL","STATE_UT":"KARNATAKA"},"arcs":[[-410,-502,-509,509,510]]},{"type":"Polygon","properties":{"ac":"57","ASSEMBLY_1":"LINGSUGUR","DISTRICT":"RAICHUR","PARLIAMENT":"6","P_NAME":"RAICHUR (ST)","STATE_UT":"KARNATAKA"},"arcs":[[511,512,513,514,515,-507,-505]]},{"type":"Polygon","properties":{"ac":"56","ASSEMBLY_1":"DEVADURGA","DISTRICT":"RAICHUR","PARLIAMENT":"6","P_NAME":"RAICHUR (ST)","STATE_UT":"KARNATAKA"},"arcs":[[516,517,518,519,-515]]},{"type":"Polygon","properties":{"ac":"55","ASSEMBLY_1":"MANVI","DISTRICT":"RAICHUR","PARLIAMENT":"6","P_NAME":"RAICHUR (ST)","STATE_UT":"KARNATAKA"},"arcs":[[-510,-508,-516,-520,520,521,522,523]]},{"type":"Polygon","properties":{"ac":"54","ASSEMBLY_1":"RAICHUR","DISTRICT":"RAICHUR","PARLIAMENT":"6","P_NAME":"RAICHUR (ST)","STATE_UT":"KARNATAKA"},"arcs":[[524,-522]]},{"type":"Polygon","properties":{"ac":"53","ASSEMBLY_1":"RAICHUR RURAL","DISTRICT":"RAICHUR","PARLIAMENT":"6","P_NAME":"RAICHUR (ST)","STATE_UT":"KARNATAKA"},"arcs":[[525,526,-523,-525,-521,-519]]},{"type":"Polygon","properties":{"ac":"52","ASSEMBLY_1":"AURAD","DISTRICT":"BIDAR","PARLIAMENT":"7","P_NAME":"BIDAR","STATE_UT":"KARNATAKA"},"arcs":[[527,528,529]]},{"type":"Polygon","properties":{"ac":"51","ASSEMBLY_1":"BHALKI","DISTRICT":"BIDAR","PARLIAMENT":"7","P_NAME":"BIDAR","STATE_UT":"KARNATAKA"},"arcs":[[530,531,532,-529,533,534]]},{"type":"Polygon","properties":{"ac":"50","ASSEMBLY_1":"BIDAR","DISTRICT":"BIDAR","PARLIAMENT":"7","P_NAME":"BIDAR","STATE_UT":"KARNATAKA"},"arcs":[[535,536,-534,-528]]},{"type":"Polygon","properties":{"ac":"49","ASSEMBLY_1":"BIDAR SOUTH","DISTRICT":"BIDAR","PARLIAMENT":"7","P_NAME":"BIDAR","STATE_UT":"KARNATAKA"},"arcs":[[537,538,-535,-537,539]]},{"type":"Polygon","properties":{"ac":"48","ASSEMBLY_1":"HOMNABAD","DISTRICT":"BIDAR","PARLIAMENT":"7","P_NAME":"BIDAR","STATE_UT":"KARNATAKA"},"arcs":[[-531,-539,540,541,542]]},{"type":"Polygon","properties":{"ac":"47","ASSEMBLY_1":"BASAVAKALYAN","DISTRICT":"BIDAR","PARLIAMENT":"7","P_NAME":"BIDAR","STATE_UT":"KARNATAKA"},"arcs":[[543,544,-532,-543,545]]},{"type":"Polygon","properties":{"ac":"46","ASSEMBLY_1":"ALAND","DISTRICT":"GULBARGA","PARLIAMENT":"7","P_NAME":"BIDAR","STATE_UT":"KARNATAKA"},"arcs":[[-544,546,547,548,549]]},{"type":"Polygon","properties":{"ac":"45","ASSEMBLY_1":"GULBARGA UTTAR","DISTRICT":"GULBARGA","PARLIAMENT":"5","P_NAME":"GULBARGA (SC)","STATE_UT":"KARNATAKA"},"arcs":[[550,551]]},{"type":"Polygon","properties":{"ac":"44","ASSEMBLY_1":"GULBARGA DAKSHIN","DISTRICT":"GULBARGA","PARLIAMENT":"5","P_NAME":"GULBARGA (SC)","STATE_UT":"KARNATAKA"},"arcs":[[-552,552,553,-548,554]]},{"type":"Polygon","properties":{"ac":"43","ASSEMBLY_1":"GULBARGA RURAL","DISTRICT":"GULBARGA","PARLIAMENT":"5","P_NAME":"GULBARGA (SC)","STATE_UT":"KARNATAKA"},"arcs":[[-542,555,556,557,-553,-551,-555,-547,-546]]},{"type":"Polygon","properties":{"ac":"42","ASSEMBLY_1":"CHINCHOLI","DISTRICT":"GULBARGA","PARLIAMENT":"7","P_NAME":"BIDAR","STATE_UT":"KARNATAKA"},"arcs":[[558,559,560,-556,-541,-538]]},{"type":"Polygon","properties":{"ac":"41","ASSEMBLY_1":"SEDAM","DISTRICT":"GULBARGA","PARLIAMENT":"5","P_NAME":"GULBARGA (SC)","STATE_UT":"KARNATAKA"},"arcs":[[561,562,-560,563]]},{"type":"Polygon","properties":{"ac":"40","ASSEMBLY_1":"CHITTAPUR","DISTRICT":"GULBARGA","PARLIAMENT":"5","P_NAME":"GULBARGA (SC)","STATE_UT":"KARNATAKA"},"arcs":[[564,565,566,-557,-561,-563,567,568]]},{"type":"Polygon","properties":{"ac":"39","ASSEMBLY_1":"GURMITKAL","DISTRICT":"GULBARGA","PARLIAMENT":"5","P_NAME":"GULBARGA (SC)","STATE_UT":"KARNATAKA"},"arcs":[[569,570,-568,-562]]},{"type":"Polygon","properties":{"ac":"38","ASSEMBLY_1":"YADGIR","DISTRICT":"GULBARGA","PARLIAMENT":"6","P_NAME":"RAICHUR (ST)","STATE_UT":"KARNATAKA"},"arcs":[[-526,-518,571,572,-569,-571,573]]},{"type":"Polygon","properties":{"ac":"37","ASSEMBLY_1":"SHAHAPUR","DISTRICT":"GULBARGA","PARLIAMENT":"6","P_NAME":"RAICHUR (ST)","STATE_UT":"KARNATAKA"},"arcs":[[574,-565,-573,575,576]]},{"type":"Polygon","properties":{"ac":"36","ASSEMBLY_1":"SHORAPUR","DISTRICT":"GULBARGA","PARLIAMENT":"6","P_NAME":"RAICHUR (ST)","STATE_UT":"KARNATAKA"},"arcs":[[-514,577,578,-576,-572,-517]]},{"type":"Polygon","properties":{"ac":"35","ASSEMBLY_1":"JEVARGI","DISTRICT":"GULBARGA","PARLIAMENT":"5","P_NAME":"GULBARGA (SC)","STATE_UT":"KARNATAKA"},"arcs":[[-575,579,580,581,-566]]},{"type":"Polygon","properties":{"ac":"34","ASSEMBLY_1":"AFZALPUR","DISTRICT":"GULBARGA","PARLIAMENT":"5","P_NAME":"GULBARGA (SC)","STATE_UT":"KARNATAKA"},"arcs":[[582,583,-549,-554,-558,-567,-582,584]]},{"type":"Polygon","properties":{"ac":"33","ASSEMBLY_1":"SINDGI","DISTRICT":"BIJAPUR","PARLIAMENT":"4","P_NAME":"BIJAPUR (SC)","STATE_UT":"KARNATAKA"},"arcs":[[-581,585,586,-585]]},{"type":"Polygon","properties":{"ac":"32","ASSEMBLY_1":"INDI","DISTRICT":"BIJAPUR","PARLIAMENT":"4","P_NAME":"BIJAPUR (SC)","STATE_UT":"KARNATAKA"},"arcs":[[-587,587,588,589,-583]]},{"type":"Polygon","properties":{"ac":"31","ASSEMBLY_1":"NAGTHAN","DISTRICT":"BIJAPUR","PARLIAMENT":"4","P_NAME":"BIJAPUR (SC)","STATE_UT":"KARNATAKA"},"arcs":[[590,591,592,593,594,595,-589]]},{"type":"Polygon","properties":{"ac":"30","ASSEMBLY_1":"BIJAPUR CITY","DISTRICT":"BIJAPUR","PARLIAMENT":"4","P_NAME":"BIJAPUR (SC)","STATE_UT":"KARNATAKA"},"arcs":[[-594,596]]},{"type":"Polygon","properties":{"ac":"29","ASSEMBLY_1":"BABALESHWAR","DISTRICT":"BIJAPUR","PARLIAMENT":"4","P_NAME":"BIJAPUR (SC)","STATE_UT":"KARNATAKA"},"arcs":[[597,598,-595,-597,-593,599,600,601]]},{"type":"Polygon","properties":{"ac":"28","ASSEMBLY_1":"BASAVANA BAGEVADI","DISTRICT":"BIJAPUR","PARLIAMENT":"4","P_NAME":"BIJAPUR (SC)","STATE_UT":"KARNATAKA"},"arcs":[[602,-600,-592,603,604,605]]},{"type":"Polygon","properties":{"ac":"27","ASSEMBLY_1":"DEVAR HIPPARGI","DISTRICT":"BIJAPUR","PARLIAMENT":"4","P_NAME":"BIJAPUR (SC)","STATE_UT":"KARNATAKA"},"arcs":[[-591,-588,-586,-580,-577,-579,606,-604]]},{"type":"Polygon","properties":{"ac":"26","ASSEMBLY_1":"MUDDEBIHAL","DISTRICT":"BIJAPUR","PARLIAMENT":"4","P_NAME":"BIJAPUR (SC)","STATE_UT":"KARNATAKA"},"arcs":[[-605,-607,-578,-513,607,608]]},{"type":"Polygon","properties":{"ac":"25","ASSEMBLY_1":"HUNGUND","DISTRICT":"BAGALKOT","PARLIAMENT":"3","P_NAME":"BAGALKOT","STATE_UT":"KARNATAKA"},"arcs":[[609,-608,-512,-504,610]]},{"type":"Polygon","properties":{"ac":"24","ASSEMBLY_1":"BAGALKOT","DISTRICT":"BAGALKOT","PARLIAMENT":"3","P_NAME":"BAGALKOT","STATE_UT":"KARNATAKA"},"arcs":[[-609,-610,611,612,-606]]},{"type":"Polygon","properties":{"ac":"23","ASSEMBLY_1":"BADAMI","DISTRICT":"BAGALKOT","PARLIAMENT":"3","P_NAME":"BAGALKOT","STATE_UT":"KARNATAKA"},"arcs":[[-488,-483,613,614,-612,-611,-503]]},{"type":"Polygon","properties":{"ac":"22","ASSEMBLY_1":"BILGI","DISTRICT":"BAGALKOT","PARLIAMENT":"3","P_NAME":"BAGALKOT","STATE_UT":"KARNATAKA"},"arcs":[[615,616,-601,-603,-613,-615,617]]},{"type":"Polygon","properties":{"ac":"21","ASSEMBLY_1":"JAMKHANDI","DISTRICT":"BAGALKOT","PARLIAMENT":"3","P_NAME":"BAGALKOT","STATE_UT":"KARNATAKA"},"arcs":[[618,619,620,-602,-617]]},{"type":"Polygon","properties":{"ac":"20","ASSEMBLY_1":"TERDAL","DISTRICT":"BAGALKOT","PARLIAMENT":"3","P_NAME":"BAGALKOT","STATE_UT":"KARNATAKA"},"arcs":[[621,622,623,624,-620]]},{"type":"Polygon","properties":{"ac":"19","ASSEMBLY_1":"MUDHOL","DISTRICT":"BAGALKOT","PARLIAMENT":"3","P_NAME":"BAGALKOT","STATE_UT":"KARNATAKA"},"arcs":[[625,-622,-619,-616,626]]},{"type":"Polygon","properties":{"ac":"18","ASSEMBLY_1":"RAMDURG","DISTRICT":"BELGAUM","PARLIAMENT":"2","P_NAME":"BELGAUM","STATE_UT":"KARNATAKA"},"arcs":[[-618,-614,-482,627,628,-627]]},{"type":"Polygon","properties":{"ac":"17","ASSEMBLY_1":"SAUNDATTI YELLAMMA","DISTRICT":"BELGAUM","PARLIAMENT":"2","P_NAME":"BELGAUM","STATE_UT":"KARNATAKA"},"arcs":[[-478,-473,629,630,631,-628,-481]]},{"type":"Polygon","properties":{"ac":"16","ASSEMBLY_1":"BAILHONGAL","DISTRICT":"BELGAUM","PARLIAMENT":"2","P_NAME":"BELGAUM","STATE_UT":"KARNATAKA"},"arcs":[[632,633,-630,-472]]},{"type":"Polygon","properties":{"ac":"15","ASSEMBLY_1":"KITTUR","DISTRICT":"BELGAUM","PARLIAMENT":"12","P_NAME":"UTTARA KANNADA","STATE_UT":"KARNATAKA"},"arcs":[[634,635,636,-633,-471,-459]]},{"type":"Polygon","properties":{"ac":"14","ASSEMBLY_1":"KHANAPUR","DISTRICT":"BELGAUM","PARLIAMENT":"12","P_NAME":"UTTARA KANNADA","STATE_UT":"KARNATAKA"},"arcs":[[-635,-458,-456,637,638]]},{"type":"Polygon","properties":{"ac":"13","ASSEMBLY_1":"BELGAUM RURAL","DISTRICT":"BELGAUM","PARLIAMENT":"2","P_NAME":"BELGAUM","STATE_UT":"KARNATAKA"},"arcs":[[639,640,641,642,643,644,645,-636,-639]]},{"type":"Polygon","properties":{"ac":"12","ASSEMBLY_1":"BELGAUM DAKSHIN","DISTRICT":"BELGAUM","PARLIAMENT":"2","P_NAME":"BELGAUM","STATE_UT":"KARNATAKA"},"arcs":[[646,-643]]},{"type":"Polygon","properties":{"ac":"11","ASSEMBLY_1":"BELGAUM UTTAR","DISTRICT":"BELGAUM","PARLIAMENT":"2","P_NAME":"BELGAUM","STATE_UT":"KARNATAKA"},"arcs":[[-647,-642,647,-644]]},{"type":"Polygon","properties":{"ac":"10","ASSEMBLY_1":"YEMKANMARDI","DISTRICT":"BELGAUM","PARLIAMENT":"1","P_NAME":"CHIKKODI","STATE_UT":"KARNATAKA"},"arcs":[[648,649,650,-645,-648,-641]]},{"type":"Polygon","properties":{"ac":"9","ASSEMBLY_1":"GOKAK","DISTRICT":"BELGAUM","PARLIAMENT":"2","P_NAME":"BELGAUM","STATE_UT":"KARNATAKA"},"arcs":[[-651,651,652,653,-631,-634,-637,-646]]},{"type":"Polygon","properties":{"ac":"8","ASSEMBLY_1":"ARABHAVI","DISTRICT":"BELGAUM","PARLIAMENT":"2","P_NAME":"BELGAUM","STATE_UT":"KARNATAKA"},"arcs":[[-629,-632,-654,654,655,-623,-626]]},{"type":"Polygon","properties":{"ac":"7","ASSEMBLY_1":"HUKKERI","DISTRICT":"BELGAUM","PARLIAMENT":"1","P_NAME":"CHIKKODI","STATE_UT":"KARNATAKA"},"arcs":[[656,657,658,-652,-650,659]]},{"type":"Polygon","properties":{"ac":"6","ASSEMBLY_1":"RAYBAG","DISTRICT":"BELGAUM","PARLIAMENT":"1","P_NAME":"CHIKKODI","STATE_UT":"KARNATAKA"},"arcs":[[660,661,662,-655,-653,-659]]},{"type":"Polygon","properties":{"ac":"5","ASSEMBLY_1":"KUDACHI","DISTRICT":"BELGAUM","PARLIAMENT":"1","P_NAME":"CHIKKODI","STATE_UT":"KARNATAKA"},"arcs":[[-656,-663,663,664,-624]]},{"type":"Polygon","properties":{"ac":"4","ASSEMBLY_1":"KAGWAD","DISTRICT":"BELGAUM","PARLIAMENT":"1","P_NAME":"CHIKKODI","STATE_UT":"KARNATAKA"},"arcs":[[665,666,-664,-662,667]]},{"type":"Polygon","properties":{"ac":"3","ASSEMBLY_1":"ATHANI","DISTRICT":"BELGAUM","PARLIAMENT":"1","P_NAME":"CHIKKODI","STATE_UT":"KARNATAKA"},"arcs":[[-598,-621,-625,-665,-667,668]]},{"type":"Polygon","properties":{"ac":"2","ASSEMBLY_1":"CHIKKODI-SADALGA","DISTRICT":"BELGAUM","PARLIAMENT":"1","P_NAME":"CHIKKODI","STATE_UT":"KARNATAKA"},"arcs":[[-668,-661,-658,669,670]]},{"type":"Polygon","properties":{"ac":"1","ASSEMBLY_1":"NIPPANI","DISTRICT":"BELGAUM","PARLIAMENT":"1","P_NAME":"CHIKKODI","STATE_UT":"KARNATAKA"},"arcs":[[671,-670,-657]]},{"type":"Polygon","properties":{"ac":"0","ASSEMBLY_1":"NA","DISTRICT":"BANGALORE","PARLIAMENT":"26","P_NAME":"BANGALORE SOUTH","STATE_UT":"KARNATAKA"},"arcs":[[-217,-225,-180,-174,-179,-177,-189]]}]}},"arcs":[[[6063,651],[23,-27]],[[6086,624],[4,-52],[93,-40],[-133,-73],[9,-63],[56,-22],[-37,-22],[-5,-105],[82,-32],[-16,-84]],[[6139,131],[-21,-51],[49,-40],[-31,-40],[-46,32],[-146,14],[-320,-9],[-121,17],[-29,83],[-82,40],[-118,-63],[-91,14],[-17,50],[34,22],[-22,58]],[[5178,258],[18,65],[85,-23],[19,40],[49,5],[-2,55]],[[5347,400],[96,19],[47,-23],[4,51],[43,45],[-37,36],[42,57],[134,-6],[32,35],[170,-22],[25,31],[89,-41],[71,69]],[[6086,624],[82,-21],[53,26],[44,-27],[77,45]],[[6342,647],[68,13],[9,-76],[127,-23],[137,-51],[80,-1],[0,-45],[88,-22]],[[6851,442],[-2,-43],[48,-49],[-3,-50]],[[6894,300],[-169,-24],[15,-73],[-73,15],[-59,50],[27,20],[-129,45],[-70,-3],[-29,-52],[-34,23],[-99,3],[-42,-86],[-61,-38],[-32,-49]],[[6732,891],[37,-31],[-16,-47],[103,-62],[-26,-30],[-11,-76],[39,-16],[11,-137],[-18,-50]],[[6342,647],[-52,4],[-97,52],[24,29],[-18,46],[-91,17],[53,82]],[[6161,877],[32,-63],[75,-40],[83,-23],[64,27],[57,89],[48,-61],[57,50],[155,35]],[[7189,1059],[39,-35],[209,-1],[29,-46],[54,-8]],[[7520,969],[7,-50],[100,-25],[189,17],[128,-11],[157,-29],[31,-56],[59,-29],[-46,-60],[-55,-22],[-69,-64],[-56,-83],[-198,-43],[-111,-5],[-87,17],[-16,-84],[-50,22],[6,-76],[-56,-98],[-41,-14],[-126,24],[-64,-28],[-92,56],[-96,7],[-32,-29],[-108,-6]],[[6732,891],[41,51],[-48,22]],[[6725,964],[126,24],[-9,73],[186,-2],[48,7],[69,-20],[44,13]],[[6161,877],[25,34],[-48,13],[-33,61],[-94,54],[59,41],[-25,45]],[[6045,1125],[68,70],[64,-7],[71,15],[50,50]],[[6298,1253],[37,-58],[7,-71],[-34,-43],[70,6],[-2,40],[50,-5],[34,-73],[14,-84],[79,-15],[101,3],[59,-23],[12,34]],[[6063,651],[-18,61],[-87,11],[-79,28],[9,61],[-23,18],[-67,-41],[-41,44],[-70,-30],[-181,-49],[-55,10]],[[5451,764],[-2,21]],[[5449,785],[9,39],[70,-12],[116,15],[8,27],[104,24],[-53,62],[52,60],[35,11]],[[5790,1011],[5,2]],[[5795,1013],[89,60]],[[5884,1073],[57,-25],[40,72],[64,5]],[[5695,1080],[8,9]],[[5703,1089],[87,2],[-3,-31]],[[5787,1060],[-92,20]],[[5695,1080],[-53,3],[23,-37]],[[5665,1046],[-56,12],[69,78],[25,-47]],[[5787,1060],[8,-47]],[[5790,1011],[-52,13],[-27,-37],[-47,-3],[1,62]],[[5342,1015],[60,113],[-99,33],[-6,41]],[[5297,1202],[-14,44],[88,18]],[[5371,1264],[26,0]],[[5397,1264],[124,-38]],[[5521,1226],[-25,-50],[25,-60],[126,27],[56,41],[78,-9],[-10,-33],[85,-18],[28,-51]],[[5449,785],[-8,46],[-62,-6],[-34,23],[-56,-47],[-1,79],[118,15],[6,61],[-70,59]],[[5347,400],[-4,128],[31,32],[-24,41],[31,53],[-87,-1],[17,37],[-55,-13],[-29,98],[79,-27],[145,16]],[[5178,258],[-80,-26],[-83,-9],[-55,20],[-23,46],[-63,39],[-119,-4],[-34,71],[-42,20],[-171,-19],[1,175]],[[4509,571],[169,110],[-45,100]],[[4633,781],[170,52],[-25,36],[66,33],[129,-33],[39,4],[60,-38],[177,53],[-66,57],[108,83],[51,-13]],[[4633,781],[-54,51],[-27,54]],[[4552,886],[-68,44],[62,51],[57,15],[6,60],[54,37],[-31,26],[41,23],[116,10],[14,27],[-60,33],[52,10]],[[4795,1222],[41,2],[115,-38],[14,31],[94,8],[87,-45],[88,0],[13,35],[50,-13]],[[5027,1560],[47,-40],[33,-77],[71,-27],[87,-106],[106,-46]],[[4795,1222],[-43,28],[21,83],[-73,-9],[-10,24],[-114,4],[-11,18]],[[4565,1370],[36,64],[89,6],[65,100],[104,-35],[30,18],[108,-26],[-17,30],[47,33]],[[4552,886],[-68,6],[-86,75],[-87,2],[-52,107],[-83,29],[-103,56]],[[4073,1161],[-10,26],[45,51],[97,16],[-28,56],[10,30],[70,25],[-3,51],[53,12]],[[4307,1428],[62,8],[6,-23],[91,-19],[38,-42],[61,18]],[[4509,571],[-79,-14],[-96,-42],[-70,-14],[-212,15],[-85,16],[-92,55],[7,27],[-65,42],[9,52],[-87,15],[-105,-25],[-33,55],[-77,-15],[-44,23],[-27,53],[-95,0],[-134,81],[-65,92],[-47,34],[-118,6],[-45,73],[28,36],[-92,25],[-34,32],[3,65],[58,-8],[73,31],[-22,44]],[[2963,1325],[45,39],[79,-43],[-16,-38],[60,-17],[18,31],[65,24],[83,-15],[24,44]],[[3321,1350],[30,-56],[188,-74],[42,13],[63,-33],[44,2],[100,-53],[-54,-53],[-158,20],[-26,-61],[73,-27],[87,37],[15,-55],[75,26],[42,-12],[74,21],[76,0],[16,53],[39,2],[26,61]],[[3321,1350],[37,29],[55,-39],[119,58],[-15,66],[-48,51],[15,54],[53,50]],[[3537,1619],[77,12],[121,-48],[110,37],[61,-47],[107,12],[0,42],[-76,32],[21,60],[27,2],[-21,74],[27,18],[118,-36],[97,-4]],[[4206,1773],[-3,-32],[-68,-24],[5,-73],[52,-8],[-64,-96],[7,-63],[52,-62],[60,35],[60,-22]],[[2963,1325],[-100,-20],[-33,-37],[-46,46],[-69,10],[2,28],[-53,1],[-22,52],[47,31],[55,-8],[27,24],[-88,27]],[[2683,1479],[44,11],[107,-16],[-11,83],[-112,65],[-17,105],[-45,10],[68,47],[89,5],[-37,54]],[[2769,1843],[18,34],[79,-37],[90,-10],[-19,41],[34,11],[67,-48],[-20,-30],[51,-20],[72,28],[14,39],[140,9]],[[3295,1860],[73,13],[60,-28],[-20,-85],[100,-76],[-48,-73],[77,8]],[[2462,1820],[170,-7],[137,30]],[[2683,1479],[-41,7],[-78,-70],[-32,1],[-42,87],[-109,-6],[-31,26],[47,38],[-24,19],[-86,-2],[-60,31],[-39,-59],[-53,2],[8,80]],[[2143,1633],[39,-10],[21,79],[69,57],[91,4],[-19,25],[77,5],[41,27]],[[2073,2019],[69,52]],[[2142,2071],[93,-40],[93,-22],[64,9],[31,-41],[-17,-38],[73,0],[-20,-56],[35,-21],[-88,-30],[56,-12]],[[2143,1633],[-108,-4],[-21,28],[35,36],[-15,39]],[[2034,1732],[44,48],[-44,89],[-71,30]],[[1963,1899],[-41,44],[65,26],[77,6],[9,44]],[[2034,1732],[-108,-10],[-126,-30],[-64,-2],[-77,105]],[[1659,1795],[92,-10],[95,50]],[[1846,1835],[98,13],[-53,13],[72,38]],[[1659,1795],[-47,89],[-57,207]],[[1555,2091],[86,-38],[0,-62],[31,-34],[49,5],[22,-32],[95,12]],[[1838,1942],[26,-28],[-65,-34],[47,-45]],[[1838,1942],[-69,9],[25,107],[36,38],[62,-6],[17,-44],[85,34],[39,-11],[-15,-45],[55,-5]],[[1656,2223],[80,-2],[31,-46],[69,20],[17,45],[54,16],[33,-39],[80,44],[61,-20],[105,2],[41,33],[102,-37]],[[2329,2239],[-114,-128],[-73,-40]],[[1555,2091],[10,82]],[[1565,2173],[18,29],[73,21]],[[2329,2239],[77,1],[85,68]],[[2491,2308],[24,-30],[95,-41],[93,-4],[64,33],[43,49],[74,1],[72,-50],[-2,-54],[55,14],[102,-60],[16,20],[85,-62],[15,-62],[-37,-38],[87,-52],[5,-43]],[[3282,1929],[13,-69]],[[3282,1929],[92,43],[14,42],[91,87],[21,-11],[124,17],[35,-17]],[[3659,2090],[90,-68],[62,35],[12,59],[99,-13],[16,-28],[102,-14],[40,94],[92,-23]],[[4172,2132],[46,-29],[87,0],[44,-24],[-23,-62],[70,-3],[-14,-37],[62,6],[18,-44],[50,27]],[[4512,1966],[49,-33],[-30,-58],[54,-18],[31,-52]],[[4616,1805],[-126,-14],[-117,0],[-60,-20],[-107,2]],[[4616,1805],[32,-55],[-19,-52],[42,-1],[13,-41],[65,-22],[19,30],[153,18],[23,48],[73,19]],[[5017,1749],[37,-48],[-21,-48],[37,-14],[-43,-79]],[[4575,2318],[65,-65],[92,28],[14,-26],[111,-15],[66,-69],[42,14]],[[4965,2185],[32,-83],[40,-27],[6,-70],[50,4],[9,-44],[-56,-53],[41,-41],[-63,-47],[61,-16]],[[5085,1808],[5,-23],[-77,4],[4,-40]],[[4512,1966],[4,75],[100,9],[23,-43],[53,16],[-51,13],[68,53],[-100,6],[-18,45],[-91,18],[-9,55],[87,54],[-3,51]],[[4172,2132],[54,67],[86,11],[80,51],[84,24],[-13,35],[68,41],[54,11]],[[4585,2372],[-10,-54]],[[3659,2090],[29,11],[7,56],[-34,40],[53,71],[-48,52],[53,46],[123,8],[0,52],[106,5],[14,-24],[77,35]],[[4039,2442],[83,-12],[174,6],[54,-19],[9,39],[-29,105],[57,50],[73,-11],[26,30]],[[4486,2630],[18,-22],[75,8],[-23,-73],[129,-36],[25,-63],[-23,-40],[51,-50],[-62,-15],[-52,51],[-39,-18]],[[4486,2630],[89,23],[-5,51]],[[4570,2704],[53,41],[151,-3],[14,58],[118,-4],[62,49],[47,-36],[54,48]],[[5069,2857],[83,-31],[56,-1],[-66,-47],[38,-20],[-15,-67]],[[5165,2691],[-57,-99],[-78,-7],[22,-158],[53,-28],[-18,-48],[122,-20],[6,-22]],[[5215,2309],[-47,-28],[-60,-2],[-45,-49],[6,-30],[-104,-15]],[[5662,2073],[0,-51],[-78,-79],[0,-54],[-45,-47]],[[5539,1842],[-119,-11],[-65,-48],[-35,-52],[-70,72],[-40,4],[-2,47],[-82,-18],[-41,-28]],[[5215,2309],[99,-32],[-11,-82],[65,6],[40,-39],[80,11]],[[5488,2173],[129,-10],[-8,-87],[53,-3]],[[5624,1635],[0,-85],[-29,-101],[-78,-8],[-44,-40],[4,-35],[-69,-28],[-11,-74]],[[5539,1842],[46,-19],[26,-50],[-29,-112],[42,-26]],[[6093,2065],[54,-32],[-27,-49],[120,-39],[-58,-2],[45,-26],[8,-64],[91,-78],[86,3],[56,-37]],[[6468,1741],[-19,-82],[49,-20],[-6,-66],[-94,-29]],[[6398,1544],[-39,35],[-41,-9],[-15,43],[53,25],[-72,11],[-63,56],[-89,-2],[-81,-36],[-62,19],[-46,-33],[-7,-55]],[[5936,1598],[-74,14],[-30,-42],[-65,9],[-43,86],[-100,-30]],[[5662,2073],[46,1],[47,69],[63,-22],[132,-5],[56,-33],[87,-18]],[[5521,1226],[134,0],[80,25],[-9,38],[54,-19],[0,27],[150,14],[29,54],[100,-6],[66,17]],[[6125,1376],[143,-21],[12,41],[113,-2],[22,-29]],[[6415,1365],[13,-27],[-55,-7],[-7,-72]],[[6366,1259],[-68,-6]],[[6398,1544],[61,-69],[-5,-66],[53,-30],[-49,-26],[-43,12]],[[6125,1376],[13,31],[50,-11],[-13,38],[41,16],[-21,39],[-69,3],[-49,26],[-19,75],[-37,-28],[-69,-11],[-16,44]],[[6773,1296],[-17,-40],[-65,-13],[-55,24],[-195,-22],[-75,14]],[[6468,1741],[64,-21],[38,22],[20,-43],[64,-2]],[[6654,1697],[-9,-99],[48,-4],[23,-107],[47,-50],[-33,-20],[43,-121]],[[6773,1296],[29,-12],[203,54]],[[7005,1338],[-30,-34],[95,-16],[39,-105],[60,-4],[44,-54],[-24,-66]],[[6654,1697],[42,41],[45,-4],[69,30]],[[6810,1764],[45,16],[72,-38],[-55,-52],[24,-25],[76,16]],[[6972,1681],[11,-60],[83,3],[-29,-58],[70,-35],[-41,-3],[-63,-42],[150,-19]],[[7153,1467],[44,-38],[-7,-41],[-40,18],[-68,-15],[-47,15],[6,-56],[-36,-12]],[[7153,1467],[39,6],[71,84],[117,-68],[-5,34],[85,-4],[40,-51],[3,-47],[55,-40],[-54,-37],[41,-6],[11,-50],[72,44],[66,74],[65,8]],[[7759,1414],[13,-49],[59,-17],[-66,-39],[111,14],[-46,-181],[-77,-44],[-58,-60],[-53,-20],[-106,-11],[-16,-38]],[[7794,1571],[20,-40],[-35,-23],[-20,-94]],[[6972,1681],[62,3],[5,43],[36,0],[21,74],[47,21],[-30,45],[101,12],[8,-48],[-40,-34],[57,-51],[33,2],[-2,-73],[77,3],[7,-24],[135,2],[53,19],[-21,55]],[[7521,1730],[7,-19],[96,-32],[68,62],[-23,36]],[[7669,1777],[59,-57],[11,29],[57,-18],[-89,-53],[32,-44],[52,28]],[[7791,1662],[41,-15],[-38,-76]],[[6810,1764],[11,49],[-51,47],[23,84],[55,22],[-20,38],[-62,32],[33,14],[-106,14],[41,19],[-98,50],[24,61],[-27,39],[22,27]],[[6655,2260],[77,-5],[8,48],[79,44],[92,-15]],[[6911,2332],[37,-53],[-26,-22],[60,-19],[-54,-22],[38,-87],[110,-31],[-3,-65],[132,-7]],[[7205,2026],[40,-149],[64,-21],[86,26],[47,-31],[-36,-28],[51,-34],[80,1],[-16,-60]],[[7160,2536],[61,15]],[[7221,2551],[24,-52],[-68,-12],[63,-40],[59,-2],[0,-73],[37,-47],[83,-16]],[[7419,2309],[-54,-74],[56,-65],[-98,-5],[30,-17],[-44,-35],[3,-52]],[[7312,2061],[-107,-35]],[[6911,2332],[22,11],[-56,57],[13,64],[76,-5],[16,63],[51,-11],[127,25]],[[7221,2551],[19,127],[32,4],[-22,59],[70,59]],[[7320,2800],[62,-6],[67,-49],[56,12],[78,-30]],[[7583,2727],[0,-41],[-182,-12],[4,-30],[60,9],[33,-81],[76,19],[99,-4],[185,-32],[-127,-89],[-32,-55]],[[7699,2411],[-80,-34],[-21,22],[-70,-6],[-39,-89],[-70,5]],[[8069,2248],[-18,110],[-69,7],[-50,-18],[-32,23],[-145,-12]],[[7755,2358],[-61,28],[5,25]],[[7583,2727],[88,-18]],[[7671,2709],[13,-24],[75,6],[22,-34],[67,-31],[50,34],[0,-60],[93,-32],[133,34],[89,-18]],[[8213,2584],[80,-38],[-41,-90],[54,-25]],[[8306,2431],[-53,-52],[-57,2],[-15,-54],[-60,-79]],[[8121,2248],[-52,0]],[[8518,2417],[88,6],[-22,-171],[-44,-26]],[[8540,2226],[-52,15],[-31,-24],[60,-46],[-83,-27],[-15,-54],[-58,-52],[23,-43],[-86,-21],[52,-19],[-26,-27],[32,-36]],[[8356,1892],[-64,-3]],[[8292,1889],[-46,88],[-93,10]],[[8153,1987],[16,164],[-41,40],[-7,57]],[[8306,2431],[66,-11],[84,23],[-17,-32],[79,6]],[[7791,1662],[113,25],[85,46],[6,55],[-64,20],[55,73],[-74,18]],[[7912,1899],[5,22]],[[7917,1921],[168,-31],[20,62],[48,35]],[[8292,1889],[-83,-49],[37,-10],[0,-51],[-58,-41],[28,-20],[-56,-25],[-15,-62],[-40,-34],[-61,14],[-17,-33],[-61,-3],[-30,35],[-140,-26],[-2,-13]],[[7669,1777],[23,121],[-75,23]],[[7617,1921],[47,34]],[[7664,1955],[73,-19]],[[7737,1936],[15,-7]],[[7752,1929],[72,-49],[16,32],[72,-13]],[[7929,1968],[0,-15]],[[7929,1953],[0,15]],[[7752,1929],[43,6]],[[7795,1935],[105,31]],[[7900,1966],[26,-15]],[[7926,1951],[-9,-30]],[[7926,1951],[3,2]],[[7929,1968],[-11,19]],[[7918,1987],[65,9],[-65,34],[44,17]],[[7962,2047],[19,29],[72,-14],[3,69],[-88,-19],[3,38],[-63,-5],[-19,54]],[[7889,2199],[-12,43],[172,-29],[20,35]],[[7737,1936],[25,42]],[[7762,1978],[32,-11]],[[7794,1967],[1,-32]],[[7794,1967],[7,30]],[[7801,1997],[47,2]],[[7848,1999],[52,-33]],[[7664,1955],[-1,21]],[[7663,1976],[76,10]],[[7739,1986],[23,-8]],[[7663,1976],[-1,14]],[[7662,1990],[23,17]],[[7685,2007],[21,-1]],[[7706,2006],[33,-20]],[[7706,2006],[43,19]],[[7749,2025],[16,-4]],[[7765,2021],[18,-3]],[[7783,2018],[18,-21]],[[7685,2007],[13,18]],[[7698,2025],[51,0]],[[7662,1990],[-23,1]],[[7639,1991],[-3,30],[61,18]],[[7697,2039],[3,0]],[[7700,2039],[-2,-14]],[[7639,1991],[-31,-11],[14,73]],[[7622,2053],[21,-4]],[[7643,2049],[54,-10]],[[7643,2049],[50,21]],[[7693,2070],[32,-16]],[[7725,2054],[-25,-15]],[[7725,2054],[29,16]],[[7754,2070],[11,-49]],[[7783,2018],[7,26],[61,-5]],[[7851,2039],[31,-31]],[[7882,2008],[-34,-9]],[[7754,2070],[31,18]],[[7785,2088],[0,1]],[[7785,2089],[48,-35]],[[7833,2054],[18,-15]],[[7833,2054],[6,18]],[[7839,2072],[35,-11],[52,27]],[[7926,2088],[36,-41]],[[7918,1987],[-36,21]],[[7816,2126],[-9,5]],[[7807,2131],[64,5]],[[7871,2136],[-7,-24],[62,-24]],[[7839,2072],[-23,54]],[[7785,2089],[31,37]],[[7785,2088],[-71,47]],[[7714,2135],[93,-4]],[[7694,2101],[18,34]],[[7712,2135],[2,0]],[[7693,2070],[1,31]],[[7622,2053],[29,50],[43,-2]],[[7642,2153],[-62,-90]],[[7580,2063],[-24,84]],[[7556,2147],[25,69],[75,-8]],[[7656,2208],[-14,-55]],[[7617,1921],[-64,19],[31,26],[-33,32],[29,65]],[[7642,2153],[70,-18]],[[7312,2061],[59,4],[63,-20],[68,4],[23,72],[31,26]],[[7889,2199],[-18,-63]],[[7656,2208],[20,-13],[135,10],[9,61],[-84,45],[19,47]],[[8540,2226],[112,-2],[15,-38],[70,-41],[-31,-18],[96,7],[92,-21]],[[8894,2113],[88,-17],[-36,-34],[47,-51],[-8,-41],[-89,-31],[54,-55],[-75,-67]],[[8875,1817],[-143,42],[-32,-57],[-48,-13],[-23,40],[-76,42],[-17,-53],[-56,16],[62,53],[-22,25],[-164,-20]],[[8518,2417],[27,46]],[[8545,2463],[100,21],[20,25],[63,-31],[58,-6],[82,29]],[[8868,2501],[-11,-76],[-34,3],[3,-108],[135,-1],[10,44],[86,-18],[38,-37]],[[9095,2308],[14,-69],[-46,1],[-13,-44],[57,-25],[-95,0],[-95,-27],[-23,-31]],[[9095,2308],[25,-29],[60,26],[-8,-29],[55,-9],[50,26]],[[9277,2293],[54,-70],[9,-61]],[[9340,2162],[-69,-41],[12,-59],[58,-26],[-9,-22],[-133,32],[31,-122],[45,-2],[-17,-84]],[[9258,1838],[2,-52],[-49,-84],[-234,40],[-102,75]],[[9722,2083],[15,-73],[-75,1],[11,-23],[-56,-33],[117,-45],[-8,-39],[-36,46],[-40,-19],[-101,4],[-45,26],[-40,-57],[-26,11],[-31,-64],[-99,28],[-50,-8]],[[9340,2162],[11,-18],[162,-45],[7,-53],[115,35],[87,2]],[[9277,2293],[-43,57],[128,13],[5,26],[64,13],[4,82],[73,6],[95,-16]],[[9603,2474],[80,28],[13,-23],[64,26],[8,-22],[108,-47],[56,28],[20,41],[47,-52],[-38,-44],[18,-39],[-56,-38],[57,-32],[-66,-9],[-7,-30],[-59,-21],[43,-28],[-58,-27],[6,-41],[-115,-38],[-2,-23]],[[8868,2501],[34,10],[87,-31],[-51,54],[89,34],[-16,40],[-42,9],[34,36],[94,19],[57,71],[-24,56],[1,83]],[[9131,2882],[44,37],[93,-14],[142,6],[157,-14],[42,-27],[-70,-98],[-11,-64],[23,-92],[-38,-50],[104,-51],[-74,-5],[60,-36]],[[8545,2463],[-34,87],[68,-5],[15,97],[-19,67],[22,59],[89,-8],[18,55],[82,16],[64,-20],[23,110],[52,5],[-9,34],[56,4],[-55,44]],[[8917,3008],[117,12],[32,-39],[76,-11],[-32,-54],[21,-34]],[[8213,2584],[113,54],[-27,37],[36,72],[-71,97],[54,34],[76,12],[8,27],[-85,4],[-11,35]],[[8306,2956],[26,46],[47,-3],[-3,38],[98,-6],[16,-41],[184,-9],[25,49],[138,18]],[[8837,3048],[80,-40]],[[7671,2709],[-10,22],[39,69],[-36,64],[36,46],[78,-42],[15,36],[112,-1],[13,104]],[[7918,3007],[154,-27],[-21,23],[38,38],[118,-76],[49,13],[50,-22]],[[7918,3007],[-23,60],[75,-2],[87,34],[2,26],[-78,7],[-60,30],[27,17]],[[7948,3179],[72,13],[36,-36],[3,78],[129,25],[11,32],[119,42],[-42,91],[175,11],[55,-49],[151,71],[-2,-78],[-81,-33],[15,-67],[39,-6],[44,59],[118,-14],[7,50],[75,-47],[70,-3],[29,-111],[-76,-63],[55,-34],[-9,-37],[-92,6],[-12,-31]],[[7320,2800],[13,48],[-22,56],[-40,32],[15,68]],[[7286,3004],[63,50],[117,18]],[[7466,3072],[54,3],[5,39],[87,-19],[48,76],[18,-33],[114,30],[46,-23],[48,10],[-51,37],[129,24],[-16,-37]],[[6510,3144],[18,54],[88,-43],[46,-2],[31,34],[63,-15],[94,7],[-27,67],[18,30],[-83,30],[83,22],[-8,74],[48,5],[-14,-73],[39,-6],[71,58],[31,-2],[25,-79],[71,2],[50,25],[30,-45],[68,28],[43,-18],[108,8],[-31,-50],[87,-21],[29,-62],[-22,-100]],[[7286,3004],[-67,61],[5,37],[-39,53],[-86,8],[1,-77],[-36,-8],[-5,-88],[-49,-42],[-239,-13],[-87,-20],[-140,10]],[[6544,2925],[-15,120],[-32,33],[44,22],[-31,44]],[[6488,3872],[98,11],[58,-43],[74,19],[4,97],[41,63],[44,11],[95,-32],[101,3],[81,24],[-8,-78],[188,-14],[-10,-56],[63,-56],[72,15],[-30,82],[-37,8],[-23,57],[49,33],[107,-29],[2,-45],[80,7],[46,-33],[-22,-48],[45,-80],[-23,-31],[-84,21],[-168,4],[-32,-51],[-70,-4],[10,-27],[89,15],[13,-22],[-105,-69],[-47,-47],[117,-20],[-19,-38],[106,-8],[17,-47],[-49,-9],[42,-40],[-70,-45],[-5,26],[-87,-5],[28,69],[-40,10],[18,48],[-41,7],[-45,53],[-86,-27],[-2,29],[-61,-32],[-177,-2],[-58,-12],[-30,64],[-114,-6],[-101,19],[2,45],[-36,20],[24,109]],[[6522,3785],[-46,37],[12,50]],[[6544,2925],[42,-75],[-84,-4]],[[6502,2846],[-104,-66]],[[6398,2780],[-94,6],[-3,84]],[[6301,2870],[8,45],[-74,96],[-84,37],[-29,38],[-47,-34],[-30,48],[23,41],[-93,-14],[-31,28],[7,45]],[[5951,3200],[7,82],[-98,87],[130,42],[72,-11],[19,47],[58,21],[-55,45],[28,32],[74,-8],[46,55],[77,16],[54,50]],[[6363,3658],[56,-14],[0,-35],[-75,-6],[-15,-38],[140,-58],[-11,-37],[103,-44],[13,-41],[-53,-6],[-24,-63],[-83,-60],[53,-98],[43,-14]],[[5827,2575],[14,42],[-27,38],[56,-8],[71,28],[0,46],[-55,11],[-22,80],[-53,41],[31,13],[-16,46],[110,10],[225,-3],[-5,-29],[123,-2],[22,-18]],[[6398,2780],[67,-119],[-7,-66],[24,-69],[-54,-54],[32,-14],[-34,-117],[-23,-8]],[[6403,2333],[-56,24],[-46,-15],[-108,10],[-88,92],[-58,-18],[-149,89],[-49,-1]],[[5849,2514],[-22,61]],[[7160,2536],[-46,20],[16,29],[-109,21],[-47,36],[-11,45],[-80,-6],[-56,-28],[-86,57],[-84,-35],[-59,1],[11,59],[-50,18],[-57,93]],[[6655,2260],[-141,-30],[-72,24]],[[6442,2254],[-4,73],[-35,6]],[[6696,2541],[-6,51],[81,-22],[-33,-40],[-42,11]],[[6093,2065],[12,77],[41,-23],[110,44],[17,31],[137,5],[32,55]],[[5488,2173],[31,108],[42,-10],[57,77],[-42,20],[23,46],[50,17],[-13,45],[151,-12],[0,39],[62,11]],[[5165,2691],[58,-27],[93,8],[144,-61],[2,-60],[58,-10],[67,17],[-3,-24],[69,-12],[54,27],[120,26]],[[5069,2857],[-23,47]],[[5046,2904],[49,19],[76,-17],[99,16],[12,40],[126,23],[101,74]],[[5509,3059],[21,43],[118,28],[8,-25],[99,6],[25,-43],[26,117],[59,39],[86,-24]],[[4570,2704],[-72,24],[-116,2],[25,-31],[-86,-5],[-165,77],[-32,-28],[-166,-2],[-44,10],[-15,49]],[[3899,2800],[60,31],[-1,78],[53,55],[74,-18],[2,45],[92,-3],[69,14],[56,81],[116,18],[-2,-47],[36,-2],[-10,66],[62,9],[14,40],[58,1]],[[4578,3168],[20,-44],[50,-24],[102,-2],[6,-48],[95,-46],[46,-1],[-15,-60],[54,-25],[66,9],[44,-23]],[[3427,3096],[48,-13],[70,34],[-42,28],[30,23],[139,10],[203,71],[122,-11]],[[3997,3238],[157,8],[46,59],[40,-12],[91,33],[6,38]],[[4337,3364],[103,-24],[44,-27]],[[4484,3313],[36,-70],[32,1],[26,-76]],[[3899,2800],[-55,-12],[-92,33],[-104,61],[-107,-5]],[[3541,2877],[89,42],[60,-1],[5,48],[-63,-38],[-187,-28],[-62,9],[-1,47],[-37,37],[103,74],[-21,29]],[[4039,2442],[16,46],[-95,24],[-69,-15],[-1,-24],[-104,2],[-67,-21],[-36,-42],[-37,77],[39,20],[-102,45],[14,65],[-107,30],[-106,-56]],[[3384,2593],[-21,52],[-65,78],[-89,39],[49,46],[94,-26],[132,6],[13,78],[44,11]],[[2491,2308],[-69,30],[-23,75]],[[2399,2413],[118,30],[71,-1],[93,43],[26,-21],[169,14],[89,46],[85,-46],[10,-47],[84,17],[65,-31],[-16,-47],[41,-8],[26,35],[56,12],[-40,87],[12,45],[61,28],[84,-1],[-49,25]],[[2399,2413],[-45,57],[-51,-9],[-78,88],[73,20],[76,58],[18,77],[-32,20]],[[2360,2724],[-7,17],[73,46],[120,32],[3,63],[-32,22],[72,30],[74,-61],[110,44],[39,-17],[56,26],[-8,34],[92,5],[17,41],[-46,67],[137,37],[13,27],[98,32],[77,-52],[81,44],[63,4]],[[3392,3165],[47,-40],[-12,-29]],[[1656,2223],[-11,28],[77,15],[17,92],[-34,68],[63,46],[10,34],[60,-11],[99,18],[-20,40],[37,73],[-43,50]],[[1911,2676],[31,36],[-70,47]],[[1872,2759],[33,-15],[72,28],[-66,14],[106,21],[32,-10],[170,3]],[[2219,2800],[56,-34],[23,-43],[62,1]],[[1565,2173],[-47,-10],[-37,142],[-24,27],[-63,170]],[[1394,2502],[150,10],[77,48],[60,-18],[-46,45],[-5,53],[132,8],[31,-11],[92,50],[26,-11]],[[1345,2698],[42,-5],[22,36],[228,-17],[122,60],[13,52],[104,-7],[-61,-30],[57,-28]],[[1394,2502],[-33,58],[-16,138]],[[1345,2698],[-10,113],[-41,171]],[[1294,2982],[72,21],[95,-10],[80,-45],[72,23],[54,-13],[41,-51],[119,-9],[-5,49],[123,9],[43,33],[91,13]],[[2079,3002],[49,-56],[45,-5],[-2,-37],[-45,-20],[32,-47],[61,-37]],[[1309,3485],[76,-49],[34,-64],[66,13],[168,-11],[55,-19],[37,-45],[46,5]],[[1791,3315],[69,-15],[41,-126],[146,-47],[-16,-39],[62,-19],[-14,-67]],[[1294,2982],[-39,45],[-36,155],[-48,118],[-54,99]],[[1117,3399],[112,34],[80,52]],[[2698,3691],[-63,-52],[95,-34],[21,-41],[67,-29],[58,-128]],[[2876,3407],[-1,-106],[-68,-4],[-49,46],[-15,117],[-89,19],[-121,-4],[-97,-57],[-90,19],[-12,-64],[-109,-14],[-13,-36],[-103,12],[-60,64],[-105,14],[-4,-33],[-120,3],[-51,-24],[22,-44]],[[1309,3485],[22,79],[-82,87],[9,68],[-39,31],[88,33],[184,-54],[-44,40],[-26,82],[31,49]],[[1452,3900],[81,-43],[120,-6],[78,-29]],[[1731,3822],[120,-81],[140,-43],[57,66],[-67,70],[5,27],[69,15],[26,65],[158,-99],[18,21],[145,2],[-17,32],[94,33],[70,-25]],[[2549,3905],[76,-37],[-54,-31],[25,-38],[62,-3],[-8,-57],[48,-48]],[[1839,4283],[74,-12],[42,43],[47,2],[29,-111],[112,37],[-8,37],[52,23],[-85,32],[6,64],[53,58]],[[2161,4456],[112,0],[136,-44],[95,27],[-1,-56],[-51,1],[60,-36],[31,18]],[[2543,4366],[16,-38],[76,29],[69,-55],[-62,-38]],[[2642,4264],[-53,-2],[-2,-41],[-80,-18],[-84,-75],[-33,12],[51,-75],[16,50],[122,-53],[9,-77],[57,-28],[-96,-52]],[[1731,3822],[31,42],[27,-38],[80,22],[48,43],[-66,41],[34,48],[101,-3],[9,23],[-76,39],[17,59],[-61,43],[-79,-2],[3,43],[76,1],[-60,21],[24,79]],[[2642,4264],[116,-6],[60,-41],[-7,-71],[81,-5],[-6,-31],[-65,-34],[48,-24],[127,-32],[109,-46],[-2,41],[52,-1],[7,-54],[73,-43]],[[3235,3917],[-16,-98],[-110,6],[-56,-15],[71,-43],[-54,-2],[-132,-73]],[[2938,3692],[-45,14],[-35,-37],[-112,-7],[-48,29]],[[2876,3407],[42,-11],[5,-78],[86,-34],[76,64],[50,-10],[113,27]],[[3248,3365],[76,-8]],[[3324,3357],[36,-31],[-19,-83],[49,8]],[[3390,3251],[2,-86]],[[3248,3365],[-29,14],[0,58],[-48,1],[22,37],[66,-9],[61,26],[100,-44],[12,-85],[-108,-6]],[[3390,3251],[12,33],[90,36],[53,65],[82,5],[-4,37],[116,-17],[35,25],[96,-44],[53,28]],[[3923,3419],[74,-181]],[[2938,3692],[-2,-13],[113,-28],[142,2],[155,-56],[110,31],[77,-19],[116,13],[77,50],[118,-10]],[[3844,3662],[23,-56],[-47,-55],[50,-12],[10,-66],[43,-54]],[[3430,4041],[154,-26],[70,-72],[50,0],[57,44],[38,0],[8,40],[84,-21]],[[3891,4006],[36,-20]],[[3927,3986],[-16,-32],[-57,-2],[-16,-74],[-103,-12],[-14,-51],[-48,-16],[146,-83],[28,-52]],[[3847,3664],[-3,-2]],[[3235,3917],[96,0],[67,55],[51,-1],[-19,70]],[[3847,3664],[136,49],[-11,53],[43,42],[63,11],[0,65],[95,-25],[45,34],[161,-28],[19,-28]],[[4398,3837],[0,-90],[-33,-6],[-47,-59],[52,-23],[-9,-163],[61,-8],[-9,-57],[-48,-2],[-28,-65]],[[3927,3986],[103,-13],[48,39],[70,16],[-36,94],[85,41]],[[4197,4163],[34,29],[-44,24],[91,15],[-65,42]],[[4213,4273],[71,2]],[[4284,4275],[96,-20],[157,31],[26,-24],[-33,-79],[35,-45]],[[4565,4138],[43,-62],[0,-93],[-102,-7],[47,-87],[-116,-17],[-39,-35]],[[3891,4006],[-11,76],[41,40],[74,-4],[5,21],[-91,36]],[[3909,4175],[44,30],[126,-8],[119,-20],[-1,-14]],[[3909,4175],[-53,19],[33,50],[98,-5],[-81,27],[-8,30],[123,11],[42,29]],[[4063,4336],[62,-4],[20,-51],[68,-8]],[[3461,4105],[-5,85],[76,-6],[39,44],[75,-20],[72,54],[92,-6],[49,78],[-30,54],[17,56]],[[3846,4444],[52,-7],[-9,-37],[72,12],[7,-32],[95,-44]],[[3430,4041],[31,64]],[[3846,4444],[-41,64],[-50,-12],[-69,16],[46,49],[-10,29]],[[3722,4590],[35,80],[62,-34],[78,42],[-72,111],[36,38],[83,-26],[-5,-27],[257,63],[91,-11],[80,44],[75,-36],[-19,-53],[105,3]],[[4528,4784],[151,-32],[14,-40],[-83,14],[-31,-29],[21,-35],[84,-25]],[[4684,4637],[23,-25],[-35,-74]],[[4672,4538],[-121,8],[-131,-9],[-19,-28],[-81,-1],[-54,20],[43,55],[-91,-9],[-42,-43],[50,-18],[10,-45],[45,-8],[8,-75],[-35,-9],[30,-101]],[[5389,4338],[48,-37],[-109,-48],[-51,-4],[0,-72]],[[5277,4177],[-72,-5],[-122,-40]],[[5083,4132],[-86,-21],[-121,-1],[-38,52],[-96,0],[-94,21],[-83,-45]],[[4672,4538],[99,-75],[40,66],[63,-10],[101,9],[46,-38],[80,-8],[30,-48],[87,-21],[-19,-46],[190,-29]],[[5285,3512],[-104,-6],[2,-58],[-90,6],[-26,44],[-94,-8],[8,-29],[-54,-6],[-46,-41],[-22,73],[-33,26],[-58,-9],[30,-86],[-93,-31],[-31,13],[-17,-62],[-173,-25]],[[5083,4132],[32,-20],[4,-74],[-86,8],[-52,39],[-44,-32],[-86,-18],[36,-35]],[[4887,4000],[-60,6],[-14,-67],[-70,8],[20,-94],[-60,2],[48,-28],[-30,-76],[153,4],[79,-66],[7,-40],[126,-34],[69,13],[39,-35],[41,17]],[[5235,3610],[48,-8],[2,-90]],[[5285,3512],[48,-66],[-39,-22],[63,-78],[68,-209],[84,-78]],[[5235,3610],[-11,99],[38,44],[112,3],[18,-21],[144,17],[17,61]],[[5553,3813],[64,-28],[61,8],[6,-64],[101,0],[0,-28],[104,-14],[31,-60],[36,49],[40,11],[9,61],[42,17],[52,-24],[125,-17]],[[6224,3724],[95,-6],[44,-60]],[[4887,4000],[62,15],[-17,-31],[61,1],[22,-28],[82,27],[136,-22],[6,-26],[64,-6],[100,21],[44,-8],[23,-65],[45,-7],[38,-58]],[[5277,4177],[70,-62],[-83,-32],[36,-26],[136,25],[3,-45],[58,19],[147,0],[29,27],[83,-4],[120,-44],[36,20],[91,-37],[51,21],[30,45],[-16,36],[163,23],[54,-7]],[[6285,4136],[-66,-36],[-8,-63],[45,-39],[95,-21],[14,-26],[-53,-21],[30,-48],[146,-10]],[[6522,3785],[-134,4],[-148,-25],[-16,-40]],[[5389,4338],[57,6],[146,86],[-9,49],[26,42],[91,63],[-6,40],[76,73],[111,7],[-58,90],[-67,35]],[[5756,4829],[-39,64],[104,-12],[20,59],[-56,7],[-44,60],[71,0],[63,21],[6,-68],[54,3]],[[5935,4963],[15,-19],[112,-7],[29,-20],[79,21],[-8,-106],[-44,-91],[22,-27],[-34,-39],[-117,-8],[40,-65],[-60,-90],[-21,-113],[34,-8],[53,-91],[119,-41],[22,-35],[94,13],[147,-6],[-32,-49],[-34,-1],[-3,-65],[-63,20]],[[4684,4637],[121,15],[110,28],[115,1],[-70,29],[56,57],[-16,49],[-40,7],[31,109],[69,22]],[[5060,4954],[28,-42],[67,-9],[-11,-27],[157,-9],[-31,-9],[4,-52],[44,-31],[188,26],[61,-25],[14,31],[175,22]],[[5060,4954],[42,58],[53,7],[-29,49],[81,-28],[68,-1],[44,42],[-187,177],[34,1]],[[5166,5259],[46,56],[113,-34],[33,-38],[93,22],[139,-1],[66,72],[-57,35]],[[5599,5371],[178,9],[43,-40],[7,63],[71,-12],[6,-44],[132,-10],[47,-17]],[[6083,5320],[1,-91],[-134,-15],[-35,-48],[106,-44]],[[6021,5122],[-54,-39],[28,-70],[-60,-50]],[[6334,5256],[1,-42],[92,2],[-14,-92],[-165,-38],[-42,55],[71,49],[-77,41],[32,40]],[[6232,5271],[102,-15]],[[6083,5320],[14,12],[143,-29],[-8,-32]],[[6334,5256],[149,25],[-38,13],[23,87],[50,56],[76,-7],[12,27]],[[6606,5457],[108,7],[12,-55],[73,-5],[39,-50],[-57,0],[-42,-43],[46,-6],[50,-72],[-36,-87],[-45,-20],[-41,-95],[-62,-7],[-8,-32],[-86,8],[13,35],[-104,2],[-46,-26],[-68,19],[-157,3],[-35,41],[-139,48]],[[5778,5677],[46,19],[145,9],[73,30],[2,44]],[[6044,5779],[48,22],[-2,77],[88,70],[101,51],[19,50],[223,143]],[[6521,6192],[88,-10],[-2,-64],[-34,-78],[65,-5],[-1,-44],[109,-46],[-20,-49],[-78,40],[-120,-34],[0,-186],[-124,10],[10,-36],[115,-68],[33,-89]],[[6562,5533],[-117,-7],[-57,-24],[-70,2],[-11,41],[-82,-15],[-99,19],[-42,36],[-156,8],[-15,36],[-92,-1],[-43,49]],[[6562,5533],[-9,-22],[53,-54]],[[5599,5371],[-59,-19],[15,79],[-81,36],[16,59],[-24,13]],[[5466,5539],[66,30]],[[5532,5569],[70,55],[126,14],[50,39]],[[5166,5259],[-72,51],[-63,-9],[-108,43]],[[4923,5344],[70,14],[63,92],[98,-2],[50,19]],[[5204,5467],[135,10],[127,62]],[[4528,4784],[3,77],[-26,11],[3,80],[52,-2],[9,56],[58,7],[-86,39],[-17,120],[-42,-9],[-19,48]],[[4463,5211],[54,56],[91,-5],[63,55],[99,-4],[-27,-39],[39,-24],[95,43],[46,51]],[[3722,4590],[-88,-29],[-32,16],[47,58],[-126,41]],[[3523,4676],[62,89],[86,8],[-12,49],[-70,-9],[-27,57],[38,25]],[[3600,4895],[91,-5],[82,48],[13,34],[128,63],[52,-14],[87,36],[8,25],[-56,31],[43,50],[100,10]],[[4148,5173],[62,22],[110,-13],[143,29]],[[3461,4105],[-93,11],[14,61],[-69,-5],[-40,70],[-37,23]],[[3236,4265],[30,70],[94,-26],[31,59],[-26,21],[36,84],[151,6],[-115,16],[6,25],[-82,65],[67,5],[121,-35],[3,37],[-46,25],[-104,13]],[[3402,4630],[11,36],[110,10]],[[2543,4366],[5,28],[72,3]],[[2620,4397],[55,-15],[144,13],[-13,-40],[68,0],[-5,41],[85,4],[23,-29],[39,28],[52,-34],[63,6],[27,-77],[78,-29]],[[2620,4397],[-20,34],[167,65],[0,63],[-89,22],[-23,28],[51,37],[19,107]],[[2725,4753],[117,22],[50,31]],[[2892,4806],[46,-65],[-60,-11],[40,-113],[247,12],[114,28],[45,-25],[78,-2]],[[2892,4806],[57,16],[-8,68],[-81,1],[-2,40],[60,1],[-56,107]],[[2862,5039],[114,23]],[[2976,5062],[72,-4],[23,-24],[79,5],[80,-23],[21,-77],[54,0],[70,-35],[70,55],[132,-25],[23,-39]],[[2227,5076],[-4,54],[76,8],[-14,33],[68,30]],[[2353,5201],[38,-20],[-39,-42],[118,-29],[139,13],[186,80],[3,-72],[-19,-43],[83,-49]],[[2725,4753],[-92,50],[-111,12],[-16,-42],[-52,33],[-65,-13],[-36,28],[-149,24]],[[2204,4845],[72,17],[-38,43],[-38,88],[27,83]],[[2161,4456],[-28,12],[-14,74],[-27,19],[61,39],[-11,32],[63,16],[8,65],[-9,132]],[[1839,4283],[-49,98],[57,13],[22,58],[55,24],[12,32],[-56,-17],[-34,29],[29,28],[-43,28],[-95,-30],[-27,57],[-68,-14],[-117,54],[-24,80],[-111,7]],[[1390,4730],[-125,3],[-64,-32],[-89,72],[-34,-1],[18,-104],[-60,10],[-55,-43],[-40,38],[-71,-58],[-86,6],[-6,31],[60,10],[86,87],[46,15],[35,84]],[[1005,4848],[83,44],[44,68],[-15,34],[42,19],[7,46],[102,22],[114,41],[35,-39],[126,28],[47,74],[57,6],[19,-28]],[[1666,5163],[67,-42],[74,-12],[-24,-17],[26,-57],[41,-10],[64,41],[182,3],[75,19],[56,-12]],[[1109,4398],[15,65],[-14,44],[78,13],[2,75],[47,49],[54,3],[-42,43],[157,14],[-16,26]],[[1452,3900],[-23,37],[-177,44],[-47,26],[88,68]],[[1293,4075],[39,37],[-28,34],[80,55],[-93,13],[-93,-21],[-68,19],[-29,67],[31,112],[-23,7]],[[1117,3399],[-36,34],[-65,15],[-51,45],[-71,161],[-40,144],[-73,94]],[[781,3892],[103,38],[-19,30],[124,-13],[115,49],[32,61],[95,0],[62,18]],[[781,3892],[-42,73],[-36,143],[-89,132],[-112,32],[14,37],[-44,67],[46,9]],[[518,4385],[88,-37],[58,14],[98,-28],[42,17],[2,51],[77,-29],[-44,-25],[39,-18],[25,-57],[90,67],[116,58]],[[518,4385],[-6,25],[-64,-9],[2,43],[-49,125],[-60,36],[-96,-33],[-119,75],[-86,19],[-29,26],[68,3],[5,40],[73,8],[2,-41],[46,62],[92,18],[-13,30],[-101,-21],[-68,-39],[-59,1],[-56,74],[98,36],[92,-16],[-23,41],[57,21],[50,-46],[73,53],[69,25],[-29,23],[91,76]],[[478,5040],[96,-130],[119,-43],[22,-37],[94,81],[48,-103],[78,40],[70,0]],[[478,5040],[-40,73],[12,73],[74,59],[-45,65],[-92,22],[48,54],[115,3],[-24,68],[11,55],[-87,20],[-32,63],[15,28],[-58,68],[61,43]],[[436,5734],[142,-5],[78,-54],[100,-30],[14,-95],[92,24],[28,-26],[120,34],[75,-23],[104,-66],[88,46],[100,29],[96,2]],[[1473,5570],[54,6],[71,-58],[50,11],[11,-59],[64,-5],[98,-59],[23,-71],[-79,-55],[8,-30],[-107,-87]],[[1473,5570],[-26,26],[32,45],[-40,41],[43,9]],[[1482,5691],[67,-51],[78,84]],[[1627,5724],[61,16],[33,-32],[60,25],[-1,-65],[64,13],[48,40],[133,-75],[48,-5]],[[2073,5641],[-106,10],[-57,-25],[73,-61],[89,11],[80,-73],[-60,-4],[14,-52]],[[2106,5447],[73,-39],[44,-87],[-19,-44],[61,-1],[57,-30],[31,-45]],[[2303,5491],[-77,-50],[-36,29],[-84,-23]],[[2073,5641],[156,3],[24,-22],[68,4],[49,-43]],[[2370,5583],[-89,-65],[22,-27]],[[2488,5501],[-103,-9],[-61,-46]],[[2324,5446],[-21,45]],[[2370,5583],[82,-6],[36,-76]],[[2488,5501],[57,-20],[-86,-31],[4,-30]],[[2463,5420],[-90,-9],[-49,35]],[[1627,5724],[-31,40],[94,41],[-22,53],[60,3]],[[1728,5861],[72,25],[163,-7],[8,39],[117,-9],[65,53]],[[2153,5962],[33,-17],[-16,-56],[79,-33]],[[2249,5856],[10,-54],[47,-34],[133,0],[15,-36],[92,11],[2,-39],[-94,-27],[-84,-94]],[[2463,5420],[30,-12],[76,30],[97,2],[12,17],[141,29],[20,-41],[71,-4],[53,-33]],[[2963,5408],[-23,-58],[31,0],[16,-52],[52,-25],[-104,-14],[-9,-48],[37,-3],[46,-84],[-33,-62]],[[3026,5409],[-63,-1]],[[2249,5856],[32,92],[212,-32],[-1,45],[77,-3],[29,-47],[51,6],[11,56]],[[2660,5973],[130,-21],[-1,-38],[54,-3],[8,33],[108,-19],[28,22],[139,45],[32,-78],[116,-1],[-47,-83],[-7,-75],[-101,-12],[-28,-54],[35,-7],[22,-92]],[[3148,5590],[-13,-77],[-25,30],[-78,-12],[29,-54],[-35,-68]],[[2660,5973],[-8,73],[86,-12],[-23,115]],[[2715,6149],[83,24],[2,-33],[52,1],[25,56],[111,-1],[-25,-85],[50,-6],[48,54],[-12,100]],[[3049,6259],[72,-12],[96,-61],[198,0],[164,-13]],[[3579,6173],[-16,-27],[62,-14],[7,-41],[-92,-9],[-1,-63],[-109,-11],[79,-54],[-19,-68],[99,-39],[30,-45],[68,-36],[-9,-74],[-58,3],[-10,-92],[99,-4],[20,-36],[-4,-74],[-146,1],[-87,-35]],[[3492,5455],[-16,94],[41,20],[-63,41],[62,-1],[-7,40],[-68,57],[-73,24],[-33,-37],[-116,-11],[-7,-64],[-64,-28]],[[4047,5318],[-80,-28],[-8,-51],[-67,8],[-95,-19],[10,-38],[-144,-32],[-31,52],[-7,70],[55,-4],[-24,51],[-99,-14],[-18,18]],[[3539,5331],[-68,20],[38,39],[-17,65]],[[3579,6173],[112,-18],[75,5],[-2,49],[149,-18]],[[3913,6191],[181,-66],[78,-11],[57,26],[15,-31],[98,-18],[9,-44]],[[4351,6047],[-3,-27],[-78,-5],[-85,-74],[-117,52],[10,39],[-52,31],[-19,-45],[-38,-6],[3,-60],[31,-3],[0,-53],[29,-40],[-69,-18],[-18,-118],[-92,-9],[-17,-30],[34,-54],[75,-8],[15,-53],[82,-8],[-3,-65]],[[4039,5493],[-31,-9],[6,-92],[33,-74]],[[3539,5331],[-76,-18],[-25,-37],[-73,16],[-12,46],[-104,-23],[-92,3],[-21,43],[-98,-6],[-12,54]],[[4047,5318],[17,2],[30,-83],[49,-23],[5,-41]],[[4500,5626],[88,-25],[91,34],[77,-14],[-77,-51],[26,-31],[144,-20],[108,11],[31,-34],[97,39],[89,-20],[30,-48]],[[4039,5493],[131,-4],[23,-38],[75,-33],[117,53],[10,85],[89,5],[-24,39],[40,26]],[[4938,5839],[-65,31],[-114,-108],[-19,-96],[-70,18],[-54,-45],[-116,-13]],[[4351,6047],[69,8],[3,-37],[74,16],[12,-22],[157,-12],[182,1],[4,53],[107,-66],[-20,-32],[52,-56]],[[4991,5900],[-53,-61]],[[4938,5839],[-20,-48],[31,-2],[-13,-117],[124,33],[79,-20],[18,45],[129,3],[42,56],[100,-12],[-9,-68],[-90,-25],[133,-38],[70,-77]],[[4991,5900],[47,5],[16,51],[33,-10],[29,36],[22,-28],[125,1],[54,61]],[[5317,6016],[63,4],[42,-24],[145,4]],[[5567,6000],[3,-40],[156,-19],[44,-92],[127,-5],[21,-31],[126,-34]],[[3913,6191],[4,44],[-50,-6],[7,51],[-124,2],[33,30],[130,19]],[[3913,6331],[126,-17],[57,-69],[81,-24],[31,27],[-11,153],[42,32],[128,-2],[62,12],[11,-26],[-56,-128],[128,-29],[63,13],[58,52],[121,15],[6,-27],[59,1],[61,-28]],[[4880,6286],[135,-12],[102,14],[72,-19],[-11,-34],[63,-18]],[[5241,6217],[-13,-40],[-67,-33],[59,-25],[10,-70],[87,-33]],[[5241,6217],[93,-3],[-7,27],[-62,8],[5,37],[-45,43],[18,66],[82,47],[-89,43],[67,63],[110,-9],[-15,-81],[55,110],[36,12],[-9,44],[57,37],[54,-25],[-47,-26],[81,-44],[22,-34],[51,58],[73,20],[-5,31],[51,15],[129,-26]],[[5946,6630],[16,-74],[50,1],[19,-57],[103,-6],[53,-46],[-44,-5],[-38,-42],[-81,-7],[-15,-48],[38,-13]],[[6047,6333],[-2,-51],[-46,-5],[-53,-57],[-26,59],[-56,6],[-24,-29],[-68,-8],[-8,-125],[78,-26],[-9,-39],[-137,-18],[-3,49],[-76,-9],[-50,-80]],[[6047,6333],[36,16],[58,-28],[62,-4],[120,-62],[131,-6],[77,-35]],[[6531,6214],[-10,-22]],[[4880,6286],[0,36],[91,9],[-57,55],[22,40],[-24,111],[-92,0],[0,22],[148,-16],[9,21],[-136,23],[-34,-14],[-44,45],[10,52]],[[4773,6670],[87,-21],[45,52],[58,9]],[[4963,6710],[178,63],[162,79],[150,35],[76,38],[78,3],[72,24]],[[5679,6952],[88,-2],[74,-27],[34,-67],[60,-20],[2,-30],[-72,-18],[-23,-42],[70,-11],[71,22]],[[5983,6757],[-43,-56],[6,-71]],[[5679,6952],[219,77],[35,21],[50,-15],[140,25],[76,86]],[[6199,7146],[65,-11],[129,28],[4,71],[62,7],[31,-84],[99,25],[125,-52],[66,-5],[84,-71],[89,-13]],[[6953,7041],[-57,-114],[53,-17],[-61,-81],[-41,24],[-15,-62],[25,-29],[-76,7],[43,-26],[-24,-34]],[[6800,6709],[-60,2],[-66,36],[-35,-59],[-34,24],[-216,12],[-87,-17],[-71,16],[-55,-20],[-84,41],[-109,13]],[[6800,6709],[47,-22],[114,3],[49,-22]],[[7010,6668],[9,-10]],[[7019,6658],[-37,-103],[-164,11],[22,-48],[-72,-27],[-20,-49],[-82,29],[-50,-33],[82,-77],[88,-10]],[[6786,6351],[-172,-59],[-83,-78]],[[7010,6668],[54,75],[128,39],[22,47],[-51,6],[13,34],[144,-8],[-6,-42],[42,-72],[62,12],[66,-65],[-36,-16],[-39,-83],[-157,18],[-30,48],[-103,29],[-100,-32]],[[6953,7041],[99,-27],[46,7]],[[7098,7021],[150,-37],[132,-21],[154,22],[83,-12],[145,-61],[15,-58],[-57,15],[-69,-50],[-73,7],[-29,-26],[17,-91],[-25,-42],[7,-61],[50,-19],[-41,-106],[42,-40],[-1,-118],[-184,31],[-112,-14],[-49,16],[-159,6],[-73,15],[-235,-26]],[[7684,9389],[-119,30],[-32,-55],[-81,29],[-38,61],[-55,-48]],[[7359,9406],[-56,32],[37,44],[-73,-8],[-44,29],[-119,25],[-50,-5],[-31,36],[-161,-23],[-12,40],[-56,-20],[-54,45],[8,36]],[[6748,9637],[76,72],[10,37],[79,-5],[-24,51],[32,1],[67,138],[162,44],[64,-12],[61,25],[0,-69],[67,-3],[-16,-83],[-82,-32],[115,-28],[63,9],[3,-34],[63,-32],[103,32],[16,36],[93,-34],[93,-8],[-69,-54],[29,-35],[-46,-23],[33,-56],[41,-15],[0,-99],[-66,-10],[-48,-33],[17,-28]],[[7184,9122],[-38,48],[-42,-14],[-146,3],[-96,24],[-32,63],[-62,7],[-16,-25],[-89,23]],[[6663,9251],[-17,45],[-65,18],[17,52],[-85,52],[-70,7],[-28,-53],[-64,20]],[[6351,9392],[-4,64],[41,22],[-102,28],[24,59],[46,41],[82,2],[73,-34],[18,30],[55,-45],[115,0],[16,22],[-46,39],[79,17]],[[7359,9406],[-56,-120],[36,3]],[[7339,9289],[-33,-31],[14,-49],[-60,-6],[35,-24],[-111,-57]],[[7684,9389],[118,-24],[95,-47],[-11,-57],[-61,-12],[0,-51],[-70,8]],[[7755,9206],[-16,21],[-80,-14],[27,-27],[-80,2],[-8,-44],[-83,7],[-65,44],[7,45],[43,25],[-21,28],[-57,-9],[-34,34],[-49,-29]],[[7435,8731],[-142,-1],[-63,26],[-22,-17],[-87,11],[-54,43]],[[7067,8793],[-75,87],[92,46],[-3,86],[18,54],[54,6],[31,50]],[[7755,9206],[17,-56],[-56,-5],[-39,-71],[-53,13],[-47,-65],[110,-31],[18,-19],[-247,-81],[0,-87],[-23,-73]],[[7067,8793],[-102,7],[-88,-23],[-88,22]],[[6789,8799],[-78,78],[-60,-36],[-149,21],[-59,30]],[[6443,8892],[37,56],[-20,42],[-189,-2],[55,92],[130,-10],[51,29],[3,47],[55,6],[-7,50],[105,49]],[[5788,8820],[26,22],[-41,30]],[[5773,8872],[17,66],[66,17],[-20,69],[45,-8],[83,28],[26,41],[-50,35],[-64,8],[7,60],[57,0],[19,-31],[70,-8],[105,39],[61,-7],[78,32],[3,172],[75,7]],[[6443,8892],[-16,-50],[-106,-77],[-24,39],[-60,17],[-144,6],[-144,-6],[2,25],[-85,3],[-37,-38],[-41,9]],[[5788,8820],[45,-45],[-16,-67],[-79,-8],[32,-44],[-14,-51],[91,8],[18,-50],[48,-26]],[[5913,8537],[-39,-27],[-112,10],[48,-60],[-95,-31],[-6,-30]],[[5709,8399],[-101,17],[-34,-30],[-182,-13],[-5,-18],[-91,7],[-14,37],[-91,29],[-44,-9]],[[5147,8419],[-101,9],[23,86],[-86,-3],[-8,52],[93,25],[-59,9],[45,36],[-58,38],[-19,75],[186,15],[30,58],[134,24],[-7,77],[83,2],[0,64],[80,5],[22,-85],[39,5],[61,88],[35,-56],[46,-12],[26,-49],[61,-10]],[[6086,8457],[51,19],[16,-41],[-30,-108]],[[6123,8327],[-87,-19],[-36,48],[23,53],[63,48]],[[6123,8327],[10,-63]],[[6133,8264],[-117,-15],[-64,-45],[-148,27],[-20,63],[-109,-7],[-22,52],[56,60]],[[5913,8537],[32,-27],[110,5],[31,-58]],[[6789,8799],[-36,-42],[55,-24],[-30,-29],[-47,28],[-85,-3],[-11,-75],[-64,-37],[-20,-41],[-100,-53],[22,-23]],[[6473,8500],[-17,-32],[-67,-5],[-13,-32],[147,-2],[34,-34],[-39,-35],[37,-15],[-51,-19],[-74,17],[38,-42],[-86,-49],[-88,-1],[-30,-97],[32,-10],[30,-107],[-31,-20],[-81,39],[-51,1]],[[6163,8057],[30,81],[-101,7],[38,63],[3,56]],[[7435,8731],[111,-22],[27,-38],[56,47],[47,-33],[92,19],[3,-43],[145,-17],[65,-22],[-5,-48],[-80,12],[-81,-16],[0,-38],[-84,15],[-1,-36],[-86,15],[-53,-19],[53,-31],[-29,-63],[-48,-12],[-104,23]],[[7463,8424],[-67,18],[-15,31],[-56,-10],[-86,55],[-76,-17],[-7,-35],[-66,23],[10,-43],[-64,-51],[-10,-153],[-116,9],[-36,16],[-23,-38],[-51,-4],[-9,-30]],[[6791,8195],[-36,47],[-76,13],[-2,46],[49,-8],[6,77],[-203,95],[-5,60],[-51,-25]],[[7466,7716],[-118,-2],[-54,15],[-85,53],[-165,-4],[-109,21]],[[6935,7799],[-15,62],[46,6],[-24,52],[-61,35],[35,69],[-27,37],[-84,-6],[-10,48],[-94,34],[90,59]],[[7463,8424],[-5,-81],[-34,-37],[46,-19],[-164,-81],[25,-39],[-46,-4],[-24,-42],[35,-35],[193,-48],[81,-141],[-39,-13],[-39,-66],[4,-56],[-30,-46]],[[6255,7622],[-14,48],[40,24]],[[6281,7694],[76,28],[-55,106],[23,25],[-60,50],[20,38],[-76,-3],[-72,41]],[[6137,7979],[26,78]],[[6935,7799],[-42,-23],[-60,15],[-17,-34],[-155,-10],[-40,65],[-67,-40],[-52,1],[-4,-39],[52,-43],[-135,-12],[36,-34]],[[6451,7645],[7,-35],[-122,23],[-81,-11]],[[7466,7716],[34,-152],[-66,8],[-31,-99],[101,-8],[-15,-54],[-101,-12],[62,-40],[61,12],[-36,-34],[20,-52],[-97,-28],[-65,0],[55,-31],[-1,-39],[-80,-9],[-29,-39],[-93,-5],[-62,16],[-9,-26],[-126,-8]],[[6988,7116],[-2,25],[-72,17],[2,52],[-57,8],[-26,74],[31,34],[-46,46],[-66,5],[60,56],[116,28],[91,4],[77,54],[6,42],[-65,87],[-14,-40],[-66,-50],[-67,54],[-71,-6],[-46,-24],[-158,34],[-52,-5],[-14,47],[-98,-13]],[[6199,7146],[-7,47],[-51,4],[-20,41]],[[6121,7238],[55,23],[69,-3],[11,36],[-33,48],[101,5],[-22,34],[14,61],[-100,7],[8,88],[45,13],[-14,72]],[[6988,7116],[110,-95]],[[5263,7460],[95,18],[32,40],[65,-6],[78,27],[93,0],[20,-57],[55,-20],[-10,59],[59,45],[68,11],[55,-46],[22,84],[34,38],[59,-5],[72,52],[39,-11],[45,38],[95,1],[42,-34]],[[6121,7238],[-97,11],[-97,35],[-10,29],[-120,-5],[-11,-43],[-100,1],[-218,20],[4,29],[-59,-14],[-69,14],[14,23],[-70,-4],[-53,-70],[-58,3]],[[5177,7267],[-37,103],[73,86],[50,4]],[[4963,6710],[59,49],[-13,70],[-104,13],[-14,73],[47,16],[-11,73],[53,-9],[0,51]],[[4980,7046],[112,-3],[16,19],[102,0],[-2,110],[-31,95]],[[5263,7460],[-90,7],[45,46]],[[5218,7513],[-47,29],[-104,1],[15,49],[73,-5],[5,22],[-132,9],[44,57],[213,-27],[-26,37],[-47,4],[-5,43],[59,1],[-7,37],[-49,25],[-79,-10],[-1,60],[77,6],[-13,174]],[[5194,8025],[-7,32],[60,10],[16,29],[79,-15],[52,53],[76,14],[51,-11],[-57,-70],[-62,-7],[-21,-51],[147,23],[9,-30],[-52,-36],[84,1],[15,29],[120,12],[85,-39],[13,61],[88,86],[66,-6],[4,-84],[-24,-24],[110,-57],[91,34]],[[4674,8145],[-157,90],[-77,16],[17,52],[-69,26],[16,35]],[[4404,8364],[105,51],[94,-37],[1,-59],[35,20],[-15,49],[125,23],[93,-10],[11,-39],[96,2],[56,27],[18,-57],[67,2],[64,52],[-7,31]],[[5194,8025],[-87,-47],[-13,47],[-40,11],[61,49],[-75,-4],[14,55],[-187,-15],[-85,-25],[-54,52],[-54,-3]],[[5218,7513],[-60,-37],[-97,0],[25,25],[-30,36],[-60,-18],[-81,18],[-25,-32],[-50,-3],[-55,-62],[-53,0],[38,121],[-149,10],[-68,72],[-114,-2],[-19,33],[59,27],[3,32],[-125,12],[13,110],[-58,4],[-72,-39],[-85,-4]],[[4155,7816],[-4,100],[123,32],[95,-30],[97,-9],[30,43],[74,14],[48,39],[12,44],[46,36],[-62,11],[60,49]],[[4155,7816],[-21,-36]],[[4134,7780],[-48,-1],[-8,54],[-87,-34],[-116,40],[-8,39],[-79,0],[-76,36],[-2,63],[-64,36],[12,148],[113,-26],[13,61],[-66,20],[11,79],[-36,64],[85,27],[13,-57],[-38,-25],[76,-15],[15,40],[67,-5],[39,-31],[99,-11],[7,30],[-51,7],[6,71]],[[4011,8390],[75,-38],[155,20],[33,18],[107,2],[23,-28]],[[4134,7780],[9,-20],[102,-12],[-19,-55],[68,-30],[-59,-64],[-1,-68]],[[4234,7531],[-7,-27],[-76,41],[-190,-2],[-54,-14],[-1,-72],[-180,-2]],[[3726,7455],[-145,-17],[-4,49],[-50,15],[-22,87]],[[3505,7589],[50,-29],[192,-41],[55,26],[-43,88],[-56,0],[-30,32]],[[3673,7665],[68,64],[-13,57],[-80,2],[-129,39]],[[3519,7827],[-21,28],[2,75],[-60,0],[76,50],[-21,62],[-94,67],[-2,37],[77,33],[-8,92],[-59,2],[-58,45],[17,57],[-65,12],[-12,46],[85,13],[0,45],[47,81],[95,-28],[30,-66],[103,14],[74,-22],[27,-40],[75,-8],[29,74],[81,-54],[40,48],[31,-35],[3,-65]],[[3505,7589],[11,73],[30,46],[110,40],[-36,-61],[53,-22]],[[2893,7532],[-23,66],[37,77],[-133,10],[17,125]],[[2791,7810],[109,34],[80,-18],[81,32],[55,-63],[81,35],[88,-4],[-3,62],[86,-5],[5,-48],[75,-27],[71,19]],[[3726,7455],[-6,-24],[-95,-35],[-13,-42],[14,-76],[-11,-44],[-52,-23],[-94,19],[-36,-91],[54,-18],[-26,-56]],[[3461,7065],[-75,9],[-72,-52],[-32,4],[-22,61],[-35,13],[-84,-20],[-11,-45],[-96,-10],[-33,35],[55,42],[-8,57]],[[3048,7159],[67,5],[3,58],[-32,23],[34,51],[-63,31],[-49,109],[99,-5],[17,76],[-144,32],[-87,-7]],[[3890,6936],[-124,41],[-126,15],[-179,73]],[[4234,7531],[49,0],[-33,-66],[28,-44],[39,-4],[34,-108],[-54,4],[-24,-62],[23,-70],[-111,-33],[18,-53],[-22,-149]],[[4181,6946],[-121,-54]],[[4060,6892],[-91,33],[-79,11]],[[4980,7046],[18,57],[56,7],[-30,74],[-85,1],[-72,-17],[7,27],[-42,74],[-113,7],[-37,-54],[-142,15],[-38,-86],[-42,-25],[-110,-16],[-62,-71],[-18,-58],[-46,-58],[-43,23]],[[4773,6670],[-154,26],[-62,-5],[-170,41],[5,71],[-52,31]],[[4340,6834],[-44,31],[-140,-7],[-96,34]],[[3968,6453],[69,19],[1,29],[54,-11],[-22,-26],[116,-8],[-8,36],[-87,49],[49,19],[-55,50],[26,82],[45,59],[76,0],[108,83]],[[3913,6331],[0,60],[43,16],[12,46]],[[3968,6453],[-62,10],[21,82],[-138,9],[-54,-32],[-71,23],[-14,39],[-105,-2],[-9,23],[-75,2],[-2,23]],[[3459,6630],[59,40],[20,43],[76,-16],[64,56],[-37,31],[60,98],[74,-17],[-8,47],[55,-7],[68,31]],[[3049,6259],[-65,51],[26,95]],[[3010,6405],[84,43],[49,-29],[66,54],[72,7],[18,-71],[93,-31],[95,2],[19,80],[-58,6],[-48,56],[38,107],[21,1]],[[2951,6613],[74,65],[-1,110],[-31,21],[-1,54],[105,-28],[42,98],[-98,26],[-102,7],[-34,40]],[[2905,7006],[36,36],[-27,54],[39,7],[29,87],[66,-31]],[[3010,6405],[-48,96],[31,42],[-42,70]],[[2905,7006],[-180,14],[-127,33]],[[2598,7053],[25,98],[-54,29],[-73,-10],[8,86],[-117,18]],[[2387,7274],[28,23],[130,23],[59,-17],[24,45],[-8,61],[54,49],[166,3],[9,64],[44,7]],[[2598,7053],[-256,-24],[-34,-46],[13,-80]],[[2321,6903],[-148,-2],[-36,-16],[-26,71]],[[2111,6956],[5,31],[86,24],[10,47],[-117,-6],[-18,35],[-46,4],[-6,71],[32,45]],[[2057,7207],[127,3],[11,39],[35,-15],[48,-71],[112,30],[-3,81]],[[2555,6730],[-1,71],[-74,22],[-159,19],[0,61]],[[2951,6613],[-21,-24],[-279,8],[35,74],[-11,46],[-120,13]],[[2715,6149],[-36,38],[-35,94],[-43,1],[-48,-41],[-72,-17],[-6,87],[-108,1],[-123,-23],[-35,36],[10,87],[64,41],[-47,18],[23,85],[-56,0],[-5,32],[53,47]],[[2251,6635],[2,30],[61,33],[181,-2],[60,34]],[[2153,5962],[-5,80],[51,2],[113,42],[-52,27],[2,35],[-64,15],[-12,57],[-131,21],[-86,-1],[53,56],[-58,-3],[-82,57],[-3,41],[-54,3],[16,34]],[[1841,6428],[50,46],[104,57],[2,74]],[[1997,6605],[122,-2],[40,48],[92,-16]],[[1728,5861],[-7,66],[56,19],[-34,56],[-40,-24],[-73,16],[-33,31],[50,39],[-27,51],[-71,-1],[55,58],[49,8],[-40,68],[74,32],[-15,34],[25,87]],[[1697,6401],[68,32],[76,-5]],[[1482,5691],[-27,19],[0,69],[-62,19],[1,88],[31,28],[-58,6],[-12,31],[-90,50]],[[1265,6001],[65,15],[-26,122],[-75,5],[11,46],[80,12],[57,31],[-37,72],[11,36]],[[1351,6340],[21,19],[185,52],[140,-10]],[[436,5734],[-2,32],[-64,36],[30,74],[-35,10],[6,44],[-53,19],[-41,-25],[-53,47],[-36,-43],[-70,-5],[-106,34],[85,11],[2,64],[76,37],[65,1],[46,42],[53,3],[-13,-39],[35,-19],[53,17],[41,-20],[123,34]],[[578,6088],[47,1],[141,-37],[41,6],[47,-47],[99,2],[21,23],[116,-41],[133,-16],[42,22]],[[578,6088],[64,48],[26,73],[-95,8],[58,39],[41,-32],[52,0],[-46,63],[98,73]],[[776,6360],[31,-46],[70,0],[8,-39],[84,16]],[[969,6291],[1,-36],[-68,-23],[-1,-61]],[[901,6171],[-65,-32],[10,-52],[95,-28],[20,34],[42,-30],[70,17],[2,38],[-48,47]],[[1027,6165],[78,8],[-14,79]],[[1091,6252],[101,17],[5,50],[69,61],[49,-20]],[[1315,6360],[36,-20]],[[901,6171],[107,23],[19,-29]],[[969,6291],[138,34],[-16,-73]],[[776,6360],[72,138],[-70,14],[-103,-31],[-44,23],[20,39],[124,47],[120,-34],[3,87],[50,60],[-21,62]],[[927,6765],[68,3],[70,32],[62,-66],[-57,-24],[29,-75],[72,-5],[10,-41],[151,33],[27,-32],[39,53]],[[1398,6643],[35,-32],[77,-5],[11,-38],[-64,-13],[-50,16],[-83,-10],[1,-44],[-65,-77],[63,-28],[-8,-52]],[[1398,6643],[-22,80],[-27,24],[57,28],[72,-16],[-17,48],[41,33]],[[1502,6840],[142,60],[22,-14]],[[1666,6886],[-37,-56],[59,-138],[58,6],[29,-31],[116,7],[66,-25],[40,-44]],[[1666,6886],[184,3],[35,67]],[[1885,6956],[69,36],[157,-36]],[[563,6890],[78,18],[-6,30],[80,-11],[48,16]],[[763,6943],[108,-33]],[[871,6910],[59,-24],[2,28],[89,5],[100,-43],[8,53],[77,-3],[-2,-47],[118,15],[130,-22],[50,-32]],[[927,6765],[-42,23],[-138,15],[-2,35],[-163,16],[-19,36]],[[871,6910],[111,75],[74,7],[29,75],[167,-20],[42,-43],[86,58],[-59,21],[31,89],[-5,50],[82,43],[119,-9]],[[1548,7256],[61,24]],[[1609,7280],[96,-18],[18,-38],[-42,-29],[-70,16],[-10,-54],[66,2],[-9,-65],[56,-3],[30,-52],[-126,-27],[43,-76],[192,37],[32,-17]],[[1609,7280],[10,75],[69,-12],[65,32],[83,-14],[27,-43],[48,2]],[[1911,7320],[39,-46],[73,-15],[34,-52]],[[1345,7325],[-69,28],[25,39],[54,15],[5,60],[125,15],[55,32],[157,18],[10,14],[154,-1],[-18,22],[-10,103],[82,34],[40,37],[-88,29],[25,23],[104,-17],[40,25],[105,-10],[95,12],[1,-39],[98,-40],[7,-28],[113,-7],[-21,-40]],[[2434,7649],[-3,-72],[-37,-21],[-165,-2],[-64,11],[-171,-15],[-44,-50],[17,-85],[-43,-37],[-13,-58]],[[1548,7256],[-15,52],[-98,0],[-90,17]],[[2434,7649],[105,-1],[29,34],[87,15],[2,115],[134,-2]],[[763,6943],[-24,93],[38,15],[35,57],[128,4],[-21,42],[29,31],[2,78],[81,32]],[[1031,7295],[43,-23],[11,-42],[138,35],[11,42],[110,-2],[1,20]],[[563,6890],[-32,91],[44,14],[14,-33],[39,35],[-60,15],[-8,75],[-97,32],[10,40],[-69,-37],[-34,27],[71,11],[48,39],[38,-35],[-3,56],[96,18],[-7,-27],[75,-3],[17,61],[154,38],[-18,69],[29,12],[39,-48],[125,7],[-3,-52]]],"transform":{"scale":[0.000453670762338332,0.0006884442377918156],"translate":[74.08943956474747,11.560830147424237]}}