{"type":"Topology","objects":{"Uttarkhand.zip":{"type":"GeometryCollection","bbox":[77.56626643534243,28.713061989281332,81.04265802825307,31.478932040701956],"geometries":[{"type":"Polygon","properties":{"ASSEMBLY":"70","ASSEMBLY_1":"KHATIMA","DISTRICT":"UDHAM SINGH NAGAR","PARLIAMENT":"4","P_NAME":"NAINITAL UDHAMSINGH NAGAR","STATE_UT":"UTTARKHAND"},"arcs":[[0,1,2,3,4]]},{"type":"Polygon","properties":{"ASSEMBLY":"69","ASSEMBLY_1":"NANAK MATTA (ST)","DISTRICT":"UDHAM SINGH NAGAR","PARLIAMENT":"4","P_NAME":"NAINITAL UDHAMSINGH NAGAR","STATE_UT":"UTTARKHAND"},"arcs":[[5,6,-4,7]]},{"type":"Polygon","properties":{"ASSEMBLY":"68","ASSEMBLY_1":"SITARGANJ","DISTRICT":"UDHAM SINGH NAGAR","PARLIAMENT":"4","P_NAME":"NAINITAL UDHAMSINGH NAGAR","STATE_UT":"UTTARKHAND"},"arcs":[[8,-6,9,10]]},{"type":"Polygon","properties":{"ASSEMBLY":"67","ASSEMBLY_1":"KICHHA","DISTRICT":"UDHAM SINGH NAGAR","PARLIAMENT":"4","P_NAME":"NAINITAL UDHAMSINGH NAGAR","STATE_UT":"UTTARKHAND"},"arcs":[[11,-11,12,13]]},{"type":"Polygon","properties":{"ASSEMBLY":"66","ASSEMBLY_1":"RUDRAPUR","DISTRICT":"UDHAM SINGH NAGAR","PARLIAMENT":"4","P_NAME":"NAINITAL UDHAMSINGH NAGAR","STATE_UT":"UTTARKHAND"},"arcs":[[14,15,-14,16]]},{"type":"Polygon","properties":{"ASSEMBLY":"65","ASSEMBLY_1":"GADARPUR","DISTRICT":"UDHAM SINGH NAGAR","PARLIAMENT":"4","P_NAME":"NAINITAL UDHAMSINGH NAGAR","STATE_UT":"UTTARKHAND"},"arcs":[[17,18,19,-15,20]]},{"type":"Polygon","properties":{"ASSEMBLY":"64","ASSEMBLY_1":"BAJPUR (SC)","DISTRICT":"UDHAM SINGH NAGAR","PARLIAMENT":"4","P_NAME":"NAINITAL UDHAMSINGH NAGAR","STATE_UT":"UTTARKHAND"},"arcs":[[-18,21,22,23,24]]},{"type":"Polygon","properties":{"ASSEMBLY":"63","ASSEMBLY_1":"KASHIPUR","DISTRICT":"UDHAM SINGH NAGAR","PARLIAMENT":"4","P_NAME":"NAINITAL UDHAMSINGH NAGAR","STATE_UT":"UTTARKHAND"},"arcs":[[25,-23,26,27]]},{"type":"Polygon","properties":{"ASSEMBLY":"62","ASSEMBLY_1":"JASPUR","DISTRICT":"UDHAM SINGH NAGAR","PARLIAMENT":"4","P_NAME":"NAINITAL UDHAMSINGH NAGAR","STATE_UT":"UTTARKHAND"},"arcs":[[-28,28,29]]},{"type":"Polygon","properties":{"ASSEMBLY":"61","ASSEMBLY_1":"RAMNAGAR","DISTRICT":"NAINITAL","PARLIAMENT":"2","P_NAME":"GARHWAL","STATE_UT":"UTTARKHAND"},"arcs":[[30,31,32,33,34,-24,-26,-30,35]]},{"type":"Polygon","properties":{"ASSEMBLY":"60","ASSEMBLY_1":"KALADHUNGI","DISTRICT":"NAINITAL","PARLIAMENT":"4","P_NAME":"NAINITAL UDHAMSINGH NAGAR","STATE_UT":"UTTARKHAND"},"arcs":[[36,37,38,39,40,-19,-25,-35]]},{"type":"Polygon","properties":{"ASSEMBLY":"59","ASSEMBLY_1":"HALDWANI","DISTRICT":"NAINITAL","PARLIAMENT":"4","P_NAME":"NAINITAL UDHAMSINGH NAGAR","STATE_UT":"UTTARKHAND"},"arcs":[[41,-40]]},{"type":"Polygon","properties":{"ASSEMBLY":"58","ASSEMBLY_1":"NAINITAL (SC)","DISTRICT":"NAINITAL","PARLIAMENT":"4","P_NAME":"NAINITAL UDHAMSINGH NAGAR","STATE_UT":"UTTARKHAND"},"arcs":[[42,43,44,-37,-34,45,46,47]]},{"type":"Polygon","properties":{"ASSEMBLY":"57","ASSEMBLY_1":"BHIMTAL","DISTRICT":"NAINITAL","PARLIAMENT":"4","P_NAME":"NAINITAL UDHAMSINGH NAGAR","STATE_UT":"UTTARKHAND"},"arcs":[[-45,48,49,50,51,-38]]},{"type":"Polygon","properties":{"ASSEMBLY":"56","ASSEMBLY_1":"LALKUWA","DISTRICT":"NAINITAL","PARLIAMENT":"4","P_NAME":"NAINITAL UDHAMSINGH NAGAR","STATE_UT":"UTTARKHAND"},"arcs":[[-5,-7,-9,-12,-16,-20,-41,-42,-39,-52,52]]},{"type":"Polygon","properties":{"ASSEMBLY":"55","ASSEMBLY_1":"CHAMPAWAT","DISTRICT":"UDHAM SINGH NAGAR","PARLIAMENT":"3","P_NAME":"ALMORA (SC)","STATE_UT":"UTTARKHAND"},"arcs":[[-2,53,54]]},{"type":"Polygon","properties":{"ASSEMBLY":"55","ASSEMBLY_1":"CHAMPAWAT","DISTRICT":"CHAMPAWAT","PARLIAMENT":"3","P_NAME":"ALMORA (SC)","STATE_UT":"UTTARKHAND"},"arcs":[[-53,-51,55,56,-54,-1]]},{"type":"Polygon","properties":{"ASSEMBLY":"54","ASSEMBLY_1":"LOHAGHAT","DISTRICT":"CHAMPAWAT","PARLIAMENT":"3","P_NAME":"ALMORA (SC)","STATE_UT":"UTTARKHAND"},"arcs":[[57,58,59,60,-56,-50]]},{"type":"Polygon","properties":{"ASSEMBLY":"53","ASSEMBLY_1":"JAGESHWAR","DISTRICT":"ALMORA","PARLIAMENT":"3","P_NAME":"ALMORA (SC)","STATE_UT":"UTTARKHAND"},"arcs":[[61,-58,-49,-44,62]]},{"type":"Polygon","properties":{"ASSEMBLY":"52","ASSEMBLY_1":"ALMORA","DISTRICT":"ALMORA","PARLIAMENT":"3","P_NAME":"ALMORA (SC)","STATE_UT":"UTTARKHAND"},"arcs":[[63,-63,-43,64,65]]},{"type":"Polygon","properties":{"ASSEMBLY":"51","ASSEMBLY_1":"SOMESHWAR (SC)","DISTRICT":"ALMORA","PARLIAMENT":"3","P_NAME":"ALMORA (SC)","STATE_UT":"UTTARKHAND"},"arcs":[[66,67,68,-65,-48]]},{"type":"Polygon","properties":{"ASSEMBLY":"50","ASSEMBLY_1":"RANIKHET","DISTRICT":"ALMORA","PARLIAMENT":"3","P_NAME":"ALMORA (SC)","STATE_UT":"UTTARKHAND"},"arcs":[[-67,-47,69,70]]},{"type":"Polygon","properties":{"ASSEMBLY":"49","ASSEMBLY_1":"SALT","DISTRICT":"ALMORA","PARLIAMENT":"3","P_NAME":"ALMORA (SC)","STATE_UT":"UTTARKHAND"},"arcs":[[71,72,73,74,75,-70,-46,-33]]},{"type":"Polygon","properties":{"ASSEMBLY":"48","ASSEMBLY_1":"DWARAHAT","DISTRICT":"ALMORA","PARLIAMENT":"3","P_NAME":"ALMORA (SC)","STATE_UT":"UTTARKHAND"},"arcs":[[-71,-76,76,77,-68]]},{"type":"Polygon","properties":{"ASSEMBLY":"47","ASSEMBLY_1":"BAGESHWAR (SC)","DISTRICT":"BAGESHWAR","PARLIAMENT":"3","P_NAME":"ALMORA (SC)","STATE_UT":"UTTARKHAND"},"arcs":[[-66,-69,-78,78,79,80,81]]},{"type":"Polygon","properties":{"ASSEMBLY":"46","ASSEMBLY_1":"KAPKOTE","DISTRICT":"BAGESHWAR","PARLIAMENT":"3","P_NAME":"ALMORA (SC)","STATE_UT":"UTTARKHAND"},"arcs":[[82,83,84,-81,85]]},{"type":"Polygon","properties":{"ASSEMBLY":"45","ASSEMBLY_1":"GANGOLIHAT (SC)","DISTRICT":"PITHORAGARH","PARLIAMENT":"3","P_NAME":"ALMORA (SC)","STATE_UT":"UTTARKHAND"},"arcs":[[-82,-85,86,87,88,-59,-62,-64]]},{"type":"Polygon","properties":{"ASSEMBLY":"44","ASSEMBLY_1":"PITHORAGARH","DISTRICT":"PITHORAGARH","PARLIAMENT":"3","P_NAME":"ALMORA (SC)","STATE_UT":"UTTARKHAND"},"arcs":[[-60,-89,89,90]]},{"type":"Polygon","properties":{"ASSEMBLY":"43","ASSEMBLY_1":"DIDIHAT","DISTRICT":"PITHORAGARH","PARLIAMENT":"3","P_NAME":"ALMORA (SC)","STATE_UT":"UTTARKHAND"},"arcs":[[-90,-88,91,92]]},{"type":"Polygon","properties":{"ASSEMBLY":"42","ASSEMBLY_1":"DHARCHULA","DISTRICT":"PITHORAGARH","PARLIAMENT":"3","P_NAME":"ALMORA (SC)","STATE_UT":"UTTARKHAND"},"arcs":[[93,-92,-87,-84,94]]},{"type":"Polygon","properties":{"ASSEMBLY":"41","ASSEMBLY_1":"KOTDWAR","DISTRICT":"GARHWAL","PARLIAMENT":"2","P_NAME":"GARHWAL","STATE_UT":"UTTARKHAND"},"arcs":[[95,96,97,-31]]},{"type":"Polygon","properties":{"ASSEMBLY":"40","ASSEMBLY_1":"LANSDOWNE","DISTRICT":"GARHWAL","PARLIAMENT":"2","P_NAME":"GARHWAL","STATE_UT":"UTTARKHAND"},"arcs":[[-72,-32,-98,98,99]]},{"type":"Polygon","properties":{"ASSEMBLY":"39","ASSEMBLY_1":"CHAUBATTAKHAL","DISTRICT":"GARHWAL","PARLIAMENT":"2","P_NAME":"GARHWAL","STATE_UT":"UTTARKHAND"},"arcs":[[100,-73,-100,101,102]]},{"type":"Polygon","properties":{"ASSEMBLY":"38","ASSEMBLY_1":"SRINAGAR","DISTRICT":"GARHWAL","PARLIAMENT":"2","P_NAME":"GARHWAL","STATE_UT":"UTTARKHAND"},"arcs":[[-74,-101,103,104,105,106,107,108]]},{"type":"Polygon","properties":{"ASSEMBLY":"37","ASSEMBLY_1":"PAURI (SC)","DISTRICT":"GARHWAL","PARLIAMENT":"2","P_NAME":"GARHWAL","STATE_UT":"UTTARKHAND"},"arcs":[[-103,109,110,111,-104]]},{"type":"Polygon","properties":{"ASSEMBLY":"36","ASSEMBLY_1":"YAMKESHWAR","DISTRICT":"GARHWAL","PARLIAMENT":"2","P_NAME":"GARHWAL","STATE_UT":"UTTARKHAND"},"arcs":[[112,113,114,-110,-102,-99,-97,115]]},{"type":"Polygon","properties":{"ASSEMBLY":"35","ASSEMBLY_1":"HARDWAR RURAL","DISTRICT":"HARDWAR","PARLIAMENT":"5","P_NAME":"HARDWAR","STATE_UT":"UTTARKHAND"},"arcs":[[-113,116,117,118,119]]},{"type":"Polygon","properties":{"ASSEMBLY":"34","ASSEMBLY_1":"LAKSAR","DISTRICT":"HARDWAR","PARLIAMENT":"5","P_NAME":"HARDWAR","STATE_UT":"UTTARKHAND"},"arcs":[[-117,120,121,122]]},{"type":"Polygon","properties":{"ASSEMBLY":"33","ASSEMBLY_1":"MANGLORE","DISTRICT":"HARDWAR","PARLIAMENT":"5","P_NAME":"HARDWAR","STATE_UT":"UTTARKHAND"},"arcs":[[123,124,125,126]]},{"type":"Polygon","properties":{"ASSEMBLY":"32","ASSEMBLY_1":"KHANPUR","DISTRICT":"HARDWAR","PARLIAMENT":"5","P_NAME":"HARDWAR","STATE_UT":"UTTARKHAND"},"arcs":[[-124,127,128,129,-122,130]]},{"type":"Polygon","properties":{"ASSEMBLY":"31","ASSEMBLY_1":"ROORKEE","DISTRICT":"HARDWAR","PARLIAMENT":"5","P_NAME":"HARDWAR","STATE_UT":"UTTARKHAND"},"arcs":[[-128,-127,131,132]]},{"type":"Polygon","properties":{"ASSEMBLY":"30","ASSEMBLY_1":"PIRANKALIYAR","DISTRICT":"HARDWAR","PARLIAMENT":"5","P_NAME":"HARDWAR","STATE_UT":"UTTARKHAND"},"arcs":[[-133,133,134,135,-129]]},{"type":"Polygon","properties":{"ASSEMBLY":"29","ASSEMBLY_1":"JHABRERA(SC)","DISTRICT":"HARDWAR","PARLIAMENT":"5","P_NAME":"HARDWAR","STATE_UT":"UTTARKHAND"},"arcs":[[136,-134,-132,-126,137]]},{"type":"Polygon","properties":{"ASSEMBLY":"28","ASSEMBLY_1":"BHAGWANPUR (SC)","DISTRICT":"HARDWAR","PARLIAMENT":"5","P_NAME":"HARDWAR","STATE_UT":"UTTARKHAND"},"arcs":[[-135,-137,138,139]]},{"type":"Polygon","properties":{"ASSEMBLY":"27","ASSEMBLY_1":"JWALAPUR (SC)","DISTRICT":"HARDWAR","PARLIAMENT":"5","P_NAME":"HARDWAR","STATE_UT":"UTTARKHAND"},"arcs":[[140,141,142,143,144,-118,-123,-130,-136,-140]]},{"type":"Polygon","properties":{"ASSEMBLY":"26","ASSEMBLY_1":"BHEL RANIPUR","DISTRICT":"HARDWAR","PARLIAMENT":"5","P_NAME":"HARDWAR","STATE_UT":"UTTARKHAND"},"arcs":[[145,146,147,-119,-145]]},{"type":"Polygon","properties":{"ASSEMBLY":"25","ASSEMBLY_1":"HARDWAR","DISTRICT":"HARDWAR","PARLIAMENT":"5","P_NAME":"HARDWAR","STATE_UT":"UTTARKHAND"},"arcs":[[-148,148,-120]]},{"type":"Polygon","properties":{"ASSEMBLY":"24","ASSEMBLY_1":"RISHIKESH","DISTRICT":"DEHRADUN","PARLIAMENT":"5","P_NAME":"HARDWAR","STATE_UT":"UTTARKHAND"},"arcs":[[149,-114,-149,-147,150]]},{"type":"Polygon","properties":{"ASSEMBLY":"23","ASSEMBLY_1":"DOIWALA","DISTRICT":"DEHRADUN","PARLIAMENT":"5","P_NAME":"HARDWAR","STATE_UT":"UTTARKHAND"},"arcs":[[-144,151,152,153,154,-151,-146]]},{"type":"Polygon","properties":{"ASSEMBLY":"22","ASSEMBLY_1":"MUSSOORIE","DISTRICT":"DEHRADUN","PARLIAMENT":"1","P_NAME":"TEHRI GARHWAL","STATE_UT":"UTTARKHAND"},"arcs":[[155,156,157,158,159]]},{"type":"Polygon","properties":{"ASSEMBLY":"21","ASSEMBLY_1":"DEHRADUN CANTT","DISTRICT":"DEHRADUN","PARLIAMENT":"1","P_NAME":"TEHRI GARHWAL","STATE_UT":"UTTARKHAND"},"arcs":[[160,161,162,-157]]},{"type":"Polygon","properties":{"ASSEMBLY":"20","ASSEMBLY_1":"RAJPUR ROAD (SC)","DISTRICT":"DEHRADUN","PARLIAMENT":"1","P_NAME":"TEHRI GARHWAL","STATE_UT":"UTTARKHAND"},"arcs":[[-156,163,164,-161]]},{"type":"Polygon","properties":{"ASSEMBLY":"19","ASSEMBLY_1":"RAIPUR","DISTRICT":"DEHRADUN","PARLIAMENT":"1","P_NAME":"TEHRI GARHWAL","STATE_UT":"UTTARKHAND"},"arcs":[[165,-164,-160,166,-153]]},{"type":"Polygon","properties":{"ASSEMBLY":"18","ASSEMBLY_1":"DHARAMPUR","DISTRICT":"DEHRADUN","PARLIAMENT":"5","P_NAME":"HARDWAR","STATE_UT":"UTTARKHAND"},"arcs":[[-165,-166,-152,-143,167,-162]]},{"type":"Polygon","properties":{"ASSEMBLY":"17","ASSEMBLY_1":"SAHASPUR","DISTRICT":"DEHRADUN","PARLIAMENT":"1","P_NAME":"TEHRI GARHWAL","STATE_UT":"UTTARKHAND"},"arcs":[[-158,-163,-168,-142,168,169]]},{"type":"Polygon","properties":{"ASSEMBLY":"16","ASSEMBLY_1":"VIKASNAGAR","DISTRICT":"DEHRADUN","PARLIAMENT":"1","P_NAME":"TEHRI GARHWAL","STATE_UT":"UTTARKHAND"},"arcs":[[170,171,-170,172]]},{"type":"Polygon","properties":{"ASSEMBLY":"15","ASSEMBLY_1":"CHAKRATA (ST)","DISTRICT":"DEHRADUN","PARLIAMENT":"1","P_NAME":"TEHRI GARHWAL","STATE_UT":"UTTARKHAND"},"arcs":[[-171,173,174,175]]},{"type":"Polygon","properties":{"ASSEMBLY":"14","ASSEMBLY_1":"DHANOLTI","DISTRICT":"TEHRI GARHWAL","PARLIAMENT":"1","P_NAME":"TEHRI GARHWAL","STATE_UT":"UTTARKHAND"},"arcs":[[176,177,-154,-167,-159,-172,-176,178,179,180]]},{"type":"Polygon","properties":{"ASSEMBLY":"13","ASSEMBLY_1":"TEHRI","DISTRICT":"TEHRI GARHWAL","PARLIAMENT":"1","P_NAME":"TEHRI GARHWAL","STATE_UT":"UTTARKHAND"},"arcs":[[181,182,-177,183,184]]},{"type":"Polygon","properties":{"ASSEMBLY":"12","ASSEMBLY_1":"PRATAPNAGAR","DISTRICT":"TEHRI GARHWAL","PARLIAMENT":"1","P_NAME":"TEHRI GARHWAL","STATE_UT":"UTTARKHAND"},"arcs":[[185,186,-184,-181,187]]},{"type":"Polygon","properties":{"ASSEMBLY":"11","ASSEMBLY_1":"NARENDRANAGAR","DISTRICT":"TEHRI GARHWAL","PARLIAMENT":"2","P_NAME":"GARHWAL","STATE_UT":"UTTARKHAND"},"arcs":[[-178,-183,188,-111,-115,-150,-155]]},{"type":"Polygon","properties":{"ASSEMBLY":"10","ASSEMBLY_1":"DEOPRAYAG","DISTRICT":"TEHRI GARHWAL","PARLIAMENT":"2","P_NAME":"GARHWAL","STATE_UT":"UTTARKHAND"},"arcs":[[-105,-112,-189,-182,189,190]]},{"type":"Polygon","properties":{"ASSEMBLY":"9","ASSEMBLY_1":"GHANSHALI (SC)","DISTRICT":"TEHRI GARHWAL","PARLIAMENT":"1","P_NAME":"TEHRI GARHWAL","STATE_UT":"UTTARKHAND"},"arcs":[[191,-190,-185,-187,192,193]]},{"type":"Polygon","properties":{"ASSEMBLY":"8","ASSEMBLY_1":"RUDRAPRAYAG","DISTRICT":"GARHWAL","PARLIAMENT":"2","P_NAME":"GARHWAL","STATE_UT":"UTTARKHAND"},"arcs":[[-107,194,195]]},{"type":"Polygon","properties":{"ASSEMBLY":"8","ASSEMBLY_1":"RUDRAPRAYAG","DISTRICT":"RUDRAPRAYAG","PARLIAMENT":"2","P_NAME":"GARHWAL","STATE_UT":"UTTARKHAND"},"arcs":[[-192,196,-195,-106,-191]]},{"type":"Polygon","properties":{"ASSEMBLY":"7","ASSEMBLY_1":"KEDARNATH","DISTRICT":"RUDRAPRAYAG","PARLIAMENT":"2","P_NAME":"GARHWAL","STATE_UT":"UTTARKHAND"},"arcs":[[-197,-194,197,198,199,-108,-196]]},{"type":"Polygon","properties":{"ASSEMBLY":"6","ASSEMBLY_1":"KARNPRAYAG","DISTRICT":"CHAMOLI","PARLIAMENT":"2","P_NAME":"GARHWAL","STATE_UT":"UTTARKHAND"},"arcs":[[-200,200,201,-79,-77,-75,-109]]},{"type":"Polygon","properties":{"ASSEMBLY":"5","ASSEMBLY_1":"THARALI (SC)","DISTRICT":"CHAMOLI","PARLIAMENT":"2","P_NAME":"GARHWAL","STATE_UT":"UTTARKHAND"},"arcs":[[-86,-80,-202,202]]},{"type":"Polygon","properties":{"ASSEMBLY":"4","ASSEMBLY_1":"BADRINATH","DISTRICT":"CHAMOLI","PARLIAMENT":"2","P_NAME":"GARHWAL","STATE_UT":"UTTARKHAND"},"arcs":[[-83,-203,-201,-199,203,204,-95]]},{"type":"Polygon","properties":{"ASSEMBLY":"3","ASSEMBLY_1":"GANGOTRI","DISTRICT":"UTTARKASHI","PARLIAMENT":"1","P_NAME":"TEHRI GARHWAL","STATE_UT":"UTTARKHAND"},"arcs":[[-186,205,206,207,-204,-198,-193]]},{"type":"Polygon","properties":{"ASSEMBLY":"2","ASSEMBLY_1":"YAMUNOTRI","DISTRICT":"UTTARKASHI","PARLIAMENT":"1","P_NAME":"TEHRI GARHWAL","STATE_UT":"UTTARKHAND"},"arcs":[[-188,-180,208,-206]]},{"type":"Polygon","properties":{"ASSEMBLY":"1","ASSEMBLY_1":"PUROLA (SC)","DISTRICT":"UTTARKASHI","PARLIAMENT":"1","P_NAME":"TEHRI GARHWAL","STATE_UT":"UTTARKHAND"},"arcs":[[209,-207,-209,-179,-175]]}]}},"arcs":[[[6939,1245],[148,81]],[[7087,1326],[69,-249],[29,-221],[53,-55]],[[7238,801],[-30,-98],[21,-270],[-95,-127],[44,-62],[-77,-165],[-73,-74],[-170,33],[-49,140],[-207,157],[89,29],[-50,100],[-84,2],[-26,-118],[-92,-25],[51,101],[3,141]],[[6493,565],[125,105],[83,-188],[66,-21],[55,89],[147,0],[17,170],[-166,136],[-138,40],[-78,-19],[56,105]],[[6660,982],[63,38],[59,149],[157,76]],[[6159,546],[-30,141],[108,89],[-30,56],[45,148],[-57,62],[-42,170]],[[6153,1212],[148,-70],[163,-7],[29,-132],[142,83],[25,-104]],[[6493,565],[-81,72],[-179,-41],[-74,-50]],[[5887,1237],[77,4],[59,85],[130,-114]],[[6159,546],[-93,-66],[-101,68],[-203,-66],[-15,147]],[[5747,629],[40,50],[-21,117],[-71,58],[38,137],[-22,78],[165,118],[11,50]],[[5380,1233],[507,4]],[[5747,629],[-102,-99],[-278,-27],[-44,107],[20,157]],[[5343,767],[68,71],[-58,41],[53,287],[-26,67]],[[4869,1047],[64,35],[-22,97],[122,114],[96,-54],[212,-2]],[[5341,1237],[39,-4]],[[5343,767],[-138,89],[-171,2],[-165,189]],[[4524,1507],[31,54],[113,-29],[23,46],[208,22],[19,77]],[[4918,1677],[300,-310]],[[5218,1367],[123,-130]],[[4869,1047],[-97,80],[-102,-47],[-10,128],[-87,111],[22,137],[-71,51]],[[4524,1507],[-207,73],[-34,60],[-73,-116],[64,-33],[-87,-50],[-79,160],[-143,-13]],[[3965,1588],[327,254],[-18,137]],[[4274,1979],[99,35],[93,-41],[86,64]],[[4552,2037],[245,-97],[143,-27],[-86,-147],[64,-89]],[[4165,2192],[62,-33],[-32,-77],[79,-103]],[[3965,1588],[-26,-29],[-117,312]],[[3822,1871],[77,35],[127,-39],[39,56],[6,161],[94,108]],[[3822,1871],[-68,97],[-105,-37],[-158,124],[-91,110],[87,118],[117,-40],[37,151],[51,-43]],[[3692,2351],[141,-70],[95,-2],[164,-122],[73,35]],[[3885,2671],[89,79],[44,190],[131,89],[4,60]],[[4153,3089],[101,74]],[[4254,3163],[126,-27],[91,-109],[90,12],[109,-72]],[[4670,2967],[91,-153],[230,-105],[-41,-184]],[[4950,2525],[-83,-25],[-128,-141],[-103,-64],[-84,-258]],[[3692,2351],[169,149],[24,171]],[[4950,2525],[167,-1],[71,-157],[-27,-43],[-1,-200],[63,-21],[132,72],[195,-101],[195,-17]],[[5745,2057],[19,-57]],[[5764,2000],[-141,-83],[66,-101]],[[5689,1816],[-158,-31],[63,-170]],[[5594,1615],[-83,-134],[-171,-91],[-122,-23]],[[5689,1816],[57,-102],[-63,-99],[-89,0]],[[5715,3041],[93,-33],[109,50],[139,-52],[55,-66]],[[6111,2940],[0,-60]],[[6111,2880],[-110,-60],[-60,41],[-140,-30],[-7,-182],[-66,-168],[58,-74],[39,-155],[-59,-62],[-21,-133]],[[4670,2967],[121,-35],[190,233]],[[4981,3165],[147,87],[111,-76],[199,-246],[152,-73],[62,75]],[[5652,2932],[63,109]],[[6111,2880],[24,-116],[153,-153],[73,62],[169,-76],[67,29]],[[6597,2626],[-51,-124],[69,-110],[98,-6],[23,-74],[-83,-13],[-37,-111],[-108,99],[-62,-23],[55,-99],[-6,-116],[126,-8],[121,-87],[68,-147],[-45,-45]],[[6765,1762],[-86,-145]],[[6679,1617],[-157,4],[-135,137],[-79,-62],[-110,31],[-133,142],[-98,-2],[-95,106],[-108,27]],[[6679,1617],[63,-83],[200,-45],[-34,-178],[31,-66]],[[7087,1326],[101,37],[35,-44],[37,178],[234,-29]],[[7494,1468],[-73,-132],[-47,-337],[-54,-15],[-82,-183]],[[6765,1762],[119,-21],[-66,151],[18,114],[72,20],[-54,135],[50,27],[44,138],[257,91],[114,-76],[98,14],[50,-52],[165,-62],[56,-115],[90,-31],[46,88],[117,-24]],[[7941,2159],[-62,-250],[17,-120],[-143,58],[53,-273],[-91,-91],[-144,53],[-77,-68]],[[6597,2626],[100,173],[213,-24],[159,56],[160,105]],[[7229,2936],[40,2]],[[7269,2938],[115,-56],[70,-122],[275,-109]],[[7729,2651],[7,-120],[84,-50],[23,-182],[98,-140]],[[6904,3432],[69,-132],[75,-261],[100,-18],[81,-85]],[[6111,2940],[289,130],[97,17],[7,83],[-137,-46],[-96,35],[-1,85],[144,-54],[102,149],[271,95],[23,-54],[94,52]],[[6722,3595],[172,-82],[10,-81]],[[5715,3041],[0,98],[115,39],[26,83],[-142,55],[223,-31],[81,42],[39,204],[121,46],[68,-93],[51,66]],[[6297,3550],[171,-8],[61,66],[122,-75],[71,62]],[[5652,2932],[-41,37],[-9,139],[-62,138],[9,203],[-112,22],[-31,124]],[[5406,3595],[123,-8],[78,75],[-1,165],[33,83],[76,18],[5,99],[-51,147]],[[5669,4174],[117,-72],[149,-2],[72,-93],[125,37],[86,-70],[-91,-133],[149,-200],[21,-91]],[[4981,3165],[-11,147],[-61,139],[58,155],[-1,115],[-52,168]],[[4914,3889],[30,54],[132,41],[29,-174],[105,-10],[30,-130],[166,-75]],[[4254,3163],[73,7],[25,113],[150,362],[-24,176],[24,151],[-56,101]],[[4446,4073],[-97,89],[37,87]],[[4386,4249],[233,113],[44,-25],[48,131],[95,10],[-4,110]],[[4802,4588],[169,-93],[-2,-91]],[[4969,4404],[-37,-29],[58,-124],[-74,-151],[-2,-211]],[[4969,4404],[116,10],[4,122],[47,16],[87,-146],[159,37],[114,167]],[[5496,4610],[121,-182],[-48,-159],[100,-95]],[[5496,4610],[50,149]],[[5546,4759],[162,-103],[212,89],[91,-19]],[[6011,4726],[-3,-118],[113,4],[189,-144],[85,-180],[94,78],[3,-328],[59,-91],[165,-25]],[[6716,3922],[-110,-87],[-88,52],[23,-118],[106,-39],[75,-135]],[[6440,5704],[118,18],[93,-72],[175,104],[118,-9],[51,75]],[[6995,5820],[104,-7],[115,-121],[53,-183],[90,-16],[-37,-289],[-59,-114],[2,-192],[-40,-131],[75,-210],[133,-94],[46,-115],[-27,-50]],[[7450,4298],[-107,31],[-63,-60],[-97,52],[-127,-60],[-2,-118],[-103,-10],[118,-68],[63,-141],[-169,-120],[-133,29],[-11,79],[-103,10]],[[6011,4726],[139,-43],[225,4],[109,68],[42,122],[-119,79],[-67,214],[49,154],[111,161],[-60,219]],[[7450,4298],[29,-206]],[[7479,4092],[-91,-131],[-17,-176],[34,-117],[-33,-69],[50,-167]],[[7422,3432],[-140,-231],[-13,-263]],[[7422,3432],[91,39],[109,-16],[34,-168],[188,-107],[82,10],[24,-142],[70,-46]],[[8020,3002],[11,-83],[-141,-105],[-60,-105],[-101,-58]],[[7479,4092],[121,29],[34,92],[100,-68],[17,75],[144,-9],[144,-210],[-4,-234],[45,-31]],[[8080,3736],[73,-258],[85,-120],[-77,-236],[-141,-120]],[[7300,7542],[49,-44],[161,120],[88,-176],[93,6],[42,-90],[-49,-160],[-113,-101],[81,-89],[6,-229],[85,-62],[107,33],[260,-174],[91,17],[67,-93],[190,-60],[105,-128],[114,126],[78,-23],[393,-294],[129,-219],[198,-132],[423,-143],[74,-76],[27,-165],[-299,-75],[-102,145],[-99,-159],[20,-151],[-94,-104],[-94,-33],[-132,-165],[-51,-159],[-65,-10],[-113,-141],[-151,12],[-82,-37],[-78,-110],[4,-101],[-55,-151],[-153,-149],[-12,-59],[-169,33],[-80,-56],[-21,-108],[-93,-72]],[[6995,5820],[16,182],[112,144],[-4,133],[-116,355],[129,232],[-22,122],[-135,186],[-21,70],[163,101],[190,-37],[-38,130],[31,104]],[[3885,2671],[-317,69],[-134,105],[-132,14],[-155,139],[-181,118],[-188,254],[-11,145],[-57,182],[-218,111]],[[2492,3808],[49,124],[132,-103],[68,12],[55,-93],[155,-24],[132,105]],[[3083,3829],[-1,-333],[168,-52],[227,-144],[159,-27],[169,78],[145,-2],[203,-260]],[[3083,3829],[90,128],[89,21],[6,357]],[[3268,4335],[199,-91],[6,-107],[140,-81],[126,21],[114,-58],[535,19],[58,35]],[[3730,4850],[31,-39],[114,207],[160,-224],[-3,95],[131,13],[-36,-120],[-75,-97],[37,-253],[83,-12],[29,-72],[185,-99]],[[3268,4335],[-57,110],[-180,-10],[-91,103],[191,29]],[[3131,4567],[189,-188],[88,10],[138,197],[117,95],[67,169]],[[3730,4850],[5,122],[-85,46],[-6,144],[-69,147],[-128,50],[-11,84]],[[3436,5443],[98,56],[311,95]],[[3845,5594],[31,-37]],[[3876,5557],[26,-161],[-63,-77],[62,-78],[196,68],[174,149]],[[4271,5458],[102,8]],[[4373,5466],[179,-198],[-15,-159],[130,-94],[64,-101],[-44,-99],[84,-64],[31,-163]],[[3131,4567],[-13,114],[-126,204]],[[2992,4885],[-45,147],[39,174]],[[2986,5206],[54,6],[20,109],[74,98],[96,41],[23,76],[75,0],[108,-93]],[[2259,3893],[-74,240],[-133,120],[6,99],[-233,95]],[[1825,4447],[116,176],[-16,87],[171,204],[68,145]],[[2164,5059],[89,78],[83,-53],[121,60],[65,-83],[1,-93],[134,-107],[55,72],[33,-71],[56,65],[166,-77],[25,35]],[[2492,3808],[-233,85]],[[2259,3893],[-227,-213],[-266,-16],[-44,68],[-176,-50],[21,85],[-111,116],[33,70],[-105,25]],[[1384,3978],[61,47],[-21,83],[70,64],[7,101]],[[1501,4273],[73,52],[50,-43],[115,12]],[[1739,4294],[86,153]],[[2259,3893],[-83,-140],[-205,-195],[-109,21],[-80,-112],[-78,-12],[-71,-112]],[[1633,3343],[-62,10],[-212,284],[-103,31],[-103,151],[53,130]],[[1206,3949],[111,-77],[67,106]],[[977,3883],[193,-217],[-7,-108]],[[1163,3558],[-103,21],[-134,-48],[-143,-107],[-92,60],[24,43]],[[715,3527],[45,89],[112,41],[-57,81],[74,122],[6,87]],[[895,3947],[82,-64]],[[977,3883],[-9,142],[89,108]],[[1057,4133],[126,-83]],[[1183,4050],[23,-101]],[[1633,3343],[-104,-167],[-121,-68],[1,-102],[-174,40],[23,74],[-92,0],[-9,103],[78,4],[1,102],[-92,163],[19,66]],[[895,3947],[11,140]],[[906,4087],[37,29],[23,170],[96,-35],[-5,-118]],[[906,4087],[22,93],[-52,160]],[[876,4340],[41,103]],[[917,4443],[172,47],[77,-99],[152,-68],[22,-147],[-93,-31],[-64,-95]],[[543,4005],[97,45],[78,234],[110,-4],[48,60]],[[715,3527],[-116,64],[20,252],[-76,162]],[[543,4005],[-104,136],[85,166],[-40,70],[73,142],[-41,56],[103,190]],[[619,4765],[151,-70],[103,54],[59,-37],[-15,-269]],[[619,4765],[-22,38],[82,181],[83,-35],[239,356],[99,213]],[[1100,5518],[5,10]],[[1105,5528],[193,-295]],[[1298,5233],[111,-240]],[[1409,4993],[-74,-89],[-65,12],[-116,-149],[119,-14],[-10,-75],[91,-119],[-32,-29],[77,-145],[102,-112]],[[1409,4993],[62,-77]],[[1471,4916],[5,-115],[62,-92],[114,-61],[99,-184]],[[1751,4464],[-79,-114],[67,-56]],[[1751,4464],[74,-17]],[[2085,5102],[79,-43]],[[1471,4916],[146,166],[94,60],[21,-102],[106,-4],[134,-167],[45,10],[68,223]],[[1298,5233],[94,97],[-77,37],[-32,114],[21,111],[93,83],[12,-91],[73,176]],[[1482,5760],[-3,-100],[54,-76],[93,134],[129,-16],[72,49]],[[1827,5751],[34,25],[216,-80]],[[2077,5696],[48,-164],[-149,-144],[-21,-106],[47,-116],[83,-64]],[[1523,5956],[-94,77],[-100,-85]],[[1329,5948],[-124,-126]],[[1205,5822],[-79,-27],[19,91],[134,51],[58,102],[-117,291]],[[1220,6330],[175,64],[159,-8],[185,-103],[183,-50],[40,-60],[-230,-132]],[[1732,6041],[-121,45],[-88,-130]],[[1329,5948],[-4,-122]],[[1325,5826],[-102,-29]],[[1223,5797],[-18,25]],[[1523,5956],[-59,-41],[-1,-110]],[[1463,5805],[-138,21]],[[1482,5760],[-19,45]],[[1732,6041],[-61,-68],[22,-151],[134,-71]],[[1105,5528],[21,196],[97,73]],[[1100,5518],[-381,176],[-270,155],[-116,171],[-118,89],[-215,-19],[109,122],[86,-6]],[[195,6206],[133,-21],[231,-122],[23,34],[137,-37],[81,150],[174,52],[93,128],[153,-60]],[[711,6483],[217,39],[45,85],[43,-93],[71,-12]],[[1087,6502],[133,-172]],[[195,6206],[418,244],[98,33]],[[711,6483],[13,172],[-158,35],[-67,136],[78,-10],[41,87],[-19,134],[-102,75],[21,91],[-139,130],[30,120],[109,210],[0,151],[138,-72],[-3,248]],[[653,7990],[305,106],[74,62],[127,22],[86,-78],[68,-153],[-131,-87],[63,-219],[94,-149],[104,-99],[69,-145],[-51,-169],[-94,-108],[-74,13],[7,-122]],[[1300,6864],[4,-81],[-100,-178],[-1,-120],[-116,17]],[[2208,6140],[42,-165],[-69,-95],[26,-108]],[[2207,5772],[-130,-76]],[[1300,6864],[96,-54],[113,120],[115,25],[95,-29]],[[1719,6926],[23,-139],[118,-45],[102,97],[112,20],[59,-88],[-36,-125],[148,36],[49,-124],[136,-131]],[[2430,6427],[-87,-8],[-135,-279]],[[3048,5906],[-70,-155],[-147,48],[-173,-54],[6,-72]],[[2664,5673],[-207,37],[-73,62],[-177,0]],[[2208,6140],[394,6],[35,-122],[108,40],[97,-25],[116,43]],[[2958,6082],[88,-76],[2,-100]],[[2563,6884],[94,42],[83,-116],[-38,-50],[-2,-176],[137,-2]],[[2837,6582],[41,-206],[73,-17],[90,-118],[-2,-91],[-81,-68]],[[2430,6427],[145,186],[-44,176],[32,95]],[[2664,5673],[60,-122],[130,-54],[-1,-87],[118,-126],[15,-78]],[[3048,5906],[105,7],[103,128],[334,-108],[93,23]],[[3683,5956],[59,-39],[-3,-155],[106,-168]],[[3883,6954],[-147,-293],[31,-130],[-132,-110],[73,-93],[-17,-118],[-78,-93],[61,-31],[9,-130]],[[2837,6582],[10,149],[131,201],[17,231],[176,2],[53,79],[127,70],[81,-72],[165,39],[126,122],[17,228],[-28,113],[78,103],[123,5],[71,-79],[154,21],[95,-201]],[[4233,7593],[-41,-194],[-251,-124],[-46,-103],[-12,-218]],[[3876,5557],[26,54],[189,97]],[[4091,5708],[179,87],[134,-41],[-120,-145],[-13,-151]],[[3883,6954],[122,-155],[78,-29],[16,-101],[70,-58],[20,-281],[127,-130],[-92,4],[-30,-138],[-108,-64],[-25,-160],[30,-134]],[[4233,7593],[98,-23],[71,-86],[102,-17],[46,-78],[70,28],[95,-80],[232,-29]],[[4947,7308],[55,-35],[18,-141],[130,-95],[16,-87],[-62,-118],[-79,-8],[-30,-113],[-96,20],[-98,-159],[-17,-120],[-74,-41],[-86,-124],[-4,-209],[-46,-35]],[[4574,6043],[-113,12],[43,-124],[95,-60],[-54,-159],[-56,15],[-116,-261]],[[4574,6043],[72,-165],[86,-60],[224,192]],[[4956,6010],[250,-209],[-26,-120],[-66,-14],[-14,-222],[70,-53],[-112,-248],[35,-50],[402,-262],[51,-73]],[[4956,6010],[52,64],[39,-64],[308,-70],[452,-46],[177,-2],[74,33],[251,6],[21,-130],[110,-97]],[[4947,7308],[28,89],[-62,52],[-126,196],[51,31],[95,205],[22,186],[-55,56],[93,74],[90,8],[-52,134],[142,93],[134,145]],[[5307,8577],[47,-23],[12,-130],[242,17],[113,-178],[-14,-68],[167,-112],[171,103],[13,56],[114,-14],[150,91],[182,-104],[132,7],[64,-193],[109,-124],[83,-1],[287,-172],[121,-190]],[[2563,6884],[-63,71],[-187,84],[-11,145],[-76,27],[-96,244],[32,115],[75,17],[9,77],[112,47],[5,81],[78,68],[83,-13],[182,65],[214,161],[-64,213]],[[2856,8286],[80,177],[-105,170],[79,124],[22,145],[133,190]],[[3065,9092],[135,-87],[257,-29],[132,40],[68,-209],[178,-157],[92,47],[86,-41],[157,49],[-73,234],[-74,39],[-31,106],[-72,41],[37,333],[40,62],[152,74],[48,141],[78,101],[39,155],[234,-112],[266,-429],[78,-85],[-41,-157],[83,-31],[74,-180],[-11,-93],[70,-108],[202,-70],[38,-149]],[[1719,6926],[50,213],[133,68],[17,167],[-210,-16],[-74,211],[68,68],[-100,24],[-26,67],[110,47],[176,-93],[-63,163],[31,92],[-96,24],[64,101],[138,-95],[76,23],[73,190],[172,118],[130,135],[261,-48],[46,-83],[161,-16]],[[653,7990],[-122,-18],[-21,148],[49,50],[126,-76],[39,287],[-24,89],[100,84],[27,108],[85,49],[23,110],[87,4],[122,79],[44,-50],[143,-25],[39,98],[183,27],[162,140],[116,-33],[131,47],[107,133],[70,-19],[15,81],[168,12],[72,-35],[48,-122],[62,46],[137,-141],[11,-62],[194,12],[84,100],[135,-21]]],"transform":{"scale":[0.0003476739266837328,0.00027661466660872325],"translate":[77.56626643534243,28.713061989281332]}}