{"type":"Topology","objects":{"Bihar":{"type":"GeometryCollection","bbox":[83.31607055664091,24.287040710449332,88.2919158935548,27.850715637207315],"geometries":[{"type":"Polygon","properties":{"state":"Bihar","pc":"1","pc_name":"Valmiki Nagar","ac":"1","ac_name":"Valmiki Nagar"},"arcs":[[0,1,2,3,4]]},{"type":"Polygon","properties":{"state":"Bihar","pc":"1","pc_name":"Valmiki Nagar","ac":"2","ac_name":"Ramnagar (SC)"},"arcs":[[-1,5,6,7,8]]},{"type":"Polygon","properties":{"state":"Bihar","pc":"1","pc_name":"Valmiki Nagar","ac":"3","ac_name":"Narkatiaganj"},"arcs":[[-8,9,10,11]]},{"type":"Polygon","properties":{"state":"Bihar","pc":"1","pc_name":"Valmiki Nagar","ac":"4","ac_name":"Bagaha"},"arcs":[[-9,-12,12,-2]]},{"type":"Polygon","properties":{"state":"Bihar","pc":"1","pc_name":"Valmiki Nagar","ac":"5","ac_name":"Lauriya"},"arcs":[[-11,13,14,15,-3,-13]]},{"type":"Polygon","properties":{"state":"Bihar","pc":"2","pc_name":"Paschim Champaran","ac":"6","ac_name":"Nautan"},"arcs":[[-4,-16,16,17,18,19,20,21]]},{"type":"Polygon","properties":{"state":"Bihar","pc":"2","pc_name":"Paschim Champaran","ac":"7","ac_name":"Chanpatia"},"arcs":[[22,23,24,-17,-15,25]]},{"type":"Polygon","properties":{"state":"Bihar","pc":"2","pc_name":"Paschim Champaran","ac":"8","ac_name":"Bettiah"},"arcs":[[-25,26,27,-18]]},{"type":"Polygon","properties":{"state":"Bihar","pc":"1","pc_name":"Valmiki Nagar","ac":"9","ac_name":"Sikta"},"arcs":[[-7,28,29,-26,-14,-10]]},{"type":"Polygon","properties":{"state":"Bihar","pc":"2","pc_name":"Paschim Champaran","ac":"10","ac_name":"Raxaul"},"arcs":[[-23,-30,30,31,32]]},{"type":"Polygon","properties":{"state":"Bihar","pc":"2","pc_name":"Paschim Champaran","ac":"11","ac_name":"Sugauli"},"arcs":[[33,-27,-24,-33,34,35]]},{"type":"Polygon","properties":{"state":"Bihar","pc":"2","pc_name":"Paschim Champaran","ac":"12","ac_name":"Narkatia"},"arcs":[[-32,36,37,38,39,40,-35]]},{"type":"Polygon","properties":{"state":"Bihar","pc":"3","pc_name":"Purvi Champaran","ac":"13","ac_name":"Harsidhi (SC)"},"arcs":[[41,42,-36,-41,43,44]]},{"type":"Polygon","properties":{"state":"Bihar","pc":"3","pc_name":"Purvi Champaran","ac":"14","ac_name":"Govindganj"},"arcs":[[-34,-43,45,46,47,48,-19,-28]]},{"type":"Polygon","properties":{"state":"Bihar","pc":"3","pc_name":"Purvi Champaran","ac":"15","ac_name":"Kesaria"},"arcs":[[-42,49,50,51,-46]]},{"type":"Polygon","properties":{"state":"Bihar","pc":"23","pc_name":"Samastipur","ac":"16","ac_name":"Kalyanpur"},"arcs":[[52,53,54,55,-50,-45]]},{"type":"Polygon","properties":{"state":"Bihar","pc":"8","pc_name":"Supaul","ac":"17","ac_name":"Pipra"},"arcs":[[56,57,58,59,-54,60,61]]},{"type":"Polygon","properties":{"state":"Bihar","pc":"4","pc_name":"Sheohar","ac":"18","ac_name":"Madhuban"},"arcs":[[62,63,64,-62]]},{"type":"Polygon","properties":{"state":"Bihar","pc":"3","pc_name":"Purvi Champaran","ac":"19","ac_name":"Motihari"},"arcs":[[-53,-44,-40,65,-63,-61]]},{"type":"Polygon","properties":{"state":"Bihar","pc":"4","pc_name":"Sheohar","ac":"20","ac_name":"Chiraia"},"arcs":[[-39,66,67,68,-64,-66]]},{"type":"Polygon","properties":{"state":"Bihar","pc":"4","pc_name":"Sheohar","ac":"21","ac_name":"Dhaka"},"arcs":[[69,70,-67,-38]]},{"type":"Polygon","properties":{"state":"Bihar","pc":"4","pc_name":"Sheohar","ac":"22","ac_name":"Sheohar"},"arcs":[[71,72,-57,-65,-69]]},{"type":"Polygon","properties":{"state":"Bihar","pc":"4","pc_name":"Sheohar","ac":"23","ac_name":"Riga"},"arcs":[[-68,-71,73,74,75,76,-72]]},{"type":"Polygon","properties":{"state":"Bihar","pc":"5","pc_name":"Sitamarhi","ac":"24","ac_name":"Bathnaha (SC)"},"arcs":[[77,78,79,80,81,-75]]},{"type":"Polygon","properties":{"state":"Bihar","pc":"5","pc_name":"Sitamarhi","ac":"25","ac_name":"Parihar"},"arcs":[[-79,82,83]]},{"type":"Polygon","properties":{"state":"Bihar","pc":"5","pc_name":"Sitamarhi","ac":"26","ac_name":"Sursand"},"arcs":[[84,85,-80,-84,86,87,88]]},{"type":"Polygon","properties":{"state":"Bihar","pc":"5","pc_name":"Sitamarhi","ac":"27","ac_name":"Bajpatti"},"arcs":[[-81,-86,89,90,91,92]]},{"type":"Polygon","properties":{"state":"Bihar","pc":"5","pc_name":"Sitamarhi","ac":"28","ac_name":"Sitamarhi"},"arcs":[[-82,-93,93,94,-76]]},{"type":"Polygon","properties":{"state":"Bihar","pc":"5","pc_name":"Sitamarhi","ac":"29","ac_name":"Runnisaidpur"},"arcs":[[-94,-92,95,96,97]]},{"type":"Polygon","properties":{"state":"Bihar","pc":"4","pc_name":"Sheohar","ac":"30","ac_name":"Belsand"},"arcs":[[-77,-95,-98,98,-58,-73]]},{"type":"Polygon","properties":{"state":"Bihar","pc":"6","pc_name":"Madhubani","ac":"31","ac_name":"Harlakhi"},"arcs":[[99,100,-88,101]]},{"type":"Polygon","properties":{"state":"Bihar","pc":"6","pc_name":"Madhubani","ac":"32","ac_name":"Benipatti"},"arcs":[[-89,-101,102,103,104,105]]},{"type":"Polygon","properties":{"state":"Bihar","pc":"7","pc_name":"Jhanjharpur","ac":"33","ac_name":"Khajauli"},"arcs":[[-100,106,107,108,-103]]},{"type":"Polygon","properties":{"state":"Bihar","pc":"7","pc_name":"Jhanjharpur","ac":"34","ac_name":"Babubarhi"},"arcs":[[-108,109,110,111]]},{"type":"Polygon","properties":{"state":"Bihar","pc":"6","pc_name":"Madhubani","ac":"35","ac_name":"Bisfi"},"arcs":[[-105,112,113,114,115]]},{"type":"Polygon","properties":{"state":"Bihar","pc":"6","pc_name":"Madhubani","ac":"36","ac_name":"Madhubani"},"arcs":[[116,-114,117,118,119]]},{"type":"Polygon","properties":{"state":"Bihar","pc":"7","pc_name":"Jhanjharpur","ac":"37","ac_name":"Rajnagar (SC)"},"arcs":[[-109,-112,120,121,122,-118,-113,-104]]},{"type":"Polygon","properties":{"state":"Bihar","pc":"7","pc_name":"Jhanjharpur","ac":"38","ac_name":"Jhanjharpur"},"arcs":[[123,124,125,-119,-123,126]]},{"type":"Polygon","properties":{"state":"Bihar","pc":"7","pc_name":"Jhanjharpur","ac":"39","ac_name":"Phulparas"},"arcs":[[127,128,129,130,131,-127,-122]]},{"type":"Polygon","properties":{"state":"Bihar","pc":"7","pc_name":"Jhanjharpur","ac":"40","ac_name":"Laukaha"},"arcs":[[-111,132,133,-128,-121]]},{"type":"Polygon","properties":{"state":"Bihar","pc":"8","pc_name":"Supaul","ac":"41","ac_name":"Nirmali"},"arcs":[[134,135,136,137,138,-129,-134]]},{"type":"Polygon","properties":{"state":"Bihar","pc":"8","pc_name":"Supaul","ac":"42","ac_name":"Pipra"},"arcs":[[-138,139,140,141,142]]},{"type":"Polygon","properties":{"state":"Bihar","pc":"8","pc_name":"Supaul","ac":"43","ac_name":"Supaul"},"arcs":[[-139,-143,143,144,-130]]},{"type":"Polygon","properties":{"state":"Bihar","pc":"8","pc_name":"Supaul","ac":"44","ac_name":"Triveniganj (SC)"},"arcs":[[-137,145,146,147,-140]]},{"type":"Polygon","properties":{"state":"Bihar","pc":"8","pc_name":"Supaul","ac":"45","ac_name":"Chhatapur"},"arcs":[[-136,148,149,-146]]},{"type":"Polygon","properties":{"state":"Bihar","pc":"9","pc_name":"Araria","ac":"46","ac_name":"Narpatganj"},"arcs":[[150,151,152,-147,-150,153]]},{"type":"Polygon","properties":{"state":"Bihar","pc":"9","pc_name":"Araria","ac":"47","ac_name":"Raniganj (SC)"},"arcs":[[154,155,156,-152,157,158]]},{"type":"Polygon","properties":{"state":"Bihar","pc":"9","pc_name":"Araria","ac":"48","ac_name":"Forbesganj"},"arcs":[[159,160,161,-158,-151]]},{"type":"Polygon","properties":{"state":"Bihar","pc":"9","pc_name":"Araria","ac":"49","ac_name":"Araria"},"arcs":[[-159,-162,162,163,164]]},{"type":"Polygon","properties":{"state":"Bihar","pc":"9","pc_name":"Araria","ac":"50","ac_name":"Jokihat"},"arcs":[[165,166,167,168,169,-164]]},{"type":"Polygon","properties":{"state":"Bihar","pc":"9","pc_name":"Araria","ac":"51","ac_name":"Sikti"},"arcs":[[170,171,-166,-163,-161]]},{"type":"Polygon","properties":{"state":"Bihar","pc":"10","pc_name":"Kishanganj","ac":"52","ac_name":"Bahadurganj"},"arcs":[[172,173,-167,-172,174,175]]},{"type":"Polygon","properties":{"state":"Bihar","pc":"10","pc_name":"Kishanganj","ac":"53","ac_name":"Thakurganj"},"arcs":[[176,177,-176]]},{"type":"Polygon","properties":{"state":"Bihar","pc":"10","pc_name":"Kishanganj","ac":"54","ac_name":"Kishanganj"},"arcs":[[-173,-178,178,179]]},{"type":"Polygon","properties":{"state":"Bihar","pc":"10","pc_name":"Kishanganj","ac":"55","ac_name":"Kochadhaman"},"arcs":[[180,181,-168,-174,-180]]},{"type":"Polygon","properties":{"state":"Bihar","pc":"10","pc_name":"Kishanganj","ac":"56","ac_name":"Amour"},"arcs":[[182,183,184,-169,-182]]},{"type":"Polygon","properties":{"state":"Bihar","pc":"10","pc_name":"Kishanganj","ac":"57","ac_name":"Baisi"},"arcs":[[185,186,187,188,189,-184]]},{"type":"Polygon","properties":{"state":"Bihar","pc":"12","pc_name":"Purnia","ac":"58","ac_name":"Kasba"},"arcs":[[190,191,192,-155,-165,-170,-185,-190,193]]},{"type":"Polygon","properties":{"state":"Bihar","pc":"12","pc_name":"Purnia","ac":"59","ac_name":"Banmankhi (SC)"},"arcs":[[-156,-193,194,195,196,197]]},{"type":"Polygon","properties":{"state":"Bihar","pc":"12","pc_name":"Purnia","ac":"60","ac_name":"Rupauli"},"arcs":[[-196,198,199,200,201,202,203]]},{"type":"Polygon","properties":{"state":"Bihar","pc":"12","pc_name":"Purnia","ac":"61","ac_name":"Dhamdaha"},"arcs":[[-195,-192,204,-199]]},{"type":"Polygon","properties":{"state":"Bihar","pc":"12","pc_name":"Purnia","ac":"62","ac_name":"Purnia"},"arcs":[[-194,-189,205,206,207]]},{"type":"Polygon","properties":{"state":"Bihar","pc":"11","pc_name":"Katihar","ac":"63","ac_name":"Katihar"},"arcs":[[-207,208,209,210,211,212]]},{"type":"Polygon","properties":{"state":"Bihar","pc":"11","pc_name":"Katihar","ac":"64","ac_name":"Kadwa"},"arcs":[[-188,213,214,-209,-206]]},{"type":"Polygon","properties":{"state":"Bihar","pc":"11","pc_name":"Katihar","ac":"65","ac_name":"Balrampur"},"arcs":[[-187,215,216,-214]]},{"type":"Polygon","properties":{"state":"Bihar","pc":"11","pc_name":"Katihar","ac":"66","ac_name":"Pranpur"},"arcs":[[-215,-217,217,218,-210]]},{"type":"Polygon","properties":{"state":"Bihar","pc":"11","pc_name":"Katihar","ac":"67","ac_name":"Manihari (ST)"},"arcs":[[-211,-219,219,220,221]]},{"type":"Polygon","properties":{"state":"Bihar","pc":"11","pc_name":"Katihar","ac":"68","ac_name":"Barari"},"arcs":[[-212,-222,222,223,224,-201,225]]},{"type":"Polygon","properties":{"state":"Bihar","pc":"12","pc_name":"Purnia","ac":"69","ac_name":"Korha (SC)"},"arcs":[[-191,-208,-213,-226,-200,-205]]},{"type":"Polygon","properties":{"state":"Bihar","pc":"13","pc_name":"Madhepura","ac":"70","ac_name":"Alamnagar"},"arcs":[[226,227,228,229,-203,230]]},{"type":"Polygon","properties":{"state":"Bihar","pc":"13","pc_name":"Madhepura","ac":"71","ac_name":"Bihariganj"},"arcs":[[231,-197,-204,-230,232,233]]},{"type":"Polygon","properties":{"state":"Bihar","pc":"8","pc_name":"Supaul","ac":"72","ac_name":"Singheshwar (SC)"},"arcs":[[-141,-148,-153,-157,-198,-232,234]]},{"type":"Polygon","properties":{"state":"Bihar","pc":"13","pc_name":"Madhepura","ac":"73","ac_name":"Madhepura"},"arcs":[[-142,-235,-234,235,236,237,-144]]},{"type":"Polygon","properties":{"state":"Bihar","pc":"13","pc_name":"Madhepura","ac":"74","ac_name":"Sonbarsha (SC)"},"arcs":[[-236,-233,-229,238,239,240]]},{"type":"Polygon","properties":{"state":"Bihar","pc":"13","pc_name":"Madhepura","ac":"75","ac_name":"Saharsa"},"arcs":[[241,-237,-241,242]]},{"type":"Polygon","properties":{"state":"Bihar","pc":"25","pc_name":"Khagaria","ac":"76","ac_name":"Simri Bakhtiarpur"},"arcs":[[243,-243,-240,244,245,246,247]]},{"type":"Polygon","properties":{"state":"Bihar","pc":"13","pc_name":"Madhepura","ac":"77","ac_name":"Mahishi"},"arcs":[[248,249,-131,-145,-238,-242,-244]]},{"type":"Polygon","properties":{"state":"Bihar","pc":"23","pc_name":"Samastipur","ac":"78","ac_name":"Kusheshwar Asthan (SC)"},"arcs":[[-249,-248,250,251,252,253]]},{"type":"Polygon","properties":{"state":"Bihar","pc":"14","pc_name":"Darbhanga","ac":"79","ac_name":"Gaura Bauram"},"arcs":[[-124,-132,-250,-254,254,255,256]]},{"type":"Polygon","properties":{"state":"Bihar","pc":"14","pc_name":"Darbhanga","ac":"80","ac_name":"Benipur"},"arcs":[[257,258,259,-256,260,261,262]]},{"type":"Polygon","properties":{"state":"Bihar","pc":"14","pc_name":"Darbhanga","ac":"81","ac_name":"Alinagar"},"arcs":[[263,-125,-257,-260]]},{"type":"Polygon","properties":{"state":"Bihar","pc":"14","pc_name":"Darbhanga","ac":"82","ac_name":"Darbhanga Rural"},"arcs":[[264,265,-120,-126,-264,-259,266]]},{"type":"Polygon","properties":{"state":"Bihar","pc":"14","pc_name":"Darbhanga","ac":"83","ac_name":"Darbhanga"},"arcs":[[-265,267,268]]},{"type":"Polygon","properties":{"state":"Bihar","pc":"23","pc_name":"Samastipur","ac":"84","ac_name":"Hayaghat"},"arcs":[[269,-263,270,271]]},{"type":"Polygon","properties":{"state":"Bihar","pc":"14","pc_name":"Darbhanga","ac":"85","ac_name":"Bahadurpur"},"arcs":[[-258,-270,272,273,274,-268,-267]]},{"type":"Polygon","properties":{"state":"Bihar","pc":"6","pc_name":"Madhubani","ac":"86","ac_name":"Keoti"},"arcs":[[-117,-266,-269,-275,275,276,277,-115]]},{"type":"Polygon","properties":{"state":"Bihar","pc":"6","pc_name":"Madhubani","ac":"87","ac_name":"Jale"},"arcs":[[278,-277,279,280]]},{"type":"Polygon","properties":{"state":"Bihar","pc":"15","pc_name":"Muzaffarpur","ac":"88","ac_name":"Gaighat"},"arcs":[[281,282,-280,-276,-274,283,284,285,286]]},{"type":"Polygon","properties":{"state":"Bihar","pc":"15","pc_name":"Muzaffarpur","ac":"89","ac_name":"Aurai"},"arcs":[[287,288,-96,-91,289,-281,-283,290,-287]]},{"type":"Polygon","properties":{"state":"Bihar","pc":"16","pc_name":"Vaishali","ac":"90","ac_name":"Minapur"},"arcs":[[-99,-97,-289,291,292,293,-59]]},{"type":"Polygon","properties":{"state":"Bihar","pc":"15","pc_name":"Muzaffarpur","ac":"91","ac_name":"Bochaha (SC)"},"arcs":[[-288,-286,294,295,296,-292]]},{"type":"Polygon","properties":{"state":"Bihar","pc":"15","pc_name":"Muzaffarpur","ac":"92","ac_name":"Sakra (SC)"},"arcs":[[297,298,-295,-285,299,300]]},{"type":"Polygon","properties":{"state":"Bihar","pc":"15","pc_name":"Muzaffarpur","ac":"93","ac_name":"Kurhani"},"arcs":[[-296,-299,301,302,303,304]]},{"type":"Polygon","properties":{"state":"Bihar","pc":"15","pc_name":"Muzaffarpur","ac":"94","ac_name":"Muzaffarpur"},"arcs":[[-291,-282]]},{"type":"Polygon","properties":{"state":"Bihar","pc":"16","pc_name":"Vaishali","ac":"95","ac_name":"Kanti"},"arcs":[[-293,-297,-305,305,306]]},{"type":"Polygon","properties":{"state":"Bihar","pc":"16","pc_name":"Vaishali","ac":"96","ac_name":"Baruraj"},"arcs":[[-60,-294,-307,307,308,-55]]},{"type":"Polygon","properties":{"state":"Bihar","pc":"16","pc_name":"Vaishali","ac":"97","ac_name":"Paroo"},"arcs":[[309,-308,-306,-304,310,311,312]]},{"type":"Polygon","properties":{"state":"Bihar","pc":"16","pc_name":"Vaishali","ac":"98","ac_name":"Sahebganj"},"arcs":[[-56,-309,-310,313,314,-51]]},{"type":"Polygon","properties":{"state":"Bihar","pc":"17","pc_name":"Gopalganj","ac":"99","ac_name":"Baikunthpur"},"arcs":[[-315,315,316,317,318,-47,-52]]},{"type":"Polygon","properties":{"state":"Bihar","pc":"17","pc_name":"Gopalganj","ac":"100","ac_name":"Barauli"},"arcs":[[-48,-319,319,320,321,322]]},{"type":"Polygon","properties":{"state":"Bihar","pc":"17","pc_name":"Gopalganj","ac":"101","ac_name":"Gopalganj"},"arcs":[[-20,-49,-323,323,324,325]]},{"type":"Polygon","properties":{"state":"Bihar","pc":"17","pc_name":"Gopalganj","ac":"102","ac_name":"Kuchaikote"},"arcs":[[326,-21,-326,327,328]]},{"type":"Polygon","properties":{"state":"Bihar","pc":"17","pc_name":"Gopalganj","ac":"103","ac_name":"Bhorey (SC)"},"arcs":[[-329,329,330,331]]},{"type":"Polygon","properties":{"state":"Bihar","pc":"17","pc_name":"Gopalganj","ac":"104","ac_name":"Hathua"},"arcs":[[332,-330,-328,-325,333]]},{"type":"Polygon","properties":{"state":"Bihar","pc":"18","pc_name":"Siwan","ac":"105","ac_name":"Siwan"},"arcs":[[334,-334,-324,-322,335,336]]},{"type":"Polygon","properties":{"state":"Bihar","pc":"18","pc_name":"Siwan","ac":"106","ac_name":"Ziradei"},"arcs":[[-335,337,338,339,-331,-333]]},{"type":"Polygon","properties":{"state":"Bihar","pc":"18","pc_name":"Siwan","ac":"107","ac_name":"Darauli (SC)"},"arcs":[[340,341,-339]]},{"type":"Polygon","properties":{"state":"Bihar","pc":"18","pc_name":"Siwan","ac":"108","ac_name":"Raghunathpur"},"arcs":[[342,343,344,-341,-338,-337]]},{"type":"Polygon","properties":{"state":"Bihar","pc":"18","pc_name":"Siwan","ac":"109","ac_name":"Daraundha"},"arcs":[[345,-344,346,347,348]]},{"type":"Polygon","properties":{"state":"Bihar","pc":"18","pc_name":"Siwan","ac":"110","ac_name":"Barharia"},"arcs":[[349,350,-347,-343,-336,-321]]},{"type":"Polygon","properties":{"state":"Bihar","pc":"19","pc_name":"Maharajganj","ac":"111","ac_name":"Goriakothi"},"arcs":[[351,352,-350,-320,-318]]},{"type":"Polygon","properties":{"state":"Bihar","pc":"19","pc_name":"Maharajganj","ac":"112","ac_name":"Maharajganj"},"arcs":[[-351,-353,353,354,-348]]},{"type":"Polygon","properties":{"state":"Bihar","pc":"19","pc_name":"Maharajganj","ac":"113","ac_name":"Ekma"},"arcs":[[355,-349,-355,356,357]]},{"type":"Polygon","properties":{"state":"Bihar","pc":"19","pc_name":"Maharajganj","ac":"114","ac_name":"Manjhi"},"arcs":[[358,359,360,-358,361,362]]},{"type":"Polygon","properties":{"state":"Bihar","pc":"19","pc_name":"Maharajganj","ac":"115","ac_name":"Baniapur"},"arcs":[[-352,-317,363,364,-362,-357,-354]]},{"type":"Polygon","properties":{"state":"Bihar","pc":"19","pc_name":"Maharajganj","ac":"116","ac_name":"Taraiya"},"arcs":[[-316,-314,-313,365,366,-364]]},{"type":"Polygon","properties":{"state":"Bihar","pc":"20","pc_name":"Saran","ac":"117","ac_name":"Marhaura"},"arcs":[[-367,367,368,-363,-365]]},{"type":"Polygon","properties":{"state":"Bihar","pc":"20","pc_name":"Saran","ac":"118","ac_name":"Chapra"},"arcs":[[369,-360,370,371]]},{"type":"Polygon","properties":{"state":"Bihar","pc":"20","pc_name":"Saran","ac":"119","ac_name":"Garkha (SC)"},"arcs":[[-359,-369,372,373,374,375,376,-371]]},{"type":"Polygon","properties":{"state":"Bihar","pc":"20","pc_name":"Saran","ac":"120","ac_name":"Amnour"},"arcs":[[-366,-312,377,378,-373,-368]]},{"type":"Polygon","properties":{"state":"Bihar","pc":"20","pc_name":"Saran","ac":"121","ac_name":"Parsa"},"arcs":[[379,380,-374,-379,381,382]]},{"type":"Polygon","properties":{"state":"Bihar","pc":"20","pc_name":"Saran","ac":"122","ac_name":"Sonepur"},"arcs":[[383,-375,-381,384,385,386,387,388,389]]},{"type":"Polygon","properties":{"state":"Bihar","pc":"21","pc_name":"Hajipur","ac":"123","ac_name":"Hajipur"},"arcs":[[-380,390,391,392,-385]]},{"type":"Polygon","properties":{"state":"Bihar","pc":"21","pc_name":"Hajipur","ac":"124","ac_name":"Lalganj"},"arcs":[[393,394,-391,-383,395]]},{"type":"Polygon","properties":{"state":"Bihar","pc":"16","pc_name":"Vaishali","ac":"125","ac_name":"Vaishali"},"arcs":[[-311,-303,396,-396,-382,-378]]},{"type":"Polygon","properties":{"state":"Bihar","pc":"21","pc_name":"Hajipur","ac":"126","ac_name":"Mahua"},"arcs":[[-298,397,398,399,-394,-397,-302]]},{"type":"Polygon","properties":{"state":"Bihar","pc":"21","pc_name":"Hajipur","ac":"127","ac_name":"Raja Pakar (SC)"},"arcs":[[400,-392,-395,-400,401]]},{"type":"Polygon","properties":{"state":"Bihar","pc":"21","pc_name":"Hajipur","ac":"128","ac_name":"Raghopur"},"arcs":[[-386,-393,-401,402,403,404,405,406]]},{"type":"Polygon","properties":{"state":"Bihar","pc":"21","pc_name":"Hajipur","ac":"129","ac_name":"Mahnar"},"arcs":[[-402,-399,407,408,409,-403]]},{"type":"Polygon","properties":{"state":"Bihar","pc":"22","pc_name":"Ujiarpur","ac":"130","ac_name":"Patepur (SC)"},"arcs":[[410,411,-408,-398,-301]]},{"type":"Polygon","properties":{"state":"Bihar","pc":"23","pc_name":"Samastipur","ac":"131","ac_name":"Kalyanpur (SC)"},"arcs":[[-273,-272,412,413,414,-411,-300,-284]]},{"type":"Polygon","properties":{"state":"Bihar","pc":"23","pc_name":"Samastipur","ac":"132","ac_name":"Warisnagar"},"arcs":[[415,416,417,-413,-271,-262,418]]},{"type":"Polygon","properties":{"state":"Bihar","pc":"23","pc_name":"Samastipur","ac":"133","ac_name":"Samastipur"},"arcs":[[-414,-418,419,420,421]]},{"type":"Polygon","properties":{"state":"Bihar","pc":"22","pc_name":"Ujiarpur","ac":"134","ac_name":"Ujiarpur"},"arcs":[[-420,-417,422,423,424]]},{"type":"Polygon","properties":{"state":"Bihar","pc":"22","pc_name":"Ujiarpur","ac":"135","ac_name":"Morwa"},"arcs":[[-415,-422,425,426,427,-409,-412]]},{"type":"Polygon","properties":{"state":"Bihar","pc":"22","pc_name":"Ujiarpur","ac":"136","ac_name":"Sarairanjan"},"arcs":[[428,-426,-421,-425,429]]},{"type":"Polygon","properties":{"state":"Bihar","pc":"22","pc_name":"Ujiarpur","ac":"137","ac_name":"Mohiuddinnagar"},"arcs":[[-85,-106,-116,-278,-279,-290,-90]]},{"type":"Polygon","properties":{"state":"Bihar","pc":"22","pc_name":"Ujiarpur","ac":"138","ac_name":"Bibhutipur"},"arcs":[[-416,430,431,432,-423]]},{"type":"Polygon","properties":{"state":"Bihar","pc":"23","pc_name":"Samastipur","ac":"139","ac_name":"Rosera (SC)"},"arcs":[[-255,-253,433,434,-431,-419,-261]]},{"type":"Polygon","properties":{"state":"Bihar","pc":"25","pc_name":"Khagaria","ac":"140","ac_name":"Hasanpur"},"arcs":[[-434,-252,435,436,437]]},{"type":"Polygon","properties":{"state":"Bihar","pc":"24","pc_name":"Begusarai","ac":"141","ac_name":"Cheria Bariarpur"},"arcs":[[438,439,-432,-435,-438,440]]},{"type":"Polygon","properties":{"state":"Bihar","pc":"24","pc_name":"Begusarai","ac":"142","ac_name":"Bachhwara"},"arcs":[[441,-430,-424,-433,-440,442,443,444]]},{"type":"Polygon","properties":{"state":"Bihar","pc":"24","pc_name":"Begusarai","ac":"143","ac_name":"Teghra"},"arcs":[[445,446,447,-444]]},{"type":"Polygon","properties":{"state":"Bihar","pc":"24","pc_name":"Begusarai","ac":"144","ac_name":"Matihani"},"arcs":[[448,449,450,451,-447,452]]},{"type":"Polygon","properties":{"state":"Bihar","pc":"24","pc_name":"Begusarai","ac":"145","ac_name":"Sahebpur Kamal"},"arcs":[[453,454,455,-449,456,457,458]]},{"type":"Polygon","properties":{"state":"Bihar","pc":"24","pc_name":"Begusarai","ac":"146","ac_name":"Begusarai"},"arcs":[[-439,459,-457,-453,-446,-443]]},{"type":"Polygon","properties":{"state":"Bihar","pc":"24","pc_name":"Begusarai","ac":"147","ac_name":"Bakhri (SC)"},"arcs":[[-437,460,-458,-460,-441]]},{"type":"Polygon","properties":{"state":"Bihar","pc":"25","pc_name":"Khagaria","ac":"148","ac_name":"Alauli (SC)"},"arcs":[[-459,-461,-436,-251,-247,461]]},{"type":"Polygon","properties":{"state":"Bihar","pc":"25","pc_name":"Khagaria","ac":"149","ac_name":"Khagaria"},"arcs":[[462,463,464,465,-454,-462,-246]]},{"type":"Polygon","properties":{"state":"Bihar","pc":"25","pc_name":"Khagaria","ac":"150","ac_name":"Beldaur"},"arcs":[[-245,-239,-228,466,467,-463]]},{"type":"Polygon","properties":{"state":"Bihar","pc":"25","pc_name":"Khagaria","ac":"151","ac_name":"Parbatta"},"arcs":[[468,-464,-468,469,470]]},{"type":"Polygon","properties":{"state":"Bihar","pc":"26","pc_name":"Bhagalpur","ac":"152","ac_name":"Bihpur"},"arcs":[[471,472,473,-470,-467,-227,474]]},{"type":"Polygon","properties":{"state":"Bihar","pc":"26","pc_name":"Bhagalpur","ac":"153","ac_name":"Gopalpur"},"arcs":[[-231,-202,-225,475,476,-475]]},{"type":"Polygon","properties":{"state":"Bihar","pc":"26","pc_name":"Bhagalpur","ac":"154","ac_name":"Pirpainti (SC)"},"arcs":[[477,478,-223,-221]]},{"type":"Polygon","properties":{"state":"Bihar","pc":"26","pc_name":"Bhagalpur","ac":"155","ac_name":"Kahalgaon"},"arcs":[[-479,479,480,481,482,-476,-224]]},{"type":"Polygon","properties":{"state":"Bihar","pc":"26","pc_name":"Bhagalpur","ac":"156","ac_name":"Bhagalpur"},"arcs":[[-477,-483,483,-472]]},{"type":"Polygon","properties":{"state":"Bihar","pc":"27","pc_name":"Banka","ac":"157","ac_name":"Sultanganj"},"arcs":[[-474,484,485,486,487,-471]]},{"type":"Polygon","properties":{"state":"Bihar","pc":"26","pc_name":"Bhagalpur","ac":"158","ac_name":"Nathnagar"},"arcs":[[-484,-482,488,489,-485,-473]]},{"type":"Polygon","properties":{"state":"Bihar","pc":"27","pc_name":"Banka","ac":"159","ac_name":"Amarpur"},"arcs":[[-490,490,491,492,493,-486]]},{"type":"Polygon","properties":{"state":"Bihar","pc":"27","pc_name":"Banka","ac":"160","ac_name":"Dhauraiya (SC)"},"arcs":[[494,495,-491,-489,-481]]},{"type":"Polygon","properties":{"state":"Bihar","pc":"27","pc_name":"Banka","ac":"161","ac_name":"Banka"},"arcs":[[496,497,498,-492,-496]]},{"type":"Polygon","properties":{"state":"Bihar","pc":"27","pc_name":"Banka","ac":"162","ac_name":"Katoria (ST)"},"arcs":[[499,-498,500]]},{"type":"Polygon","properties":{"state":"Bihar","pc":"27","pc_name":"Banka","ac":"163","ac_name":"Belhar"},"arcs":[[501,-493,-499,-500,502,503,504]]},{"type":"Polygon","properties":{"state":"Bihar","pc":"40","pc_name":"Jamui","ac":"164","ac_name":"Tarapur"},"arcs":[[505,-487,-494,-502,506,507]]},{"type":"Polygon","properties":{"state":"Bihar","pc":"28","pc_name":"Munger","ac":"165","ac_name":"Munger"},"arcs":[[-488,-506,508,-465,-469]]},{"type":"Polygon","properties":{"state":"Bihar","pc":"28","pc_name":"Munger","ac":"166","ac_name":"Jamalpur"},"arcs":[[-455,-466,-509,-508,509,510]]},{"type":"Polygon","properties":{"state":"Bihar","pc":"28","pc_name":"Munger","ac":"167","ac_name":"Suryagarha"},"arcs":[[-456,-511,511,512,513,-450]]},{"type":"Polygon","properties":{"state":"Bihar","pc":"28","pc_name":"Munger","ac":"168","ac_name":"Lakhisarai"},"arcs":[[-451,-514,514,515,516,517,518]]},{"type":"Polygon","properties":{"state":"Bihar","pc":"40","pc_name":"Jamui","ac":"169","ac_name":"Sheikhpura"},"arcs":[[-517,519,520,521,522]]},{"type":"Polygon","properties":{"state":"Bihar","pc":"39","pc_name":"Nawada","ac":"170","ac_name":"Barbigha"},"arcs":[[523,-522,524,525]]},{"type":"Polygon","properties":{"state":"Bihar","pc":"29","pc_name":"Nalanda","ac":"171","ac_name":"Asthawan"},"arcs":[[-518,-523,-524,526,527,528,529,530]]},{"type":"Polygon","properties":{"state":"Bihar","pc":"29","pc_name":"Nalanda","ac":"172","ac_name":"Biharsharif"},"arcs":[[531,-528,532,533]]},{"type":"Polygon","properties":{"state":"Bihar","pc":"29","pc_name":"Nalanda","ac":"173","ac_name":"Rajgir (SC)"},"arcs":[[-533,-527,-526,534,535,536,537]]},{"type":"Polygon","properties":{"state":"Bihar","pc":"29","pc_name":"Nalanda","ac":"174","ac_name":"Islampur"},"arcs":[[538,539,540,541]]},{"type":"Polygon","properties":{"state":"Bihar","pc":"29","pc_name":"Nalanda","ac":"175","ac_name":"Hilsa"},"arcs":[[542,543,544,-539,545,546,547]]},{"type":"Polygon","properties":{"state":"Bihar","pc":"29","pc_name":"Nalanda","ac":"176","ac_name":"Nalanda"},"arcs":[[548,-534,-538,549,-540,-545]]},{"type":"Polygon","properties":{"state":"Bihar","pc":"29","pc_name":"Nalanda","ac":"177","ac_name":"Harnaut"},"arcs":[[550,551,-529,-532,-549,-544]]},{"type":"Polygon","properties":{"state":"Bihar","pc":"28","pc_name":"Munger","ac":"178","ac_name":"Mokama"},"arcs":[[-448,-452,-519,-531,552,-445]]},{"type":"Polygon","properties":{"state":"Bihar","pc":"28","pc_name":"Munger","ac":"179","ac_name":"Barh"},"arcs":[[-429,-442,-553,-530,-552,553,-427]]},{"type":"Polygon","properties":{"state":"Bihar","pc":"30","pc_name":"Patna Sahib","ac":"180","ac_name":"Bakhtiarpur"},"arcs":[[-410,-428,-554,-551,-543,554,-404]]},{"type":"Polygon","properties":{"state":"Bihar","pc":"30","pc_name":"Patna Sahib","ac":"181","ac_name":"Digha"},"arcs":[[-389,555,556,557]]},{"type":"Polygon","properties":{"state":"Bihar","pc":"30","pc_name":"Patna Sahib","ac":"182","ac_name":"Bankipur"},"arcs":[[558,-556,-388,559]]},{"type":"Polygon","properties":{"state":"Bihar","pc":"30","pc_name":"Patna Sahib","ac":"183","ac_name":"Kumhrar"},"arcs":[[-407,560,561,562,-560,-387]]},{"type":"Polygon","properties":{"state":"Bihar","pc":"30","pc_name":"Patna Sahib","ac":"184","ac_name":"Patna Sahib"},"arcs":[[-406,563,-561]]},{"type":"Polygon","properties":{"state":"Bihar","pc":"30","pc_name":"Patna Sahib","ac":"185","ac_name":"Fatuha"},"arcs":[[-562,-564,-405,-555,-548,564,565]]},{"type":"Polygon","properties":{"state":"Bihar","pc":"31","pc_name":"Pataliputra","ac":"186","ac_name":"Danapur"},"arcs":[[-390,-558,566,567]]},{"type":"Polygon","properties":{"state":"Bihar","pc":"31","pc_name":"Pataliputra","ac":"187","ac_name":"Maner"},"arcs":[[-384,-568,568,569,570,571,-376]]},{"type":"Polygon","properties":{"state":"Bihar","pc":"31","pc_name":"Pataliputra","ac":"188","ac_name":"Phulwari (SC)"},"arcs":[[-559,-563,-566,572,573,-569,-567,-557]]},{"type":"Polygon","properties":{"state":"Bihar","pc":"31","pc_name":"Pataliputra","ac":"189","ac_name":"Masaurhi (SC)"},"arcs":[[-573,-565,-547,574,575,576,577]]},{"type":"Polygon","properties":{"state":"Bihar","pc":"31","pc_name":"Pataliputra","ac":"190","ac_name":"Paliganj"},"arcs":[[578,-577,579,580,581,582,583]]},{"type":"Polygon","properties":{"state":"Bihar","pc":"31","pc_name":"Pataliputra","ac":"191","ac_name":"Bikram"},"arcs":[[-570,-574,-578,-579,584]]},{"type":"Polygon","properties":{"state":"Bihar","pc":"32","pc_name":"Arrah","ac":"192","ac_name":"Sandesh"},"arcs":[[-571,-585,-584,585,586,587,588,589,590]]},{"type":"Polygon","properties":{"state":"Bihar","pc":"32","pc_name":"Arrah","ac":"193","ac_name":"Barhara"},"arcs":[[-589,591,592,-372,-377,-572,-591,593]]},{"type":"Polygon","properties":{"state":"Bihar","pc":"32","pc_name":"Arrah","ac":"194","ac_name":"Arrah"},"arcs":[[-590,-594]]},{"type":"Polygon","properties":{"state":"Bihar","pc":"32","pc_name":"Arrah","ac":"195","ac_name":"Agiaon (SC)"},"arcs":[[594,-586,-583,595,596]]},{"type":"Polygon","properties":{"state":"Bihar","pc":"32","pc_name":"Arrah","ac":"196","ac_name":"Tarari"},"arcs":[[597,-597,598,599,600]]},{"type":"Polygon","properties":{"state":"Bihar","pc":"32","pc_name":"Arrah","ac":"197","ac_name":"Jagdishpur"},"arcs":[[601,-587,-595,-598,602,603,604]]},{"type":"Polygon","properties":{"state":"Bihar","pc":"32","pc_name":"Arrah","ac":"198","ac_name":"Shahpur"},"arcs":[[605,-592,-588,-602,606]]},{"type":"Polygon","properties":{"state":"Bihar","pc":"33","pc_name":"Buxar","ac":"199","ac_name":"Brahampur"},"arcs":[[607,608,-607,-605,609]]},{"type":"Polygon","properties":{"state":"Bihar","pc":"33","pc_name":"Buxar","ac":"200","ac_name":"Buxar"},"arcs":[[610,611,-608,612,613]]},{"type":"Polygon","properties":{"state":"Bihar","pc":"33","pc_name":"Buxar","ac":"201","ac_name":"Dumraon"},"arcs":[[-613,-610,-604,614,615]]},{"type":"Polygon","properties":{"state":"Bihar","pc":"33","pc_name":"Buxar","ac":"202","ac_name":"Rajpur (SC)"},"arcs":[[616,617,618,-614,-616]]},{"type":"Polygon","properties":{"state":"Bihar","pc":"33","pc_name":"Buxar","ac":"203","ac_name":"Ramgarh"},"arcs":[[619,620,621,-611,-619,622,623]]},{"type":"Polygon","properties":{"state":"Bihar","pc":"34","pc_name":"Sasaram","ac":"204","ac_name":"Mohania (SC)"},"arcs":[[-624,624,625,626]]},{"type":"Polygon","properties":{"state":"Bihar","pc":"34","pc_name":"Sasaram","ac":"205","ac_name":"Bhabua"},"arcs":[[-620,-627,627,628]]},{"type":"Polygon","properties":{"state":"Bihar","pc":"34","pc_name":"Sasaram","ac":"206","ac_name":"Chainpur"},"arcs":[[-621,-629,629,630]]},{"type":"Polygon","properties":{"state":"Bihar","pc":"34","pc_name":"Sasaram","ac":"207","ac_name":"Chenari (SC)"},"arcs":[[631,-630,-628,-626,632,633,634]]},{"type":"Polygon","properties":{"state":"Bihar","pc":"34","pc_name":"Sasaram","ac":"208","ac_name":"Sasaram"},"arcs":[[635,636,637,638,-634]]},{"type":"Polygon","properties":{"state":"Bihar","pc":"34","pc_name":"Sasaram","ac":"209","ac_name":"Kargahar"},"arcs":[[-636,-633,-625,-623,-618,639,640]]},{"type":"Polygon","properties":{"state":"Bihar","pc":"33","pc_name":"Buxar","ac":"210","ac_name":"Dinara"},"arcs":[[-603,-601,641,642,-640,-617,-615]]},{"type":"Polygon","properties":{"state":"Bihar","pc":"35","pc_name":"Karakat","ac":"211","ac_name":"Nokha"},"arcs":[[643,644,645,-637,-641,-643,646]]},{"type":"Polygon","properties":{"state":"Bihar","pc":"35","pc_name":"Karakat","ac":"212","ac_name":"Dehri"},"arcs":[[647,648,-638,-646]]},{"type":"Polygon","properties":{"state":"Bihar","pc":"35","pc_name":"Karakat","ac":"213","ac_name":"Karakat"},"arcs":[[-600,649,-647,-642]]},{"type":"Polygon","properties":{"state":"Bihar","pc":"36","pc_name":"Jahanabad","ac":"214","ac_name":"Arwal"},"arcs":[[-596,-582,650,651,652,-644,-650,-599]]},{"type":"Polygon","properties":{"state":"Bihar","pc":"36","pc_name":"Jahanabad","ac":"215","ac_name":"Kurtha"},"arcs":[[-581,653,654,655,-651]]},{"type":"Polygon","properties":{"state":"Bihar","pc":"36","pc_name":"Jahanabad","ac":"216","ac_name":"Jahanabad"},"arcs":[[656,657,-654,-580,-576,658,659]]},{"type":"Polygon","properties":{"state":"Bihar","pc":"36","pc_name":"Jahanabad","ac":"217","ac_name":"Ghosi"},"arcs":[[-546,-542,660,661,662,-659,-575]]},{"type":"Polygon","properties":{"state":"Bihar","pc":"36","pc_name":"Jahanabad","ac":"218","ac_name":"Makhadumapur (SC)"},"arcs":[[-663,663,-660]]},{"type":"Polygon","properties":{"state":"Bihar","pc":"35","pc_name":"Karakat","ac":"219","ac_name":"Goh"},"arcs":[[-652,-656,664,665,666]]},{"type":"Polygon","properties":{"state":"Bihar","pc":"35","pc_name":"Karakat","ac":"220","ac_name":"Obra"},"arcs":[[-645,-653,-667,667,668,669,-648]]},{"type":"Polygon","properties":{"state":"Bihar","pc":"35","pc_name":"Karakat","ac":"221","ac_name":"Nabinagar"},"arcs":[[-670,670,671,672,-635,-639,-649]]},{"type":"Polygon","properties":{"state":"Bihar","pc":"37","pc_name":"Aurangabad","ac":"222","ac_name":"Kutumba (SC)"},"arcs":[[673,674,675,-672]]},{"type":"Polygon","properties":{"state":"Bihar","pc":"37","pc_name":"Aurangabad","ac":"223","ac_name":"Aurangabad"},"arcs":[[-669,676,677,-674,-671]]},{"type":"Polygon","properties":{"state":"Bihar","pc":"37","pc_name":"Aurangabad","ac":"224","ac_name":"Rafiganj"},"arcs":[[-668,-666,678,679,680,681,-677]]},{"type":"Polygon","properties":{"state":"Bihar","pc":"37","pc_name":"Aurangabad","ac":"225","ac_name":"Gurua"},"arcs":[[682,683,684,685,-680]]},{"type":"Polygon","properties":{"state":"Bihar","pc":"38","pc_name":"Gaya","ac":"226","ac_name":"Sherghati"},"arcs":[[-686,686,687,688,-681]]},{"type":"Polygon","properties":{"state":"Bihar","pc":"37","pc_name":"Aurangabad","ac":"227","ac_name":"Imamganj (SC)"},"arcs":[[-682,-689,689,-675,-678]]},{"type":"Polygon","properties":{"state":"Bihar","pc":"38","pc_name":"Gaya","ac":"228","ac_name":"Barachatti (SC)"},"arcs":[[690,-687,-685,691,692]]},{"type":"Polygon","properties":{"state":"Bihar","pc":"38","pc_name":"Gaya","ac":"229","ac_name":"Bodh Gaya (SC)"},"arcs":[[693,-693,694,695,696]]},{"type":"Polygon","properties":{"state":"Bihar","pc":"38","pc_name":"Gaya","ac":"230","ac_name":"Gaya Town"},"arcs":[[697,698]]},{"type":"Polygon","properties":{"state":"Bihar","pc":"37","pc_name":"Aurangabad","ac":"231","ac_name":"Tikari"},"arcs":[[-658,699,-683,-679,-665,-655]]},{"type":"Polygon","properties":{"state":"Bihar","pc":"38","pc_name":"Gaya","ac":"232","ac_name":"Belaganj"},"arcs":[[-657,-664,-662,700,701,-699,702,-695,-692,-684,-700]]},{"type":"Polygon","properties":{"state":"Bihar","pc":"36","pc_name":"Jahanabad","ac":"233","ac_name":"Atri"},"arcs":[[703,704,-701,-661,-541,-550,-537,705]]},{"type":"Polygon","properties":{"state":"Bihar","pc":"38","pc_name":"Gaya","ac":"234","ac_name":"Wazirganj"},"arcs":[[706,707,-696,-703,-698,-702,-705]]},{"type":"Polygon","properties":{"state":"Bihar","pc":"39","pc_name":"Nawada","ac":"235","ac_name":"Rajauli (SC)"},"arcs":[[-708,708,709,710,-697]]},{"type":"Polygon","properties":{"state":"Bihar","pc":"39","pc_name":"Nawada","ac":"236","ac_name":"Hisua"},"arcs":[[711,712,-709,-707,-704]]},{"type":"Polygon","properties":{"state":"Bihar","pc":"39","pc_name":"Nawada","ac":"237","ac_name":"Nawada"},"arcs":[[-536,713,714,-712,-706]]},{"type":"Polygon","properties":{"state":"Bihar","pc":"39","pc_name":"Nawada","ac":"238","ac_name":"Gobindpur"},"arcs":[[715,716,-710,-713,-715,717,718]]},{"type":"Polygon","properties":{"state":"Bihar","pc":"39","pc_name":"Nawada","ac":"239","ac_name":"Warsaliganj"},"arcs":[[-525,-521,719,-718,-714,-535]]},{"type":"Polygon","properties":{"state":"Bihar","pc":"40","pc_name":"Jamui","ac":"240","ac_name":"Sikandra (SC)"},"arcs":[[-720,-520,-516,720,721,-719]]},{"type":"Polygon","properties":{"state":"Bihar","pc":"40","pc_name":"Jamui","ac":"241","ac_name":"Jamui"},"arcs":[[722,723,-721,-515,-513]]},{"type":"Polygon","properties":{"state":"Bihar","pc":"40","pc_name":"Jamui","ac":"242","ac_name":"Jhajha"},"arcs":[[-510,-507,-505,724,-723,-512]]},{"type":"Polygon","properties":{"state":"Bihar","pc":"40","pc_name":"Jamui","ac":"243","ac_name":"Chakai"},"arcs":[[-724,-725,-504,725,-716,-722]]}]}},"arcs":[[[1390,8848],[58,-173],[135,-79],[68,-123],[101,-9]],[[1752,8464],[-32,-197],[-62,-73],[-39,-176],[-60,-29],[-55,46],[-119,-38],[20,-90],[142,-111],[82,-10],[76,-62],[23,-93],[129,-90],[39,-102]],[[1896,7439],[-59,-51],[91,-107],[19,-132],[47,20],[97,-92]],[[2091,7077],[-30,-87],[-49,-14],[-23,-93]],[[1989,6883],[-56,31],[-62,-62],[-46,79],[55,143],[-12,141],[-50,38],[-129,-101],[-50,55],[18,90],[-80,36],[-18,-64],[-80,39],[-10,112],[-46,30],[45,55],[6,80],[-39,59],[20,93],[-91,46],[51,96],[-17,27],[-143,-43],[21,144],[68,114],[-74,159],[-94,39],[-10,69],[44,45],[-21,106],[-108,-54],[-50,45],[122,86],[35,89],[-64,7],[-11,101],[127,59],[150,-24]],[[1390,8848],[92,6],[38,108],[50,23],[5,77],[106,0],[-3,-87],[113,-47],[6,-76],[92,27],[37,-65],[7,-94],[113,-49],[228,-38],[355,-79],[43,-90]],[[2672,8464],[-9,-49],[-117,-86],[-47,-87],[11,-107]],[[2510,8135],[-120,-69],[-68,4],[-66,65],[-85,-14],[-27,-120],[-63,-22],[-19,-72],[21,-93],[-70,-66]],[[2013,7748],[-24,182],[-52,64],[-16,95],[-57,42],[-35,131],[-4,156],[-73,46]],[[2510,8135],[43,-56],[-47,-110],[-6,-169],[-55,69],[-29,-46],[24,-83],[-15,-82]],[[2425,7658],[-201,34],[-190,-92]],[[2034,7600],[-21,148]],[[2034,7600],[-88,-143],[-50,-18]],[[2425,7658],[69,-59],[30,-91]],[[2524,7508],[-132,-27],[-111,24],[-27,-90],[14,-90],[-24,-184]],[[2244,7141],[-59,0],[-94,-64]],[[2244,7141],[19,-54],[65,0]],[[2328,7087],[26,-65],[132,-64],[102,-186]],[[2588,6772],[-60,-94],[-70,-52],[-71,-169],[-65,-49]],[[2322,6408],[-95,35]],[[2227,6443],[-21,77],[-57,31]],[[2149,6551],[57,14],[-23,124],[-155,37],[-39,157]],[[2732,7326],[13,-7]],[[2745,7319],[90,-194],[-17,-28]],[[2818,7097],[-154,-124],[-55,101],[-110,-15],[-117,74],[-54,-46]],[[2524,7508],[50,-44],[64,-159],[43,-24],[51,45]],[[2818,7097],[-18,-174],[-64,-158]],[[2736,6765],[-148,7]],[[2672,8464],[92,-228],[-6,-180],[-25,-177],[-51,-58],[-12,-77],[227,-124]],[[2897,7620],[-17,-135],[-134,-98],[-14,-61]],[[2897,7620],[33,41],[43,-62],[59,72],[63,-37],[10,-56],[104,-58],[103,-19],[33,-58],[-22,-68],[64,-50]],[[3387,7325],[-25,-55],[-73,14],[-184,-93]],[[3105,7191],[16,180],[-48,63],[-180,-5],[-148,-110]],[[2747,6733],[-11,32]],[[3105,7191],[-52,-69],[28,-129],[-47,-139],[-50,-75]],[[2984,6779],[-157,-14],[-80,-32]],[[3387,7325],[122,-35],[-62,-30],[-14,-55],[70,-18],[84,62],[99,0]],[[3686,7249],[-76,-131],[-112,-70],[57,-110]],[[3555,6938],[-174,-53]],[[3381,6885],[-23,39],[-92,-16],[3,-175],[-101,-96]],[[3168,6637],[-54,-8],[-130,150]],[[2895,6342],[-106,-62]],[[2789,6280],[-30,118],[-80,21],[-28,94],[101,-11],[41,73],[-82,28],[-6,62],[42,68]],[[3168,6637],[42,-115],[-54,-76],[10,-99]],[[3166,6347],[-47,-31],[-85,61],[-97,14],[-42,-49]],[[2789,6280],[18,-107],[-28,-125]],[[2779,6048],[-131,81],[-78,-38]],[[2570,6091],[-83,93],[-59,31]],[[2428,6215],[-19,86],[-72,53],[-15,54]],[[2895,6342],[35,-50],[36,-184],[116,-114],[-8,-91],[108,-10],[33,-87],[74,67],[87,-34],[34,-74]],[[3410,5765],[-123,-44],[-89,-5],[-38,-116],[63,-87]],[[3223,5513],[-137,27],[-84,90],[-60,139],[-83,103],[-80,176]],[[3166,6347],[15,-5]],[[3181,6342],[56,-237],[57,-71],[91,-14],[132,-137],[-25,-124]],[[3492,5759],[-55,-18]],[[3437,5741],[-27,24]],[[3812,6010],[83,-37]],[[3895,5973],[59,-83],[11,-96]],[[3965,5794],[-72,-49],[-12,-66]],[[3881,5679],[-72,-27],[-92,96],[-43,-31],[-148,-25],[-34,67]],[[3181,6342],[154,52],[120,-17]],[[3455,6377],[-25,-117],[128,-266],[21,-107],[61,-12],[9,71],[95,65],[68,-1]],[[3455,6377],[7,153]],[[3462,6530],[54,-20],[78,29],[35,-31],[-15,-182],[34,-48],[45,52],[85,31],[53,-36]],[[3831,6325],[-7,-97],[-50,-99],[38,-119]],[[3381,6885],[-33,-103],[74,-215],[40,-37]],[[3555,6938],[113,-121],[42,-260],[67,20],[141,-6]],[[3918,6571],[-3,-34]],[[3915,6537],[-14,-73],[-70,-139]],[[3686,7249],[95,-11],[-38,-145],[41,-128],[65,-21]],[[3849,6944],[31,-119],[-13,-98],[51,-156]],[[3915,6537],[87,89],[66,-57],[59,-208]],[[4127,6361],[-58,-63],[28,-69],[-54,-84],[-8,43],[-87,-64],[-12,-89],[-41,-62]],[[3849,6944],[210,-58],[23,28]],[[4082,6914],[59,-97],[167,-107],[43,-111]],[[4351,6599],[-50,-65],[-47,-153]],[[4254,6381],[-127,-20]],[[4082,6914],[59,25],[66,86],[91,-25],[86,46],[68,72]],[[4452,7118],[130,-212],[41,-231]],[[4623,6675],[-13,-152]],[[4610,6523],[-70,-80]],[[4540,6443],[-89,91],[-100,65]],[[4452,7118],[111,65],[79,73],[36,-58],[158,-91],[29,-120],[-22,-280]],[[4843,6707],[-90,-35],[-130,3]],[[4914,6017],[-99,-12]],[[4815,6005],[-67,82],[-35,89],[59,198],[-44,79],[-118,70]],[[4843,6707],[46,-107],[107,-43],[48,-62]],[[5044,6495],[-19,-212],[-81,-72],[54,-89]],[[4998,6122],[-54,-25],[-30,-80]],[[4815,6005],[-32,-136],[25,-112],[-25,-96]],[[4783,5661],[-114,18],[-69,92]],[[4600,5771],[50,147],[-14,62],[-115,201]],[[4521,6181],[19,262]],[[4521,6181],[-77,34],[-108,7]],[[4336,6222],[-82,159]],[[4600,5771],[-84,60],[-117,14],[-69,-79],[-67,-156]],[[4263,5610],[-43,0],[-22,86],[-48,14],[-46,73]],[[4104,5783],[43,72],[99,63],[90,304]],[[4104,5783],[-139,11]],[[5429,6658],[35,-56],[-28,-101],[-74,-88],[-1,-174]],[[5361,6239],[-75,-48],[-35,-77],[-70,-13],[-51,-76],[-82,17],[-50,80]],[[5044,6495],[55,21],[15,-114],[110,111],[69,14],[11,85],[125,46]],[[5361,6239],[48,-23],[64,69],[104,28],[76,-170],[-38,-138]],[[5615,6005],[-62,-47]],[[5553,5958],[-171,-33],[-80,50],[-59,-2],[-91,-80],[-93,-13]],[[5059,5880],[-58,62],[-77,30],[-10,45]],[[5429,6658],[109,-10],[137,-79],[8,-67],[101,28],[14,-52]],[[5798,6478],[-6,-143],[-98,-107],[15,-155]],[[5709,6073],[-94,-68]],[[5798,6478],[64,-8],[44,64],[184,0],[-7,-28],[106,-32]],[[6189,6474],[-40,-100],[26,-80],[4,-362]],[[6179,5932],[-80,-14],[-48,55],[-198,-6],[-89,92],[-55,14]],[[5553,5958],[-15,-109]],[[5538,5849],[-47,-46],[-50,-166]],[[5441,5637],[-53,104],[-75,-73],[-71,0],[-58,-58],[-126,21]],[[5058,5631],[1,249]],[[5429,5537],[12,100]],[[5538,5849],[57,-132],[67,-38],[143,14]],[[5805,5693],[-50,-223]],[[5755,5470],[-87,18],[-102,-100],[-59,28],[-78,121]],[[6179,5932],[-31,-125]],[[6148,5807],[-47,-91]],[[6101,5716],[-83,-30],[-83,-84],[-22,62],[22,105],[-100,-28],[-30,-48]],[[6153,4970],[-34,21]],[[6119,4991],[-39,73],[-29,206],[-80,25],[-83,83]],[[5888,5378],[-40,69],[-93,23]],[[6101,5716],[59,-61],[23,-135],[-59,-208],[27,-93],[2,-249]],[[6148,5807],[102,27],[79,-21],[36,146],[75,-45],[11,-115],[84,-75]],[[6535,5724],[-31,-69]],[[6504,5655],[-69,-93],[5,-112],[-47,-62],[-103,-3],[-56,-57],[14,-61],[247,-14],[7,-41],[-80,-79],[-64,16],[-68,-131]],[[6290,5018],[-26,-83],[-60,-28]],[[6204,4907],[-51,63]],[[6189,6474],[3,-27],[121,-49],[86,-72],[88,-11],[46,-104],[123,-56],[1,-33],[139,-59],[55,-53]],[[6851,6010],[-13,-111],[-77,-26],[-171,-152],[-55,3]],[[6851,6010],[47,-3],[46,87],[113,-52]],[[7057,6042],[-9,-94],[67,-58],[90,100],[71,-23],[56,-112]],[[7332,5855],[-120,-80],[-29,-93],[17,-232],[-56,4]],[[7144,5454],[-55,30],[-67,-44],[-36,82],[-87,25],[-183,10],[-9,100],[-111,-27]],[[6596,5630],[-69,-13],[-23,38]],[[7144,5454],[-35,-72],[-56,-11],[-41,-69],[17,-197]],[[7029,5105],[-61,-49],[-55,28]],[[6913,5084],[-38,-1],[-107,-224]],[[6768,4859],[-18,104],[-166,45],[60,93],[24,117],[-49,42],[-72,-4],[-44,77],[24,69],[79,66],[-34,114],[24,48]],[[6768,4859],[-88,-5]],[[6680,4854],[-174,0],[-70,-57],[-28,69],[10,87],[-92,-46],[0,90],[-36,21]],[[7332,5855],[44,-97],[-15,-55],[15,-134],[-33,-146],[1,-94],[87,-146],[16,-82],[63,28],[50,-43]],[[7560,5086],[67,-62],[-42,-73]],[[7585,4951],[-59,39],[-73,-24],[-37,48],[-60,-4],[-88,49],[-63,-21],[-176,67]],[[7057,6042],[137,59],[-2,72],[75,5],[5,76],[165,44],[39,70]],[[7476,6368],[68,-39],[-24,-56],[19,-268],[40,-49],[-42,-128],[-20,-263],[43,-56],[67,-243],[-67,-180]],[[7886,5966],[-30,-197],[28,-52],[-39,-235],[-62,-67],[-5,-148],[20,-52]],[[7798,5215],[-28,-84],[50,-64],[-6,-163],[-170,-4]],[[7644,4900],[-59,51]],[[7476,6368],[22,85],[54,-4],[40,-380],[139,-128],[155,25]],[[8271,4755],[-87,-52],[-78,55],[-63,-68]],[[8043,4690],[-157,37],[-69,-65],[-208,26],[-69,35]],[[7540,4723],[-16,56],[120,121]],[[7798,5215],[98,-7],[110,65],[87,-59],[98,45]],[[8191,5259],[15,-96],[-19,-136],[19,-127],[31,-49],[75,-12],[-41,-84]],[[7886,5966],[57,-24],[-1,-87],[94,-8],[31,-43]],[[8067,5804],[3,-111],[127,-176],[44,-26]],[[8241,5491],[-3,-145],[-47,-87]],[[8241,5491],[51,229],[102,-65],[-1,-70],[63,-37],[28,-159]],[[8484,5389],[-8,-112],[-62,-215],[34,-76],[-26,-68],[26,-100]],[[8448,4818],[-63,-57],[-114,-6]],[[8484,5389],[93,81],[-7,47],[94,-26],[-3,88],[76,-12]],[[8737,5567],[73,-196]],[[8810,5371],[-22,-270]],[[8788,5101],[-25,-80],[-62,-3],[-48,-73],[-22,-114],[-65,-37]],[[8566,4794],[-37,-32],[-81,56]],[[8067,5804],[60,14],[-3,76],[65,86],[77,10],[80,51],[162,-61],[79,-103],[98,33]],[[8685,5910],[-44,-116],[49,-122],[53,-53],[-6,-52]],[[9355,5437],[-27,-31]],[[9328,5406],[-163,28],[-55,-71],[-145,7],[-5,98],[-34,14],[-116,-111]],[[8685,5910],[85,62],[-1,55],[152,-75]],[[8921,5952],[17,-59],[59,11],[60,-153],[47,-6],[57,61],[23,-75],[115,-81],[56,-213]],[[8921,5952],[26,10],[53,159],[112,-92],[20,78],[61,63],[72,-111],[-16,-44],[100,-95],[51,-13],[2,-65],[76,-14],[-6,48],[136,158],[22,144],[-5,130],[53,-65],[67,27],[34,59],[102,-30],[-108,-108],[82,-93]],[[9855,6098],[-98,-112],[-48,-134],[-51,-22],[-58,-140],[-40,17],[-128,-264],[-77,-6]],[[9855,6098],[96,-119],[-78,-79],[77,-24],[49,-77],[-62,-45],[-74,-137],[-160,-101],[-27,-73],[-76,-58],[-38,-70],[-75,-10],[-44,-98],[-50,9]],[[9393,5216],[10,137],[-75,53]],[[9393,5216],[-43,23],[13,-92],[-89,-147],[-38,60],[-119,-119]],[[9117,4941],[7,122],[-218,17],[-61,48],[-57,-27]],[[9117,4941],[-54,-182],[7,-135],[-46,-48]],[[9024,4576],[-173,-35],[-34,-33],[-149,-3]],[[8668,4505],[-48,56],[8,89],[-62,144]],[[9024,4576],[18,-92]],[[9042,4484],[-75,-116],[84,-94],[-57,-83],[9,-59]],[[9003,4132],[-42,46],[-91,2],[-95,-96],[10,-72],[-59,-50]],[[8726,3962],[-95,55],[-100,260]],[[8531,4277],[62,98],[66,47],[9,83]],[[8184,4081],[-30,-12]],[[8154,4069],[-89,149],[73,109],[-49,88]],[[8089,4415],[12,140],[-58,135]],[[8531,4277],[-137,59],[-68,-41],[-61,10],[-59,-68],[-22,-156]],[[8089,4415],[-46,-34],[-71,21],[-143,-68],[-70,24],[-76,-146]],[[7683,4212],[-91,-4],[-154,-99],[-13,-42]],[[7425,4067],[15,214],[47,52],[-22,134],[-77,125]],[[7388,4592],[17,74],[135,57]],[[7683,4212],[-54,-181],[-1,-144],[76,3],[114,-97],[15,-45],[75,4]],[[7908,3752],[7,-146],[-31,-93]],[[7884,3513],[-49,-51],[25,-159],[-45,-91]],[[7815,3212],[-24,76],[-76,83],[-26,-34],[-77,34],[-18,-91],[-46,-43],[-1,85],[41,69]],[[7588,3391],[14,91],[-58,11],[-39,133],[-76,67],[40,52],[-37,75]],[[7432,3820],[72,140],[-79,107]],[[8154,4069],[-69,-107],[-66,-23],[-77,58],[-33,-38],[13,-122],[-14,-85]],[[8726,3962],[-28,-62]],[[8698,3900],[-46,46],[-69,-35],[-64,18]],[[8519,3929],[-117,-32],[-48,48],[-134,22],[-36,114]],[[8698,3900],[-18,-117],[-54,-46],[-10,-80],[25,-123]],[[8641,3534],[-7,-101]],[[8634,3433],[-29,-25],[-95,25]],[[8510,3433],[-32,69]],[[8478,3502],[45,98],[-36,102],[69,137],[-37,90]],[[9003,4132],[120,-37],[61,-150],[16,-121]],[[9200,3824],[-130,-38],[-75,-100],[-82,-10],[-28,-94],[-200,-69],[-44,21]],[[9042,4484],[14,-38],[124,-20],[53,-37],[-55,-64],[28,-159],[80,-12],[2,-53],[83,-86],[121,-56],[17,-152],[-19,-138],[-36,-22],[34,-65],[-4,-76],[44,-22],[26,-136],[-134,38],[-104,120]],[[9316,3506],[-14,83],[-63,107],[-39,128]],[[9316,3506],[-53,-1],[-61,-89],[-51,-4],[-13,-107],[-61,-2],[-28,-75],[-67,30],[-47,-150]],[[8935,3108],[-43,-11],[-55,84],[-93,55],[-30,62],[-9,121],[-71,14]],[[8935,3108],[53,-63],[-14,-96],[137,-114],[-2,-124],[-53,-53],[27,-99],[-97,59],[-10,72],[-152,30],[-47,150],[-156,3],[-91,62]],[[8530,2935],[-118,146]],[[8412,3081],[98,121],[-34,110],[34,121]],[[8412,3081],[-66,-32],[-33,-107],[-49,35],[-46,100],[-144,34],[-105,-65]],[[7969,3046],[-36,-11]],[[7933,3035],[-95,35],[-23,142]],[[7884,3513],[43,-27],[62,35],[42,119],[48,-28],[32,-112],[86,41],[53,-101],[50,-41],[45,118],[133,-15]],[[7404,3309],[-124,0],[-46,-52],[-197,21]],[[7037,3278],[-25,76],[68,99],[0,247],[-48,101]],[[7032,3801],[55,113]],[[7087,3914],[102,-48],[118,3],[26,-37],[99,-12]],[[7588,3391],[-80,-80],[-104,-2]],[[7294,4627],[45,-73],[49,38]],[[7087,3914],[49,129],[-26,82],[13,269]],[[7123,4394],[148,143],[23,90]],[[7294,4627],[-80,38],[-46,75],[-52,1],[-27,-90],[-40,-23],[-75,36],[-33,77],[-63,41],[47,117],[-12,185]],[[7123,4394],[-53,52],[-139,-13],[-28,-41]],[[6903,4392],[-37,-5],[-43,122],[-62,81],[-95,6]],[[6666,4596],[-19,160],[33,98]],[[7032,3801],[-69,-60],[-77,46],[-52,73],[-31,-98],[-43,-17],[-72,48]],[[6688,3793],[-77,180],[18,48],[133,-6],[-49,123]],[[6713,4138],[146,18],[7,148],[50,28],[-13,60]],[[6377,4440],[50,118],[109,-32],[114,-3],[16,73]],[[6713,4138],[-53,-19],[-35,71],[-119,126],[-109,3],[-20,121]],[[6165,4399],[212,41]],[[6688,3793],[-57,-34],[-83,-125]],[[6548,3634],[-114,24]],[[6434,3658],[-90,139],[3,70],[-71,-11],[23,110],[-65,83]],[[6234,4049],[-8,114],[16,149],[-63,-38],[-14,125]],[[6165,4399],[-10,6]],[[6155,4405],[-56,31],[38,118],[76,49],[10,63],[-35,90],[16,151]],[[6234,4049],[-61,-45]],[[6173,4004],[-80,125],[-97,-13],[-89,33],[-73,122]],[[5834,4271],[33,155],[-9,59],[-101,30]],[[5757,4515],[22,81],[45,30],[151,-43],[34,-118],[146,-60]],[[5757,4515],[-34,-12]],[[5723,4503],[-89,173],[-7,93],[87,45],[59,87]],[[5773,4901],[93,-49],[49,35],[115,-36],[89,140]],[[5502,5001],[4,90]],[[5506,5091],[27,132],[58,-42],[145,-34]],[[5736,5147],[26,-63],[11,-183]],[[5723,4503],[-105,9],[-85,74]],[[5533,4586],[-102,75]],[[5431,4661],[162,180],[-13,86],[-78,74]],[[5736,5147],[42,134],[110,97]],[[5259,5264],[-14,79]],[[5245,5343],[32,73],[152,121]],[[5506,5091],[-195,96],[-52,77]],[[5259,5264],[-73,-107],[-44,37],[-8,124],[-107,42]],[[5027,5360],[74,14],[144,-31]],[[5102,4939],[100,96],[63,7],[96,-103],[59,-19],[82,81]],[[5431,4661],[-45,-9],[-128,78],[-72,-9]],[[5186,4721],[-79,117],[-5,101]],[[5102,4939],[-96,-26],[-200,29]],[[4806,4942],[22,149]],[[4828,5091],[103,-8],[57,42],[13,184],[26,51]],[[4828,5091],[44,118],[-1,69]],[[4871,5278],[65,111],[7,135]],[[4943,5524],[115,107]],[[4789,5429],[31,95],[48,33],[75,-33]],[[4871,5278],[-59,76]],[[4812,5354],[-23,75]],[[4678,5463],[-7,-50],[-77,-11],[107,-134],[88,68]],[[4789,5336],[23,18]],[[4806,4942],[-40,-51],[-56,17],[-53,-85]],[[4657,4823],[-83,22],[-88,86],[-31,76]],[[4455,5007],[48,180],[-50,73],[50,68],[-96,132]],[[4407,5460],[122,-6],[33,59],[116,-50]],[[4407,5460],[-4,4]],[[4403,5464],[-140,146]],[[4783,5661],[6,-232]],[[4789,5336],[-29,73],[-82,54]],[[4403,5464],[-82,-159],[-18,-97],[-36,-7],[-31,166],[-84,11]],[[4152,5378],[-98,75],[-160,-16],[-31,34]],[[3863,5471],[-18,80],[36,128]],[[4455,5007],[-51,-11],[-32,-65]],[[4372,4931],[-131,51],[-198,146]],[[4043,5128],[101,59],[8,191]],[[4291,4595],[-43,25]],[[4248,4620],[42,191],[82,120]],[[4657,4823],[5,-182],[-19,-46]],[[4643,4595],[-197,-20],[-46,-52],[-54,65],[-55,7]],[[4248,4620],[-103,-28]],[[4145,4592],[-73,76],[-77,-13],[-36,38],[-25,163]],[[3934,4856],[-22,100]],[[3912,4956],[63,125],[68,47]],[[3912,4956],[-82,42],[-19,111],[-94,157]],[[3717,5266],[9,77],[109,129],[28,-1]],[[3717,5266],[-124,28],[-63,-54],[-33,-105],[-50,-10],[-89,176]],[[3358,5301],[28,49],[-38,191],[87,110],[2,90]],[[3292,5260],[66,41]],[[3934,4856],[-69,-38],[-143,-1],[-200,-86]],[[3522,4731],[-60,69],[-136,70]],[[3326,4870],[8,197],[-42,193]],[[3292,5260],[-41,69],[-22,136]],[[3229,5465],[-6,48]],[[3229,5465],[-70,-56],[-114,4],[-39,-31]],[[3006,5382],[-127,-11]],[[2879,5371],[-125,118],[-47,135],[-87,37]],[[2620,5661],[-31,201],[54,107],[-73,122]],[[2620,5661],[-89,74],[-51,-77]],[[2480,5658],[-63,94],[-150,71],[-57,-66]],[[2210,5757],[-51,97]],[[2159,5854],[88,133],[-22,76],[62,31],[36,76],[105,45]],[[2159,5854],[-53,-33]],[[2106,5821],[-1,69],[-63,156],[-78,-4],[-40,56],[26,89]],[[1950,6187],[52,-23],[165,17],[45,69],[-9,118],[24,75]],[[1692,6561],[88,-4],[140,-69],[51,46],[178,17]],[[1950,6187],[-141,42],[-41,-14]],[[1768,6215],[-70,1],[-52,148],[6,131],[40,66]],[[1768,6215],[-43,-353]],[[1725,5862],[-7,-7]],[[1718,5855],[-221,45],[-50,51],[-52,114],[-55,-40],[-163,45],[0,190],[58,18],[63,-46],[25,66],[52,-20],[94,52],[4,51],[71,138],[-8,84],[144,-5],[12,-37]],[[1961,5689],[6,83],[-48,37],[-67,-78],[-63,107],[-64,24]],[[2106,5821],[-5,-126],[-77,38],[-63,-44]],[[1967,5375],[-82,114],[61,93],[15,107]],[[2210,5757],[2,-88],[-46,-112],[-69,-56],[34,-123]],[[2131,5378],[-60,-11],[-47,63],[-57,-55]],[[1967,5375],[20,-177]],[[1987,5198],[-171,-24],[-56,151],[-67,43],[-68,-11],[-34,128]],[[1591,5485],[9,55],[82,-47],[58,203],[-31,59],[9,100]],[[1987,5198],[2,-121],[-136,-72],[-4,-73],[-53,-132]],[[1796,4800],[-89,-18],[2,95],[-152,200],[-84,9],[-13,88],[-49,38],[18,51],[-50,42],[43,118],[-24,59],[124,-45],[69,48]],[[2131,5378],[24,-24],[-12,-178]],[[2143,5176],[-86,-23],[75,-152],[-49,-52],[-47,47],[-8,-92],[28,-66],[67,-21],[-54,-125]],[[2069,4692],[-109,-31],[-164,139]],[[2280,4498],[-55,5],[-31,110],[-125,79]],[[2143,5176],[22,-29],[93,26],[-6,125],[55,32]],[[2307,5330],[-39,-63],[101,-48],[-20,-125],[61,-28],[33,52],[45,-65],[-22,-139]],[[2466,4914],[-252,-10],[-13,-28],[59,-138],[32,-149],[-12,-91]],[[2480,5658],[-83,-212],[-14,-81]],[[2383,5365],[-76,-35]],[[2879,5371],[1,-39]],[[2880,5332],[-58,-42],[-118,-34],[-39,39],[-140,-25],[-142,95]],[[2880,5332],[8,-106],[-67,-88],[-32,-92],[-82,-46]],[[2707,5000],[-76,42],[-103,-106],[-62,-22]],[[2341,4493],[-61,5]],[[2707,5000],[8,-114],[-34,-58]],[[2681,4828],[-52,-12],[-14,-79],[-107,-123],[-125,-63],[-42,-58]],[[2871,4377],[0,-3]],[[2871,4374],[-141,-61],[-102,23],[-39,-77]],[[2589,4259],[-117,102],[-40,-21],[5,122],[-96,31]],[[2681,4828],[19,-129],[44,-64],[78,-4]],[[2822,4631],[3,-166],[46,-88]],[[3006,5382],[42,-83],[-57,-271],[-75,-30],[28,-254]],[[2944,4744],[-122,-113]],[[3326,4870],[-73,-29],[-37,-73]],[[3216,4768],[-59,39],[-99,-46],[-114,-17]],[[3216,4768],[-39,-79],[-83,-58],[7,-198]],[[3101,4433],[-55,6],[-71,-47],[-104,-15]],[[2615,4048],[-34,87],[41,88],[-33,36]],[[2871,4374],[67,-159],[-22,-113],[33,-137]],[[2949,3965],[-40,-9],[-69,85],[-128,25],[-76,-47],[-21,29]],[[3101,4433],[67,-76],[71,15]],[[3239,4372],[34,-14],[28,-122],[-16,-93]],[[3285,4143],[-36,-70],[8,-89]],[[3257,3984],[-107,17],[-104,-70]],[[3046,3931],[-97,34]],[[3522,4731],[16,-111]],[[3538,4620],[-44,15],[-88,-45],[-20,-119],[-101,-32],[-46,-67]],[[3757,4194],[-9,-31]],[[3748,4163],[-70,-24],[-68,45],[-14,55],[-119,-20],[-51,-121],[-141,45]],[[3538,4620],[66,-86]],[[3604,4534],[27,-98],[61,-49],[65,-193]],[[3292,3970],[-35,14]],[[3748,4163],[42,-328]],[[3790,3835],[-2,-8]],[[3788,3827],[-80,-21]],[[3708,3806],[-43,26]],[[3665,3832],[-87,66]],[[3578,3898],[-33,58],[-90,9],[-46,50],[-117,-45]],[[3757,4194],[172,-58]],[[3929,4136],[116,-143]],[[4045,3993],[-32,-104],[-33,49],[-60,-13],[-37,-67],[-93,-23]],[[4086,4343],[5,-58],[-54,-59]],[[4037,4226],[-57,-4],[-51,-86]],[[3604,4534],[182,-1],[142,77],[46,-102],[48,-37],[3,-138],[61,10]],[[4145,4592],[-6,-76],[40,-65],[-93,-108]],[[4291,4595],[65,-210],[13,-122],[-15,-106],[-81,-18]],[[4273,4139],[-32,21],[-60,-110]],[[4181,4050],[-144,176]],[[4300,3638],[-98,26],[-29,115],[-8,141],[-49,-6],[-71,79]],[[4181,4050],[15,-55],[136,-75],[79,53],[-42,-101],[30,-110],[-99,-124]],[[4300,3638],[146,-57]],[[4446,3581],[-9,-95],[-66,17],[-51,-63],[-127,-3],[-101,34],[-37,-17]],[[4055,3454],[-74,80],[-49,114]],[[3932,3648],[-20,97],[-122,70]],[[3790,3815],[-2,12]],[[4273,4139],[-5,-53],[128,5],[45,52],[41,-50],[108,15]],[[4590,4108],[32,-58],[-108,-122],[-46,-173],[32,-131]],[[4500,3624],[9,-97],[-66,-8],[3,62]],[[4643,4595],[12,-64]],[[4655,4531],[-52,-116],[6,-145],[-19,-162]],[[5186,4721],[-120,-40],[-41,-126],[-67,-80]],[[4958,4475],[-69,51],[-47,87],[1,-107],[-88,-60]],[[4755,4446],[-100,85]],[[5365,4176],[-127,8]],[[5238,4184],[-34,100],[-50,58]],[[5154,4342],[-40,39],[-97,-6],[-59,100]],[[5533,4586],[-51,-88],[-94,2],[-29,-212],[6,-112]],[[5154,4342],[-122,19],[-89,-101]],[[4943,4260],[-146,96]],[[4797,4356],[-42,90]],[[5238,4184],[-43,-52],[-93,-39],[-44,-98],[50,-188]],[[5108,3807],[-29,-75]],[[5079,3732],[-53,9],[-110,121],[-25,96],[52,302]],[[4797,4356],[-16,-95],[-77,-232],[37,-162],[19,-178],[56,-156]],[[4816,3533],[-98,-96],[-80,14]],[[4638,3451],[-35,86],[-103,87]],[[4902,3517],[-86,16]],[[5079,3732],[-1,-153],[-122,3],[-54,-65]],[[5365,4176],[70,-144]],[[5435,4032],[-21,-135],[43,-100],[7,-101]],[[5464,3696],[-96,-14],[-101,98],[-159,27]],[[5834,4271],[-79,45],[-125,-4],[-65,-62],[-7,-62],[35,-95]],[[5593,4093],[-48,-54],[-110,-7]],[[6173,4004],[-43,-99],[-74,-36],[-99,-100]],[[5957,3769],[-182,72],[-72,150],[-54,6]],[[5649,3997],[15,62],[-71,34]],[[5673,3493],[-46,7],[-69,82]],[[5558,3582],[-14,52],[-80,62]],[[5649,3997],[56,-137],[-31,-94],[90,-232],[-91,-41]],[[4937,3491],[-35,26]],[[5558,3582],[-13,-90],[-47,-28]],[[5498,3464],[-21,43],[-95,-71],[-60,42],[-39,-32],[-142,53],[-19,-45]],[[5122,3454],[-139,45],[-46,-8]],[[5498,3464],[0,-208]],[[5498,3256],[-59,-155],[-43,-7]],[[5396,3094],[-99,124],[-20,73],[-47,-13],[-59,59],[-49,117]],[[5860,3211],[73,-194],[84,-69],[1,-47]],[[6018,2901],[-112,-45],[-40,-84],[-75,-82],[-88,44],[-22,97]],[[5681,2831],[19,76],[-57,35],[-77,-124],[-46,2]],[[5520,2820],[-124,274]],[[5498,3256],[83,69],[53,5],[57,-63],[-44,-54],[-4,-70],[155,100],[62,-32]],[[6237,3462],[25,-106],[55,-75],[28,-93],[-54,-96],[-147,-82],[-7,-93]],[[6137,2917],[-45,-23]],[[6092,2894],[-74,7]],[[5860,3211],[70,81]],[[5930,3292],[161,-35],[16,103]],[[6107,3360],[58,0],[44,102],[28,0]],[[5673,3493],[1,-38],[147,-53],[25,-70],[84,-40]],[[5957,3769],[19,-117],[-2,-180],[71,-11],[62,-101]],[[6434,3658],[-197,-196]],[[6548,3634],[-45,-39],[67,-83],[0,-131],[55,-90]],[[6625,3291],[5,-137]],[[6630,3154],[-5,-233],[-55,-24]],[[6570,2897],[-59,42],[-66,-10],[-33,81],[-47,-50],[-93,12],[-135,-55]],[[7037,3278],[-11,-24]],[[7026,3254],[-136,14],[-29,-52],[-130,83],[-106,-8]],[[6679,2815],[-34,86],[5,148],[28,46],[-48,59]],[[7026,3254],[31,-239],[-57,-55],[-4,-139]],[[6996,2821],[-119,-80],[-198,74]],[[7456,2814],[-54,0],[-79,76],[-41,-21]],[[7282,2869],[-75,67],[-32,-49],[11,-80],[-48,-61]],[[7138,2746],[-142,75]],[[7404,3309],[33,-83],[78,-18],[-39,-103],[12,-93],[-49,-66],[37,-57],[-20,-75]],[[7933,3035],[-32,-148],[-115,-152],[-70,6],[-53,-163],[-87,-125],[-29,-5],[-33,141],[-124,32]],[[7390,2621],[83,149],[-17,44]],[[8530,2935],[-27,-7],[-15,-138],[-118,38],[26,-100],[-43,-52],[-1,-129],[-163,91],[-43,-63],[-94,51],[-8,-53]],[[8044,2573],[26,95],[-6,90],[33,143],[-19,55],[-85,34],[-24,56]],[[8044,2573],[-56,-323],[-66,44],[-49,-54],[-46,11],[-69,-73]],[[7758,2178],[-116,106],[-184,32]],[[7458,2316],[-43,101],[10,88],[-41,94]],[[7384,2599],[6,22]],[[7384,2599],[-119,128],[51,52],[-34,90]],[[7138,2746],[32,-95],[-8,-132],[52,-37],[71,-180]],[[7285,2302],[-129,-7],[-37,37],[-115,-20],[-224,17]],[[6780,2329],[29,132],[34,45],[-68,27],[-75,73]],[[6700,2606],[-71,48],[50,161]],[[7458,2316],[-164,-21]],[[7294,2295],[-9,7]],[[7294,2295],[18,-110],[-59,-301]],[[7253,1884],[-78,-67],[-59,43]],[[7116,1860],[29,83],[-59,43],[-15,91],[-45,62],[-127,-72],[-23,-79],[-104,-45],[-68,20]],[[6704,1963],[-6,156],[82,210]],[[7758,2178],[-66,-128],[19,-76],[-14,-219],[23,-76],[-15,-76],[-74,-10]],[[7631,1593],[-116,117],[-68,146],[-52,-31],[-68,79],[-74,-20]],[[7631,1593],[-73,-122]],[[7558,1471],[-142,81],[-45,-56],[-102,-38],[-71,-110],[-66,43],[-128,0],[-2,153],[-32,105]],[[6970,1649],[71,68],[13,119],[62,24]],[[6900,925],[3,93],[-59,52],[-70,-37],[3,142],[-17,86],[44,85],[7,175],[79,50],[-6,69],[86,9]],[[7558,1471],[38,-20],[-43,-167],[14,-51],[-55,-157],[-20,-130],[-69,-51],[-123,103],[-102,-159],[18,-121],[-61,68],[-45,-48],[-95,74],[-30,109],[-85,4]],[[6429,1993],[29,2],[100,-128],[146,96]],[[6900,925],[-9,-76],[-155,-82],[-143,106]],[[6593,873],[-39,97]],[[6554,970],[36,44],[-13,135],[-49,15],[-1,72],[-103,232],[61,129],[-56,89],[-16,246],[16,61]],[[6426,2631],[62,-14],[73,-104],[55,59],[84,34]],[[6429,1993],[-126,111],[-61,211]],[[6242,2315],[117,146],[67,170]],[[6426,2631],[-16,103],[44,104],[67,4],[49,55]],[[6242,2315],[-61,7]],[[6181,2322],[-76,253],[69,55],[50,-31],[50,59],[-53,80],[87,14],[4,106],[-132,-44],[-88,80]],[[6181,2322],[-122,-85]],[[6059,2237],[-106,12],[-34,-33],[-61,-194],[-121,79],[-55,59],[-37,-69]],[[5645,2091],[-51,42],[83,34],[-44,68],[-48,-81],[-5,113],[-48,-69],[-20,128],[76,104],[40,138],[-34,81],[33,57],[-13,93],[67,32]],[[5645,2091],[-24,-138]],[[5621,1953],[-41,78],[-57,-51],[-132,-9],[-67,24]],[[5324,1995],[62,61],[-84,204],[11,97],[36,21],[-3,197],[-67,76],[-75,-35],[-90,15]],[[5114,2631],[-3,110]],[[5111,2741],[78,-16],[60,68],[21,118],[75,-21],[38,-83],[137,13]],[[5324,1995],[-93,51],[-121,-35],[-43,-45]],[[5067,1966],[-36,38],[-45,-41],[-87,69],[40,39],[-8,172]],[[4931,2243],[41,94],[45,20],[37,90],[77,80],[-57,80]],[[5074,2607],[40,24]],[[4664,2358],[62,-29],[71,156],[49,51],[-49,109],[25,87],[95,0],[43,-101],[59,-38],[55,14]],[[4931,2243],[-14,52],[-116,-18],[-75,38],[-50,-28]],[[4676,2287],[-54,43],[42,28]],[[4664,2358],[-6,107],[-110,100],[-18,115]],[[4530,2680],[92,61],[8,79]],[[4630,2820],[54,94]],[[4684,2914],[23,49],[101,65],[46,-69]],[[4854,2959],[44,-83],[85,17],[128,-152]],[[4416,2880],[41,6],[68,-80],[41,77],[64,-63]],[[4530,2680],[-64,-35],[1,-109],[-35,-47]],[[4432,2489],[-42,128],[46,128],[-20,135]],[[4676,2287],[-13,-110],[-104,-99],[-80,-15],[8,-106]],[[4487,1957],[-54,19],[-47,70],[-102,-22],[-111,-78]],[[4173,1946],[-26,62]],[[4147,2008],[37,93],[59,35],[-45,128],[126,129],[97,51],[11,45]],[[3744,2825],[67,-57],[125,-50],[67,-126],[-20,-65],[41,-58]],[[4024,2469],[8,-195],[-83,-169]],[[3949,2105],[-62,-7],[-110,114]],[[3777,2212],[-74,110],[44,129],[-50,100],[32,148],[36,26],[-21,100]],[[3845,3139],[130,-28]],[[3975,3111],[-40,-107],[75,-65],[45,13],[55,-97],[130,-49]],[[4240,2806],[-13,-69],[-49,-37],[-33,-121],[-95,-58],[-26,-52]],[[3744,2825],[-15,47]],[[3729,2872],[28,105],[13,159]],[[3770,3136],[75,3]],[[4240,2806],[103,73],[73,1]],[[4147,2008],[-198,97]],[[3975,3111],[137,48],[84,105],[54,0],[135,-73],[133,-13],[115,-116]],[[4633,3062],[51,-148]],[[4854,2959],[33,72],[-25,81],[28,61],[80,63],[-74,131],[41,124]],[[4633,3062],[19,88],[-124,85],[-42,164],[102,0],[50,52]],[[3845,3139],[19,96],[119,84],[78,-7],[-6,142]],[[3665,3832],[-40,-105],[4,-89]],[[3629,3638],[-99,40]],[[3530,3678],[22,184],[26,36]],[[3670,3640],[-41,-2]],[[3708,3806],[-38,-166]],[[3790,3815],[-28,-180]],[[3762,3635],[-75,-12]],[[3687,3623],[-17,17]],[[3932,3648],[-68,-55],[-102,42]],[[3770,3136],[-28,66]],[[3742,3202],[20,78],[-115,113],[-9,152],[49,78]],[[3530,3678],[-56,-75],[-75,9]],[[3399,3612],[-12,156],[21,95],[-116,107]],[[3399,3612],[-46,-72]],[[3353,3540],[-82,39],[-93,-32],[-78,-79],[-104,113]],[[2996,3581],[-5,94]],[[2991,3675],[14,135],[41,121]],[[3742,3202],[-136,28],[-51,-29],[-120,29]],[[3435,3230],[2,213],[-84,97]],[[3729,2872],[-75,22],[-42,-104],[-108,18],[-101,-57]],[[3403,2751],[-62,67],[-82,-94],[-42,51]],[[3217,2775],[34,310]],[[3251,3085],[57,69],[127,76]],[[2903,3163],[110,-55],[92,27],[91,-9],[55,-41]],[[3217,2775],[-63,-131],[-81,-49]],[[3073,2595],[-122,11],[-35,132],[-59,-8],[-34,-86],[20,-97],[-64,-4]],[[2779,2543],[46,137],[-51,81],[60,53],[-56,45]],[[2778,2859],[30,104]],[[2808,2963],[74,101],[21,99]],[[2903,3163],[18,156],[-17,138],[92,124]],[[2808,2963],[-104,104],[5,75],[-108,142],[-61,-54],[-34,81]],[[2506,3311],[29,106],[-18,72],[-57,31]],[[2460,3520],[-63,72],[41,53]],[[2438,3645],[121,-1]],[[2559,3644],[88,-34],[31,-96],[135,13],[13,56]],[[2826,3583],[55,61],[110,31]],[[2438,3645],[-7,128],[-46,45],[35,93]],[[2420,3911],[64,9],[7,146],[124,-18]],[[2826,3583],[-60,85],[29,62],[-220,15],[-16,-101]],[[2231,2960],[-10,93],[39,62],[87,8],[-21,96],[37,45],[55,-55],[-8,82],[96,20]],[[2778,2859],[-72,-56]],[[2706,2803],[-40,59],[-148,-13],[-41,48],[-80,-20],[-26,41],[-45,-52],[-95,94]],[[2035,2925],[40,-17],[-24,118],[85,-1],[95,-65]],[[2706,2803],[-81,-159],[-117,-59],[-58,8],[-88,-45],[-45,-74]],[[2317,2474],[-54,-2],[-55,61],[-121,19],[-78,114],[37,104]],[[2046,2770],[-11,155]],[[2075,3443],[48,49],[69,-28],[83,49],[185,7]],[[2035,2925],[-35,75],[13,66]],[[2013,3066],[-14,121],[62,69]],[[2061,3256],[22,26],[-8,161]],[[1986,3886],[28,0],[26,204],[125,-44],[16,-83],[94,41],[37,-80],[108,-13]],[[2075,3443],[-41,115],[35,245],[-83,83]],[[1542,3702],[-24,84]],[[1518,3786],[17,45],[-21,121],[50,70],[108,28],[92,-77],[11,-86],[35,-24],[147,-4],[29,27]],[[2061,3256],[-53,40],[-56,-16],[-40,84],[7,103],[-48,67],[18,124],[-137,-79],[-53,86],[-114,-7],[-43,44]],[[979,3055],[-33,73]],[[946,3128],[37,63],[67,35],[-11,72],[67,87],[13,76],[53,31],[201,214],[145,80]],[[1542,3702],[-25,-65],[40,-132]],[[1557,3505],[-47,-44],[-151,-28],[-107,-47],[-49,9],[-31,-73],[7,-78],[-47,6],[-15,-93],[-113,-42],[-25,-60]],[[2013,3066],[-164,-51],[-156,66],[-90,-25]],[[1603,3056],[20,156],[79,72],[53,-54],[38,45],[-31,85],[-75,35],[13,69],[-54,32],[-57,-32],[-32,41]],[[1603,3056],[-115,-34],[-26,-76],[27,-87],[-33,-93],[-42,2]],[[1414,2768],[-69,-7],[-66,73],[-125,8],[-34,30]],[[1120,2872],[-141,183]],[[434,2472],[-50,-21]],[[384,2451],[-121,-24],[-22,47],[-105,36],[-74,-21]],[[62,2489],[-23,20],[119,100],[28,91],[103,7],[22,56],[152,111],[147,47],[60,111],[74,4],[20,76],[182,16]],[[1120,2872],[-68,-65],[-28,-97]],[[1024,2710],[-105,35],[-70,-62],[-118,85],[-104,-27],[-129,-123],[0,-53],[-64,-93]],[[1024,2710],[-55,-117],[14,-164],[-14,-114],[51,-224]],[[1020,2091],[-16,-84],[-41,-41]],[[963,1966],[-62,63],[-49,176],[-96,89],[-122,57],[-200,121]],[[963,1966],[-9,-93],[-60,-107],[-42,-128],[-7,-94],[-45,-165]],[[800,1379],[-154,118],[-18,47],[68,125],[15,284],[-62,114],[-89,-35],[-69,18],[-47,138],[-13,173],[-47,90]],[[800,1379],[101,-150],[55,-49],[-28,-120],[-98,-252],[-56,-190]],[[774,618],[-38,23],[-165,-7],[-116,36],[-89,2],[37,63],[1,152],[44,69],[-84,66],[32,77],[-66,75],[-2,90],[-54,-13],[-83,118],[-50,33],[18,67],[-89,259],[11,146],[-36,23],[10,132],[-49,14],[-6,65],[75,201],[-13,180]],[[1340,940],[-51,-129],[-59,-80],[-122,-41],[-147,-11],[-93,-52],[-94,-9]],[[1020,2091],[98,-114],[68,9],[75,-53],[107,58]],[[1368,1991],[-28,-119],[1,-121],[-55,-92],[-78,-46],[-32,-86],[-8,-301],[128,-113]],[[1296,1113],[44,-173]],[[1368,1991],[93,13]],[[1461,2004],[55,-18],[137,18]],[[1653,2004],[-8,-97],[-68,-96],[-6,-122],[94,-154]],[[1665,1535],[-34,-84],[-103,-162],[-122,-118],[-110,-58]],[[1414,2768],[-27,-99],[123,-229]],[[1510,2440],[-76,-132],[27,-304]],[[2046,2770],[-209,-90],[-98,38],[-37,-39],[1,-142],[-62,-158]],[[1641,2379],[-131,61]],[[2289,2384],[-1,-3]],[[2288,2381],[-54,-158],[-295,-275]],[[1939,1948],[-69,81],[-5,65],[-51,25],[-55,-60],[-106,-55]],[[1641,2379],[116,-67],[89,17],[155,-73],[83,4],[81,119],[64,48],[60,-43]],[[1939,1948],[-9,-38]],[[1930,1910],[-175,-279],[-90,-96]],[[2317,2474],[-28,-90]],[[2779,2543],[-16,-110],[-61,-52],[-11,-62]],[[2691,2319],[-40,-44],[-45,44],[-25,-70],[-57,77],[-79,-66]],[[2445,2260],[-36,41],[-72,-51],[-49,131]],[[3073,2595],[-13,-92],[40,-128],[14,-139]],[[3114,2236],[-19,-48],[-133,3],[-94,-48]],[[2868,2143],[-45,107],[-132,69]],[[3174,2218],[-10,-6]],[[3164,2212],[-50,24]],[[3403,2751],[4,-161]],[[3407,2590],[-103,-185],[-114,-12],[-37,-108],[21,-67]],[[3777,2212],[-98,31],[-60,-135],[-75,-72]],[[3544,2036],[-70,54]],[[3474,2090],[36,25],[-30,274],[67,41],[-16,153],[-75,61],[-49,-54]],[[3474,2090],[-60,-52],[-61,15],[-81,-62],[-62,80],[15,51],[-51,96]],[[2868,2143],[-48,-58],[68,-114],[-60,-122],[-15,-89],[-143,-156]],[[2670,1604],[-45,-36],[-63,74],[-103,34],[-71,-18],[-32,57]],[[2356,1715],[47,141],[-63,92],[22,112],[69,117],[14,83]],[[2356,1715],[-25,-91]],[[2331,1624],[-162,-76],[-148,58]],[[2021,1606],[14,91],[49,42],[1,75],[-73,87],[-82,9]],[[2021,1606],[33,-172],[-1,-87],[-48,-98],[7,-64]],[[2012,1185],[-128,-5],[-81,-54],[-82,-18],[4,-92],[-66,-211],[-55,-67],[-89,56]],[[1515,794],[-47,118],[-109,72],[-19,-44]],[[2012,1185],[89,-28],[37,-62],[-5,-104],[29,-60],[87,-36],[39,-73],[-8,-70]],[[2280,752],[-20,-66],[-55,62],[-83,11],[-61,-163],[-35,-16]],[[2026,580],[-11,79],[-53,124],[-71,-100],[-45,63],[-52,-45],[-19,57],[-54,-29],[13,-102],[-87,52],[8,-69],[-60,-66],[-43,65],[3,84],[-40,101]],[[2331,1624],[67,-218],[-47,-152],[-59,-98],[-9,-147],[75,-156]],[[2358,853],[-78,-101]],[[2670,1604],[109,-101]],[[2779,1503],[48,-149],[-20,-180],[-70,-76],[-67,73],[-20,-93]],[[2650,1078],[-88,-118],[-6,-63],[-57,-90]],[[2499,807],[-141,46]],[[2779,1503],[117,69],[129,-11],[155,56]],[[3180,1617],[58,-125],[-42,-155]],[[3196,1337],[-71,-100],[5,-124]],[[3130,1113],[-44,-43],[-8,-87],[-196,-124],[-110,27],[-122,192]],[[3130,1113],[25,-147],[80,-52],[76,-3],[30,-55],[-56,-98],[-21,-192],[-39,-132],[75,-191]],[[3300,243],[-111,-4],[-50,140],[3,114],[-105,20],[10,117],[-75,49],[-30,-69],[-78,-23],[-79,-78]],[[2785,509],[-12,98],[-55,104],[-82,-39],[-138,20],[1,115]],[[2785,509],[-47,-34],[-41,-176],[-72,28],[-82,-7],[-32,-49],[-89,-21],[8,-103],[-65,-147],[-57,60],[-20,84],[-76,-21],[10,79],[-80,86],[-93,17],[-12,98],[-73,56],[2,85],[60,36]],[[3868,571],[-35,-54],[-143,-21],[33,-97],[-97,-59],[-56,-76],[-55,15],[22,149],[-47,-70],[-28,27],[-97,-34],[-65,-108]],[[3196,1337],[49,-90]],[[3245,1247],[92,-229],[50,-20],[70,79],[65,-34],[82,-146],[134,-118],[61,-17],[69,-191]],[[4189,721],[-62,-41],[-175,-8],[-3,-83],[-81,-18]],[[3245,1247],[113,14],[65,42]],[[3423,1303],[102,-14],[49,52],[140,-38],[151,-109],[75,111]],[[3940,1305],[89,-26],[3,-164],[-45,-56],[-5,-124],[27,-103],[94,-66],[83,28],[3,-73]],[[3405,1513],[5,-190]],[[3410,1323],[-71,73],[14,75],[52,42]],[[3164,2212],[-11,-152],[72,-242],[-3,-128],[-42,-73]],[[3544,2036],[0,-76],[-82,-190],[2,-100]],[[3464,1670],[-22,-105],[-37,-52]],[[3410,1323],[13,-20]],[[4152,1670],[-103,-151],[-47,-22]],[[4002,1497],[-142,103],[-93,-62],[-303,132]],[[4173,1946],[8,-156],[-29,-120]],[[4002,1497],[1,-54]],[[4003,1443],[-58,-43],[-5,-95]],[[4003,1443],[93,35],[28,45],[46,-37],[37,-150],[61,-65],[39,45],[106,-52],[192,-173]],[[4605,1091],[18,-37],[84,34]],[[4707,1088],[30,-231],[-59,-40],[-136,70],[-16,-107],[-65,-4],[-4,-89],[-65,-1],[-15,53],[-122,-40],[-66,22]],[[4152,1670],[142,53],[74,-90],[103,-29],[69,38]],[[4540,1642],[38,-80],[16,-115],[-37,-138],[48,-218]],[[4487,1957],[82,-53],[68,-169]],[[4637,1735],[-82,-29],[-15,-64]],[[5591,1295],[-7,-20]],[[5584,1275],[-106,6],[17,101],[-89,-39],[-81,-94],[-78,22],[-99,169],[-121,18],[-14,-35],[-83,24],[-67,56],[-63,-152],[7,-59],[-58,-152],[-42,-52]],[[4637,1735],[67,61],[124,-55],[5,-90],[114,4],[84,55],[8,66]],[[5039,1776],[63,-3],[81,-125],[74,4],[178,-105],[104,-5],[52,-247]],[[5067,1966],[6,-89],[-34,-101]],[[5621,1953],[46,-67],[14,-114],[153,-106],[5,-156],[39,-107]],[[5878,1403],[-96,-56],[-81,13],[-110,-65]],[[6059,2237],[-24,-108],[46,-179],[-42,-198],[-69,17],[-36,-129],[16,-113],[59,-86],[5,-57]],[[6014,1384],[-91,-23],[-45,42]],[[6554,970],[-86,-24],[-147,27],[-4,50],[-63,53],[-52,188],[-82,21],[-106,99]],[[6593,873],[-29,-72],[-56,-38],[-16,-67],[-47,1],[-66,-143],[-5,-168],[-45,-8],[-8,-127],[-93,7],[-124,176],[-69,-4],[-81,60],[67,131],[-18,139],[39,72],[-149,3],[-63,76],[-4,-59],[-101,-20],[-79,79],[-16,84],[32,95],[-49,159],[-29,26]]],"transform":{"scale":[0.0004976342971211013,0.0003564031329890972],"translate":[83.31607055664091,24.287040710449332]}}