{"type":"Topology","objects":{"Tamil_Nadu":{"type":"GeometryCollection","bbox":[76.25251188602276,8.01653558741593,80.39159830840786,13.608375685677284],"geometries":[{"type":"Polygon","properties":{"ac":"73","ASSEMBLY_1":"VANUR (SC)","DISTRICT":"VILUPPURAM","PARLIAMENT":"13","P_NAME":"VILUPPURAM (SC)","STATE_UT":"TAMILNADU"},"arcs":[[0,1,2]]},{"type":"Polygon","properties":{"ac":"230","ASSEMBLY_1":"NAGERCOIL","DISTRICT":"KANNIYAKUMARI","PARLIAMENT":"39","P_NAME":"KANNIYAKUMARI","STATE_UT":"TAMILNADU"},"arcs":[[3,4,5]]},{"type":"Polygon","properties":{"ac":"234","ASSEMBLY_1":"KILLIYOOR","DISTRICT":"KANNIYAKUMARI","PARLIAMENT":"39","P_NAME":"KANNIYAKUMARI","STATE_UT":"TAMILNADU"},"arcs":[[6,7,8,9,10]]},{"type":"Polygon","properties":{"ac":"233","ASSEMBLY_1":"VILAVANCODE","DISTRICT":"KANNIYAKUMARI","PARLIAMENT":"39","P_NAME":"KANNIYAKUMARI","STATE_UT":"TAMILNADU"},"arcs":[[11,12,-11,13,14]]},{"type":"Polygon","properties":{"ac":"232","ASSEMBLY_1":"PADMANABHAPURAM","DISTRICT":"KANNIYAKUMARI","PARLIAMENT":"39","P_NAME":"KANNIYAKUMARI","STATE_UT":"TAMILNADU"},"arcs":[[15,-8,16,-12,17,18,19]]},{"type":"Polygon","properties":{"ac":"231","ASSEMBLY_1":"COLACHEL","DISTRICT":"KANNIYAKUMARI","PARLIAMENT":"39","P_NAME":"KANNIYAKUMARI","STATE_UT":"TAMILNADU"},"arcs":[[-7,-13,-17]]},{"type":"Polygon","properties":{"ac":"231","ASSEMBLY_1":"COLACHEL","DISTRICT":"KANNIYAKUMARI","PARLIAMENT":"39","P_NAME":"KANNIYAKUMARI","STATE_UT":"TAMILNADU"},"arcs":[[20,-5,21,-9,-16,22]]},{"type":"Polygon","properties":{"ac":"230","ASSEMBLY_1":"NAGERCOIL","DISTRICT":"KANNIYAKUMARI","PARLIAMENT":"39","P_NAME":"KANNIYAKUMARI","STATE_UT":"TAMILNADU"},"arcs":[[23,-6,-21,24]]},{"type":"Polygon","properties":{"ac":"229","ASSEMBLY_1":"KANNIYAKUMARI","DISTRICT":"KANNIYAKUMARI","PARLIAMENT":"39","P_NAME":"KANNIYAKUMARI","STATE_UT":"TAMILNADU"},"arcs":[[25,26,-25,-23,-20,27]]},{"type":"Polygon","properties":{"ac":"228","ASSEMBLY_1":"RADHAPURAM","DISTRICT":"TIRUNELVELI","PARLIAMENT":"38","P_NAME":"TIRUNELVELI","STATE_UT":"TAMILNADU"},"arcs":[[28,29,30,-26]]},{"type":"Polygon","properties":{"ac":"227","ASSEMBLY_1":"NANGUNERI","DISTRICT":"TIRUNELVELI","PARLIAMENT":"38","P_NAME":"TIRUNELVELI","STATE_UT":"TAMILNADU"},"arcs":[[31,32,33,-29,-28,-19,34,35,36]]},{"type":"Polygon","properties":{"ac":"226","ASSEMBLY_1":"PALAYAMKOTTAI","DISTRICT":"TIRUNELVELI","PARLIAMENT":"38","P_NAME":"TIRUNELVELI","STATE_UT":"TAMILNADU"},"arcs":[[-37,37]]},{"type":"Polygon","properties":{"ac":"225","ASSEMBLY_1":"AMBASAMUDRAM","DISTRICT":"TIRUNELVELI","PARLIAMENT":"38","P_NAME":"TIRUNELVELI","STATE_UT":"TAMILNADU"},"arcs":[[38,39,40,-35,-18,-15,41]]},{"type":"Polygon","properties":{"ac":"224","ASSEMBLY_1":"TIRUNELVELI","DISTRICT":"TIRUNELVELI","PARLIAMENT":"38","P_NAME":"TIRUNELVELI","STATE_UT":"TAMILNADU"},"arcs":[[42,43,44,-32,-38,-36,-41,45,46]]},{"type":"Polygon","properties":{"ac":"223","ASSEMBLY_1":"ALANGULAM","DISTRICT":"TIRUNELVELI","PARLIAMENT":"37","P_NAME":"TENKASI (SC)","STATE_UT":"TAMILNADU"},"arcs":[[-46,-40,47]]},{"type":"Polygon","properties":{"ac":"222","ASSEMBLY_1":"TENKASI","DISTRICT":"TIRUNELVELI","PARLIAMENT":"37","P_NAME":"TENKASI (SC)","STATE_UT":"TAMILNADU"},"arcs":[[48,-47,-48,-39,49,50]]},{"type":"Polygon","properties":{"ac":"221","ASSEMBLY_1":"KADAYANALLUR","DISTRICT":"TIRUNELVELI","PARLIAMENT":"37","P_NAME":"TENKASI (SC)","STATE_UT":"TAMILNADU"},"arcs":[[51,-51,52,53]]},{"type":"Polygon","properties":{"ac":"220","ASSEMBLY_1":"VASUDEVANALLUR (SC)","DISTRICT":"TIRUNELVELI","PARLIAMENT":"37","P_NAME":"TENKASI (SC)","STATE_UT":"TAMILNADU"},"arcs":[[54,55,56,-54,57]]},{"type":"Polygon","properties":{"ac":"219","ASSEMBLY_1":"SANKARANKOVIL (SC)","DISTRICT":"TIRUNELVELI","PARLIAMENT":"37","P_NAME":"TENKASI (SC)","STATE_UT":"TAMILNADU"},"arcs":[[58,-43,-49,-52,-57,59]]},{"type":"Polygon","properties":{"ac":"218","ASSEMBLY_1":"KOVILPATTI","DISTRICT":"THOOTHUKKUDI","PARLIAMENT":"36","P_NAME":"THOOTHUKKUDI","STATE_UT":"TAMILNADU"},"arcs":[[60,61,-44,-59,62,63]]},{"type":"Polygon","properties":{"ac":"217","ASSEMBLY_1":"OTTAPIDARAM (SC)","DISTRICT":"THOOTHUKKUDI","PARLIAMENT":"36","P_NAME":"THOOTHUKKUDI","STATE_UT":"TAMILNADU"},"arcs":[[64,65,66,-33,-45,-62,67]]},{"type":"Polygon","properties":{"ac":"216","ASSEMBLY_1":"SRIVAIKUNTAM","DISTRICT":"THOOTHUKKUDI","PARLIAMENT":"36","P_NAME":"THOOTHUKKUDI","STATE_UT":"TAMILNADU"},"arcs":[[68,69,70,-30,-34,-67,71]]},{"type":"Polygon","properties":{"ac":"215","ASSEMBLY_1":"TIRUCHENDUR","DISTRICT":"THOOTHUKKUDI","PARLIAMENT":"36","P_NAME":"THOOTHUKKUDI","STATE_UT":"TAMILNADU"},"arcs":[[-70,72]]},{"type":"Polygon","properties":{"ac":"214","ASSEMBLY_1":"THOOTHUKKUDI","DISTRICT":"THOOTHUKKUDI","PARLIAMENT":"36","P_NAME":"THOOTHUKKUDI","STATE_UT":"TAMILNADU"},"arcs":[[-72,-66,73]]},{"type":"Polygon","properties":{"ac":"213","ASSEMBLY_1":"VILATHIKULAM","DISTRICT":"THOOTHUKKUDI","PARLIAMENT":"36","P_NAME":"THOOTHUKKUDI","STATE_UT":"TAMILNADU"},"arcs":[[74,75,76,77,-68,-61]]},{"type":"Polygon","properties":{"ac":"212","ASSEMBLY_1":"MUDHUKULATHUR","DISTRICT":"RAMANATHAPURAM","PARLIAMENT":"35","P_NAME":"RAMANATHAPURAM","STATE_UT":"TAMILNADU"},"arcs":[[78,-77,79,80,81]]},{"type":"Polygon","properties":{"ac":"211","ASSEMBLY_1":"RAMANATHAPURAM","DISTRICT":"RAMANATHAPURAM","PARLIAMENT":"35","P_NAME":"RAMANATHAPURAM","STATE_UT":"TAMILNADU"},"arcs":[[82,83,84,-82]]},{"type":"Polygon","properties":{"ac":"210","ASSEMBLY_1":"TIRUVADANAI","DISTRICT":"RAMANATHAPURAM","PARLIAMENT":"35","P_NAME":"RAMANATHAPURAM","STATE_UT":"TAMILNADU"},"arcs":[[85,86,-84,87,88,89,90]]},{"type":"Polygon","properties":{"ac":"209","ASSEMBLY_1":"PARAMAKUDI (SC)","DISTRICT":"RAMANATHAPURAM","PARLIAMENT":"35","P_NAME":"RAMANATHAPURAM","STATE_UT":"TAMILNADU"},"arcs":[[91,-88,-83,-81,92]]},{"type":"Polygon","properties":{"ac":"208","ASSEMBLY_1":"TIRUCHULI","DISTRICT":"VIRUDHUNAGAR","PARLIAMENT":"35","P_NAME":"RAMANATHAPURAM","STATE_UT":"TAMILNADU"},"arcs":[[93,-93,-80,-76,94,95,96,97]]},{"type":"Polygon","properties":{"ac":"207","ASSEMBLY_1":"ARUPPUKKOTTAI","DISTRICT":"VIRUDHUNAGAR","PARLIAMENT":"34","P_NAME":"VIRUDHUNAGAR","STATE_UT":"TAMILNADU"},"arcs":[[98,-95,-75,-64,99]]},{"type":"Polygon","properties":{"ac":"206","ASSEMBLY_1":"VIRUDHUNAGAR","DISTRICT":"VIRUDHUNAGAR","PARLIAMENT":"34","P_NAME":"VIRUDHUNAGAR","STATE_UT":"TAMILNADU"},"arcs":[[100,-96,-99,101,102,103]]},{"type":"Polygon","properties":{"ac":"205","ASSEMBLY_1":"SIVAKASI","DISTRICT":"VIRUDHUNAGAR","PARLIAMENT":"34","P_NAME":"VIRUDHUNAGAR","STATE_UT":"TAMILNADU"},"arcs":[[104,-103,105]]},{"type":"Polygon","properties":{"ac":"204","ASSEMBLY_1":"SATTUR","DISTRICT":"VIRUDHUNAGAR","PARLIAMENT":"34","P_NAME":"VIRUDHUNAGAR","STATE_UT":"TAMILNADU"},"arcs":[[-60,-56,106,107,-106,-102,-100,-63]]},{"type":"Polygon","properties":{"ac":"203","ASSEMBLY_1":"SRIVILLIPUTHUR (SC)","DISTRICT":"VIRUDHUNAGAR","PARLIAMENT":"37","P_NAME":"TENKASI (SC)","STATE_UT":"TAMILNADU"},"arcs":[[108,-104,-105,-108,109,110,111,112]]},{"type":"Polygon","properties":{"ac":"202","ASSEMBLY_1":"RAJAPALAYAM","DISTRICT":"VIRUDHUNAGAR","PARLIAMENT":"37","P_NAME":"TENKASI (SC)","STATE_UT":"TAMILNADU"},"arcs":[[113,-110,-107,-55]]},{"type":"Polygon","properties":{"ac":"201","ASSEMBLY_1":"CUMBUM","DISTRICT":"THENI","PARLIAMENT":"33","P_NAME":"THENI","STATE_UT":"TAMILNADU"},"arcs":[[114,115,116]]},{"type":"Polygon","properties":{"ac":"200","ASSEMBLY_1":"BODINAYAKANUR","DISTRICT":"THENI","PARLIAMENT":"33","P_NAME":"THENI","STATE_UT":"TAMILNADU"},"arcs":[[117,-116,118,119,120]]},{"type":"Polygon","properties":{"ac":"199","ASSEMBLY_1":"PERIYAKULAM (SC)","DISTRICT":"THENI","PARLIAMENT":"33","P_NAME":"THENI","STATE_UT":"TAMILNADU"},"arcs":[[121,-121,122,123]]},{"type":"Polygon","properties":{"ac":"198","ASSEMBLY_1":"ANDIPATTI","DISTRICT":"THENI","PARLIAMENT":"33","P_NAME":"THENI","STATE_UT":"TAMILNADU"},"arcs":[[-117,-118,-122,124,125,-112,126]]},{"type":"Polygon","properties":{"ac":"197","ASSEMBLY_1":"USILAMPATTI","DISTRICT":"MADURAI","PARLIAMENT":"33","P_NAME":"THENI","STATE_UT":"TAMILNADU"},"arcs":[[-113,-126,127,128,129]]},{"type":"Polygon","properties":{"ac":"196","ASSEMBLY_1":"THIRUMANGALAM","DISTRICT":"MADURAI","PARLIAMENT":"34","P_NAME":"VIRUDHUNAGAR","STATE_UT":"TAMILNADU"},"arcs":[[130,-97,-101,-109,-130,131]]},{"type":"Polygon","properties":{"ac":"195","ASSEMBLY_1":"THIRUPARANKUNDRAM","DISTRICT":"MADURAI","PARLIAMENT":"34","P_NAME":"VIRUDHUNAGAR","STATE_UT":"TAMILNADU"},"arcs":[[132,133,-98,-131,134,135,136]]},{"type":"Polygon","properties":{"ac":"194","ASSEMBLY_1":"MADURAI WEST","DISTRICT":"MADURAI","PARLIAMENT":"32","P_NAME":"MADURAI","STATE_UT":"TAMILNADU"},"arcs":[[137,138,-135,-132,139,140]]},{"type":"Polygon","properties":{"ac":"193","ASSEMBLY_1":"MADURAI CENTRAL","DISTRICT":"MADURAI","PARLIAMENT":"32","P_NAME":"MADURAI","STATE_UT":"TAMILNADU"},"arcs":[[141,-136,-139,142]]},{"type":"Polygon","properties":{"ac":"192","ASSEMBLY_1":"MADURAI SOUTH","DISTRICT":"MADURAI","PARLIAMENT":"32","P_NAME":"MADURAI","STATE_UT":"TAMILNADU"},"arcs":[[143,-137,-142,144]]},{"type":"Polygon","properties":{"ac":"191","ASSEMBLY_1":"MADURAI NORTH","DISTRICT":"MADURAI","PARLIAMENT":"32","P_NAME":"MADURAI","STATE_UT":"TAMILNADU"},"arcs":[[-138,145,-145,-143]]},{"type":"Polygon","properties":{"ac":"190","ASSEMBLY_1":"SHOLAVANDAN (SC)","DISTRICT":"MADURAI","PARLIAMENT":"33","P_NAME":"THENI","STATE_UT":"TAMILNADU"},"arcs":[[146,147,-140,-129,148]]},{"type":"Polygon","properties":{"ac":"189","ASSEMBLY_1":"MADURAI EAST","DISTRICT":"MADURAI","PARLIAMENT":"32","P_NAME":"MADURAI","STATE_UT":"TAMILNADU"},"arcs":[[149,150,-133,-144,-146,-141,-148,151,152]]},{"type":"Polygon","properties":{"ac":"188","ASSEMBLY_1":"MELUR","DISTRICT":"MADURAI","PARLIAMENT":"32","P_NAME":"MADURAI","STATE_UT":"TAMILNADU"},"arcs":[[153,154,-153,155,156]]},{"type":"Polygon","properties":{"ac":"187","ASSEMBLY_1":"MANAMADURAI (SC)","DISTRICT":"SIVAGANGA","PARLIAMENT":"31","P_NAME":"SIVAGANGA","STATE_UT":"TAMILNADU"},"arcs":[[157,-89,-92,-94,-134,-151]]},{"type":"Polygon","properties":{"ac":"186","ASSEMBLY_1":"SIVAGANGA","DISTRICT":"SIVAGANGA","PARLIAMENT":"31","P_NAME":"SIVAGANGA","STATE_UT":"TAMILNADU"},"arcs":[[158,159,-90,-158,-150,-155]]},{"type":"Polygon","properties":{"ac":"185","ASSEMBLY_1":"TIRUPPATTUR","DISTRICT":"SIVAGANGA","PARLIAMENT":"31","P_NAME":"SIVAGANGA","STATE_UT":"TAMILNADU"},"arcs":[[160,-159,-154,161,162]]},{"type":"Polygon","properties":{"ac":"184","ASSEMBLY_1":"KARAIKUDI","DISTRICT":"SIVAGANGA","PARLIAMENT":"31","P_NAME":"SIVAGANGA","STATE_UT":"TAMILNADU"},"arcs":[[163,164,-91,-160,-161]]},{"type":"Polygon","properties":{"ac":"183","ASSEMBLY_1":"ARANTHANGI","DISTRICT":"PUDUKKOTTAI","PARLIAMENT":"35","P_NAME":"RAMANATHAPURAM","STATE_UT":"TAMILNADU"},"arcs":[[165,166,167,-86,-165,168]]},{"type":"Polygon","properties":{"ac":"182","ASSEMBLY_1":"ALANGUDI","DISTRICT":"PUDUKKOTTAI","PARLIAMENT":"31","P_NAME":"SIVAGANGA","STATE_UT":"TAMILNADU"},"arcs":[[169,170,171,-166]]},{"type":"Polygon","properties":{"ac":"181","ASSEMBLY_1":"THIRUMAYAM","DISTRICT":"PUDUKKOTTAI","PARLIAMENT":"31","P_NAME":"SIVAGANGA","STATE_UT":"TAMILNADU"},"arcs":[[172,173,-170,-169,-164,-163,174]]},{"type":"Polygon","properties":{"ac":"180","ASSEMBLY_1":"PUDUKKOTTAI","DISTRICT":"PUDUKKOTTAI","PARLIAMENT":"24","P_NAME":"TIRUCHIRAPPALLI","STATE_UT":"TAMILNADU"},"arcs":[[175,176,-171,-174,177]]},{"type":"Polygon","properties":{"ac":"179","ASSEMBLY_1":"VIRALIMALAI","DISTRICT":"PUDUKKOTTAI","PARLIAMENT":"23","P_NAME":"KARUR","STATE_UT":"TAMILNADU"},"arcs":[[-173,178,179,180,181,182,-178]]},{"type":"Polygon","properties":{"ac":"178","ASSEMBLY_1":"GANDHARVAKOTTAI (SC)","DISTRICT":"PUDUKKOTTAI","PARLIAMENT":"24","P_NAME":"TIRUCHIRAPPALLI","STATE_UT":"TAMILNADU"},"arcs":[[183,184,185,-176,-183,186]]},{"type":"Polygon","properties":{"ac":"177","ASSEMBLY_1":"PERAVURANI","DISTRICT":"THANJAVUR","PARLIAMENT":"30","P_NAME":"THANJAVUR","STATE_UT":"TAMILNADU"},"arcs":[[187,188,-167,-172,-177,-186,189]]},{"type":"Polygon","properties":{"ac":"176","ASSEMBLY_1":"PATTUKKOTTAI","DISTRICT":"THANJAVUR","PARLIAMENT":"30","P_NAME":"THANJAVUR","STATE_UT":"TAMILNADU"},"arcs":[[190,191,-188,192,193]]},{"type":"Polygon","properties":{"ac":"175","ASSEMBLY_1":"ORATHANADU","DISTRICT":"THANJAVUR","PARLIAMENT":"30","P_NAME":"THANJAVUR","STATE_UT":"TAMILNADU"},"arcs":[[-193,-190,-185,194,195,196,197]]},{"type":"Polygon","properties":{"ac":"174","ASSEMBLY_1":"THANJAVUR","DISTRICT":"THANJAVUR","PARLIAMENT":"30","P_NAME":"THANJAVUR","STATE_UT":"TAMILNADU"},"arcs":[[198,-196,199]]},{"type":"Polygon","properties":{"ac":"173","ASSEMBLY_1":"THIRUVAIYARU","DISTRICT":"THANJAVUR","PARLIAMENT":"30","P_NAME":"THANJAVUR","STATE_UT":"TAMILNADU"},"arcs":[[200,201,202,203,-200,-195,-184,204]]},{"type":"Polygon","properties":{"ac":"172","ASSEMBLY_1":"PAPANASAM","DISTRICT":"THANJAVUR","PARLIAMENT":"28","P_NAME":"MAYILADUTHURAI","STATE_UT":"TAMILNADU"},"arcs":[[205,206,207,208,-197,-199,-204]]},{"type":"Polygon","properties":{"ac":"171","ASSEMBLY_1":"KUMBAKONAM","DISTRICT":"THANJAVUR","PARLIAMENT":"28","P_NAME":"MAYILADUTHURAI","STATE_UT":"TAMILNADU"},"arcs":[[209,-207,210,211,212]]},{"type":"Polygon","properties":{"ac":"170","ASSEMBLY_1":"THIRUVIDAIMARUDUR (SC)","DISTRICT":"THANJAVUR","PARLIAMENT":"28","P_NAME":"MAYILADUTHURAI","STATE_UT":"TAMILNADU"},"arcs":[[213,214,215,216,217,-213,218]]},{"type":"Polygon","properties":{"ac":"169","ASSEMBLY_1":"NANNILAM","DISTRICT":"THIRUVARUR","PARLIAMENT":"29","P_NAME":"NAGAPATTINAM (SC)","STATE_UT":"TAMILNADU"},"arcs":[[219,220,221,222,-217,223]]},{"type":"Polygon","properties":{"ac":"169","ASSEMBLY_1":"NANNILAM","DISTRICT":"THIRUVARUR","PARLIAMENT":"29","P_NAME":"NAGAPATTINAM (SC)","STATE_UT":"TAMILNADU"},"arcs":[[224,-208,-210,-218,-223,225]]},{"type":"Polygon","properties":{"ac":"168","ASSEMBLY_1":"THIRUVARUR","DISTRICT":"THIRUVARUR","PARLIAMENT":"29","P_NAME":"NAGAPATTINAM (SC)","STATE_UT":"TAMILNADU"},"arcs":[[-226,-222,226,227,228,229]]},{"type":"Polygon","properties":{"ac":"167","ASSEMBLY_1":"MANNARGUDI","DISTRICT":"THIRUVARUR","PARLIAMENT":"30","P_NAME":"THANJAVUR","STATE_UT":"TAMILNADU"},"arcs":[[-230,230,-194,-198,-209,-225]]},{"type":"Polygon","properties":{"ac":"166","ASSEMBLY_1":"THIRUTHURAIPOONDI (SC)","DISTRICT":"THIRUVARUR","PARLIAMENT":"29","P_NAME":"NAGAPATTINAM (SC)","STATE_UT":"TAMILNADU"},"arcs":[[231,232,-191,-231,-229,233]]},{"type":"Polygon","properties":{"ac":"165","ASSEMBLY_1":"VEDARANYAM","DISTRICT":"NAGAPATTINAM","PARLIAMENT":"29","P_NAME":"NAGAPATTINAM (SC)","STATE_UT":"TAMILNADU"},"arcs":[[-232,234,235]]},{"type":"Polygon","properties":{"ac":"164","ASSEMBLY_1":"KILVELUR (SC)","DISTRICT":"NAGAPATTINAM","PARLIAMENT":"29","P_NAME":"NAGAPATTINAM (SC)","STATE_UT":"TAMILNADU"},"arcs":[[236,237,-235,-234,-228]]},{"type":"Polygon","properties":{"ac":"163","ASSEMBLY_1":"NAGAPATTINAM","DISTRICT":"NAGAPATTINAM","PARLIAMENT":"29","P_NAME":"NAGAPATTINAM (SC)","STATE_UT":"TAMILNADU"},"arcs":[[-237,-227,-221,238]]},{"type":"Polygon","properties":{"ac":"162","ASSEMBLY_1":"POOMPUHAR","DISTRICT":"NAGAPATTINAM","PARLIAMENT":"28","P_NAME":"MAYILADUTHURAI","STATE_UT":"TAMILNADU"},"arcs":[[239,-224,-216,240,241]]},{"type":"Polygon","properties":{"ac":"161","ASSEMBLY_1":"MAYILADUTHURAI","DISTRICT":"NAGAPATTINAM","PARLIAMENT":"28","P_NAME":"MAYILADUTHURAI","STATE_UT":"TAMILNADU"},"arcs":[[242,243,-241,-215]]},{"type":"Polygon","properties":{"ac":"160","ASSEMBLY_1":"SIRKAZHI (SC)","DISTRICT":"NAGAPATTINAM","PARLIAMENT":"28","P_NAME":"MAYILADUTHURAI","STATE_UT":"TAMILNADU"},"arcs":[[244,245,-242,-244,246]]},{"type":"Polygon","properties":{"ac":"159","ASSEMBLY_1":"KATTUMANNARKOIL (SC)","DISTRICT":"CUDDALORE","PARLIAMENT":"27","P_NAME":"CHIDAMBARAM (SC)","STATE_UT":"TAMILNADU"},"arcs":[[247,-247,-243,-214,248,249,250]]},{"type":"Polygon","properties":{"ac":"158","ASSEMBLY_1":"CHIDAMBARAM","DISTRICT":"CUDDALORE","PARLIAMENT":"27","P_NAME":"CHIDAMBARAM (SC)","STATE_UT":"TAMILNADU"},"arcs":[[251,252,253,-245,-248]]},{"type":"Polygon","properties":{"ac":"157","ASSEMBLY_1":"BHUVANAGIRI","DISTRICT":"CUDDALORE","PARLIAMENT":"27","P_NAME":"CHIDAMBARAM (SC)","STATE_UT":"TAMILNADU"},"arcs":[[-252,-251,254,255,256]]},{"type":"Polygon","properties":{"ac":"156","ASSEMBLY_1":"KURINJIPADI","DISTRICT":"CUDDALORE","PARLIAMENT":"26","P_NAME":"CUDDALORE","STATE_UT":"TAMILNADU"},"arcs":[[257,258,259,-253,-257,260]]},{"type":"Polygon","properties":{"ac":"155","ASSEMBLY_1":"CUDDALORE","DISTRICT":"CUDDALORE","PARLIAMENT":"26","P_NAME":"CUDDALORE","STATE_UT":"TAMILNADU"},"arcs":[[261,-259,262,263,264]]},{"type":"Polygon","properties":{"ac":"155","ASSEMBLY_1":"CUDDALORE","DISTRICT":"CUDDALORE","PARLIAMENT":"26","P_NAME":"CUDDALORE","STATE_UT":"TAMILNADU"},"arcs":[[265]]},{"type":"Polygon","properties":{"ac":"154","ASSEMBLY_1":"PANRUTI","DISTRICT":"CUDDALORE","PARLIAMENT":"26","P_NAME":"CUDDALORE","STATE_UT":"TAMILNADU"},"arcs":[[266,267,268,269,-263,-258,270]]},{"type":"Polygon","properties":{"ac":"153","ASSEMBLY_1":"NEYVELI","DISTRICT":"CUDDALORE","PARLIAMENT":"26","P_NAME":"CUDDALORE","STATE_UT":"TAMILNADU"},"arcs":[[271,-271,-261,-256,272]]},{"type":"Polygon","properties":{"ac":"152","ASSEMBLY_1":"VRIDDHACHALAM","DISTRICT":"CUDDALORE","PARLIAMENT":"26","P_NAME":"CUDDALORE","STATE_UT":"TAMILNADU"},"arcs":[[273,274,-273,-255,-250,275,276]]},{"type":"Polygon","properties":{"ac":"151","ASSEMBLY_1":"TITTAKUDI (SC)","DISTRICT":"CUDDALORE","PARLIAMENT":"26","P_NAME":"CUDDALORE","STATE_UT":"TAMILNADU"},"arcs":[[277,278,279,-277,280]]},{"type":"Polygon","properties":{"ac":"150","ASSEMBLY_1":"JAYANKONDAM","DISTRICT":"PERAMBALUR","PARLIAMENT":"27","P_NAME":"CHIDAMBARAM (SC)","STATE_UT":"TAMILNADU"},"arcs":[[281,282,-281,-276,-249,-219,-212]]},{"type":"Polygon","properties":{"ac":"149","ASSEMBLY_1":"ARIYALUR","DISTRICT":"PERAMBALUR","PARLIAMENT":"27","P_NAME":"CHIDAMBARAM (SC)","STATE_UT":"TAMILNADU"},"arcs":[[283,-282,-211,-206,-203,284]]},{"type":"Polygon","properties":{"ac":"148","ASSEMBLY_1":"KUNNAM","DISTRICT":"PERAMBALUR","PARLIAMENT":"27","P_NAME":"CHIDAMBARAM (SC)","STATE_UT":"TAMILNADU"},"arcs":[[-278,-283,-284,285,286]]},{"type":"Polygon","properties":{"ac":"147","ASSEMBLY_1":"PERAMBALUR (SC)","DISTRICT":"PERAMBALUR","PARLIAMENT":"25","P_NAME":"PERAMBALUR","STATE_UT":"TAMILNADU"},"arcs":[[287,-279,-287,288,289,290,291]]},{"type":"Polygon","properties":{"ac":"146","ASSEMBLY_1":"THURAIYUR (SC)","DISTRICT":"TIRUCHIRAPPALLI","PARLIAMENT":"25","P_NAME":"PERAMBALUR","STATE_UT":"TAMILNADU"},"arcs":[[292,293,294,-291,295]]},{"type":"Polygon","properties":{"ac":"145","ASSEMBLY_1":"MUSIRI","DISTRICT":"TIRUCHIRAPPALLI","PARLIAMENT":"25","P_NAME":"PERAMBALUR","STATE_UT":"TAMILNADU"},"arcs":[[296,-293,297,298,299,300,301,302]]},{"type":"Polygon","properties":{"ac":"144","ASSEMBLY_1":"MANACHANALLUR","DISTRICT":"TIRUCHIRAPPALLI","PARLIAMENT":"25","P_NAME":"PERAMBALUR","STATE_UT":"TAMILNADU"},"arcs":[[303,-298,-296,-290,304]]},{"type":"Polygon","properties":{"ac":"143","ASSEMBLY_1":"LALGUDI","DISTRICT":"TIRUCHIRAPPALLI","PARLIAMENT":"25","P_NAME":"PERAMBALUR","STATE_UT":"TAMILNADU"},"arcs":[[-305,-289,-286,-285,-202,305]]},{"type":"Polygon","properties":{"ac":"142","ASSEMBLY_1":"THIRUVERUMBUR","DISTRICT":"TIRUCHIRAPPALLI","PARLIAMENT":"24","P_NAME":"TIRUCHIRAPPALLI","STATE_UT":"TAMILNADU"},"arcs":[[-182,306,307,308,-205,-187]]},{"type":"Polygon","properties":{"ac":"141","ASSEMBLY_1":"TIRUCHIRAPPALLI (EAST)","DISTRICT":"TIRUCHIRAPPALLI","PARLIAMENT":"24","P_NAME":"TIRUCHIRAPPALLI","STATE_UT":"TAMILNADU"},"arcs":[[309,-308,310]]},{"type":"Polygon","properties":{"ac":"140","ASSEMBLY_1":"TIRUCHIRAPPALLI (WEST)","DISTRICT":"TIRUCHIRAPPALLI","PARLIAMENT":"24","P_NAME":"TIRUCHIRAPPALLI","STATE_UT":"TAMILNADU"},"arcs":[[311,-311,-307,-181]]},{"type":"Polygon","properties":{"ac":"139","ASSEMBLY_1":"SRIRANGAM","DISTRICT":"TIRUCHIRAPPALLI","PARLIAMENT":"24","P_NAME":"TIRUCHIRAPPALLI","STATE_UT":"TAMILNADU"},"arcs":[[-299,-304,-306,-201,-309,-310,-312,-180,312,313]]},{"type":"Polygon","properties":{"ac":"138","ASSEMBLY_1":"MANAPPARAI","DISTRICT":"TIRUCHIRAPPALLI","PARLIAMENT":"23","P_NAME":"KARUR","STATE_UT":"TAMILNADU"},"arcs":[[314,315,316,317,-313,-179,-175,-162,-157]]},{"type":"Polygon","properties":{"ac":"137","ASSEMBLY_1":"KULITHALAI","DISTRICT":"KARUR","PARLIAMENT":"25","P_NAME":"PERAMBALUR","STATE_UT":"TAMILNADU"},"arcs":[[-318,318,-300,-314]]},{"type":"Polygon","properties":{"ac":"136","ASSEMBLY_1":"KRISHNARAYAPURAM (SC)","DISTRICT":"KARUR","PARLIAMENT":"23","P_NAME":"KARUR","STATE_UT":"TAMILNADU"},"arcs":[[319,320,-301,-319,-317,321]]},{"type":"Polygon","properties":{"ac":"135","ASSEMBLY_1":"KARUR","DISTRICT":"KARUR","PARLIAMENT":"23","P_NAME":"KARUR","STATE_UT":"TAMILNADU"},"arcs":[[-302,-321,322,323,324]]},{"type":"Polygon","properties":{"ac":"134","ASSEMBLY_1":"ARAVAKURICHI","DISTRICT":"KARUR","PARLIAMENT":"23","P_NAME":"KARUR","STATE_UT":"TAMILNADU"},"arcs":[[325,-323,-320,326,327,328,329,330]]},{"type":"Polygon","properties":{"ac":"133","ASSEMBLY_1":"VEDASANDUR","DISTRICT":"DINDIGUL","PARLIAMENT":"23","P_NAME":"KARUR","STATE_UT":"TAMILNADU"},"arcs":[[331,-327,-322,-316,332,333,334]]},{"type":"Polygon","properties":{"ac":"132","ASSEMBLY_1":"DINDIGUL","DISTRICT":"DINDIGUL","PARLIAMENT":"22","P_NAME":"DINDIGUL","STATE_UT":"TAMILNADU"},"arcs":[[-334,335,336]]},{"type":"Polygon","properties":{"ac":"131","ASSEMBLY_1":"NATHAM","DISTRICT":"DINDIGUL","PARLIAMENT":"22","P_NAME":"DINDIGUL","STATE_UT":"TAMILNADU"},"arcs":[[337,338,-336,-333,-315,-156,-152,-147]]},{"type":"Polygon","properties":{"ac":"130","ASSEMBLY_1":"NILAKKOTTAI (SC)","DISTRICT":"DINDIGUL","PARLIAMENT":"22","P_NAME":"DINDIGUL","STATE_UT":"TAMILNADU"},"arcs":[[339,-338,-149,-128,-125,-124,340]]},{"type":"Polygon","properties":{"ac":"129","ASSEMBLY_1":"ATHOOR","DISTRICT":"DINDIGUL","PARLIAMENT":"22","P_NAME":"DINDIGUL","STATE_UT":"TAMILNADU"},"arcs":[[341,-335,-337,-339,-340,342]]},{"type":"Polygon","properties":{"ac":"128","ASSEMBLY_1":"ODDANCHATRAM","DISTRICT":"DINDIGUL","PARLIAMENT":"22","P_NAME":"DINDIGUL","STATE_UT":"TAMILNADU"},"arcs":[[343,-328,-332,-342,344,345]]},{"type":"Polygon","properties":{"ac":"127","ASSEMBLY_1":"PALANI","DISTRICT":"DINDIGUL","PARLIAMENT":"22","P_NAME":"DINDIGUL","STATE_UT":"TAMILNADU"},"arcs":[[346,-345,-343,-341,-123,-120,347]]},{"type":"Polygon","properties":{"ac":"126","ASSEMBLY_1":"MADATHUKULAM","DISTRICT":"COIMBATORE","PARLIAMENT":"21","P_NAME":"POLLACHI","STATE_UT":"TAMILNADU"},"arcs":[[348,349,350,-346,-347,351]]},{"type":"Polygon","properties":{"ac":"125","ASSEMBLY_1":"UDUMALAIPETTAI","DISTRICT":"COIMBATORE","PARLIAMENT":"21","P_NAME":"POLLACHI","STATE_UT":"TAMILNADU"},"arcs":[[352,353,-350,354,355]]},{"type":"Polygon","properties":{"ac":"124","ASSEMBLY_1":"VALPARAI (SC)","DISTRICT":"COIMBATORE","PARLIAMENT":"21","P_NAME":"POLLACHI","STATE_UT":"TAMILNADU"},"arcs":[[356,-355,-349,357]]},{"type":"Polygon","properties":{"ac":"123","ASSEMBLY_1":"POLLACHI","DISTRICT":"COIMBATORE","PARLIAMENT":"21","P_NAME":"POLLACHI","STATE_UT":"TAMILNADU"},"arcs":[[358,-356,-357,359,360]]},{"type":"Polygon","properties":{"ac":"122","ASSEMBLY_1":"KINATHUKADAVU","DISTRICT":"COIMBATORE","PARLIAMENT":"21","P_NAME":"POLLACHI","STATE_UT":"TAMILNADU"},"arcs":[[-361,361,362,363,364,365]]},{"type":"Polygon","properties":{"ac":"121","ASSEMBLY_1":"SINGANALLUR","DISTRICT":"COIMBATORE","PARLIAMENT":"21","P_NAME":"POLLACHI","STATE_UT":"TAMILNADU"},"arcs":[[366,367,368,-365,369]]},{"type":"Polygon","properties":{"ac":"120","ASSEMBLY_1":"COIMBATORE (SOUTH)","DISTRICT":"COIMBATORE","PARLIAMENT":"21","P_NAME":"POLLACHI","STATE_UT":"TAMILNADU"},"arcs":[[370,-370,-364,371]]},{"type":"Polygon","properties":{"ac":"119","ASSEMBLY_1":"THONDAMUTHUR","DISTRICT":"COIMBATORE","PARLIAMENT":"21","P_NAME":"POLLACHI","STATE_UT":"TAMILNADU"},"arcs":[[372,373,-372,-363,374]]},{"type":"Polygon","properties":{"ac":"118","ASSEMBLY_1":"COIMBATORE (NORTH)","DISTRICT":"COIMBATORE","PARLIAMENT":"21","P_NAME":"POLLACHI","STATE_UT":"TAMILNADU"},"arcs":[[375,-367,-371,-374]]},{"type":"Polygon","properties":{"ac":"117","ASSEMBLY_1":"KAVUNDAMPALAYAM","DISTRICT":"COIMBATORE","PARLIAMENT":"20","P_NAME":"COIMBATORE","STATE_UT":"TAMILNADU"},"arcs":[[376,377,378,379,-368,-376,-373]]},{"type":"Polygon","properties":{"ac":"116","ASSEMBLY_1":"SULUR","DISTRICT":"COIMBATORE","PARLIAMENT":"20","P_NAME":"COIMBATORE","STATE_UT":"TAMILNADU"},"arcs":[[-359,-366,-369,-380,380,381,382,-353]]},{"type":"Polygon","properties":{"ac":"115","ASSEMBLY_1":"PALLADAM","DISTRICT":"COIMBATORE","PARLIAMENT":"20","P_NAME":"COIMBATORE","STATE_UT":"TAMILNADU"},"arcs":[[383,-382,384,385,386,387,388]]},{"type":"Polygon","properties":{"ac":"114","ASSEMBLY_1":"TIRUPPUR (SOUTH)","DISTRICT":"COIMBATORE","PARLIAMENT":"20","P_NAME":"COIMBATORE","STATE_UT":"TAMILNADU"},"arcs":[[389,-387,390]]},{"type":"Polygon","properties":{"ac":"113","ASSEMBLY_1":"TIRUPPUR (NORTH)","DISTRICT":"COIMBATORE","PARLIAMENT":"18","P_NAME":"TIRUPPUR","STATE_UT":"TAMILNADU"},"arcs":[[391,392,393,-391,-386]]},{"type":"Polygon","properties":{"ac":"112","ASSEMBLY_1":"AVANASHI (SC)","DISTRICT":"COIMBATORE","PARLIAMENT":"19","P_NAME":"NILGIRIS (SC)","STATE_UT":"TAMILNADU"},"arcs":[[-392,-385,-381,-379,394,395,396]]},{"type":"Polygon","properties":{"ac":"111","ASSEMBLY_1":"METTUPPALAYAM","DISTRICT":"COIMBATORE","PARLIAMENT":"19","P_NAME":"NILGIRIS (SC)","STATE_UT":"TAMILNADU"},"arcs":[[397,398,-395,-378,399,400]]},{"type":"Polygon","properties":{"ac":"110","ASSEMBLY_1":"COONOOR","DISTRICT":"NILGIRIS","PARLIAMENT":"19","P_NAME":"NILGIRIS (SC)","STATE_UT":"TAMILNADU"},"arcs":[[-398,401,402]]},{"type":"Polygon","properties":{"ac":"109","ASSEMBLY_1":"GUDALUR (SC)","DISTRICT":"NILGIRIS","PARLIAMENT":"19","P_NAME":"NILGIRIS (SC)","STATE_UT":"TAMILNADU"},"arcs":[[403,404]]},{"type":"Polygon","properties":{"ac":"108","ASSEMBLY_1":"UDHAGAMANDALAM","DISTRICT":"NILGIRIS","PARLIAMENT":"19","P_NAME":"NILGIRIS (SC)","STATE_UT":"TAMILNADU"},"arcs":[[-404,405,-402,-401,406]]},{"type":"Polygon","properties":{"ac":"107","ASSEMBLY_1":"BHAVANISAGAR (SC)","DISTRICT":"ERODE","PARLIAMENT":"19","P_NAME":"NILGIRIS (SC)","STATE_UT":"TAMILNADU"},"arcs":[[407,408,409,-396,-399,-403]]},{"type":"Polygon","properties":{"ac":"106","ASSEMBLY_1":"GOBICHETTIPALAYAM","DISTRICT":"ERODE","PARLIAMENT":"18","P_NAME":"TIRUPPUR","STATE_UT":"TAMILNADU"},"arcs":[[410,-393,-397,-410,411]]},{"type":"Polygon","properties":{"ac":"105","ASSEMBLY_1":"ANTHIYUR","DISTRICT":"ERODE","PARLIAMENT":"18","P_NAME":"TIRUPPUR","STATE_UT":"TAMILNADU"},"arcs":[[412,413,-412,-409,414,415]]},{"type":"Polygon","properties":{"ac":"104","ASSEMBLY_1":"BHAVANI","DISTRICT":"ERODE","PARLIAMENT":"18","P_NAME":"TIRUPPUR","STATE_UT":"TAMILNADU"},"arcs":[[416,417,418,-413,419,420,421]]},{"type":"Polygon","properties":{"ac":"103","ASSEMBLY_1":"PERUNDURAI","DISTRICT":"ERODE","PARLIAMENT":"18","P_NAME":"TIRUPPUR","STATE_UT":"TAMILNADU"},"arcs":[[422,-388,-390,-394,-411,-414,-419,423]]},{"type":"Polygon","properties":{"ac":"102","ASSEMBLY_1":"KANGAYAM","DISTRICT":"ERODE","PARLIAMENT":"17","P_NAME":"ERODE","STATE_UT":"TAMILNADU"},"arcs":[[424,-330,425,-389,-423,426]]},{"type":"Polygon","properties":{"ac":"101","ASSEMBLY_1":"DHARAPURAM (SC)","DISTRICT":"ERODE","PARLIAMENT":"17","P_NAME":"ERODE","STATE_UT":"TAMILNADU"},"arcs":[[-344,-351,-354,-383,-384,-426,-329]]},{"type":"Polygon","properties":{"ac":"100","ASSEMBLY_1":"MODAKKURICHI","DISTRICT":"ERODE","PARLIAMENT":"17","P_NAME":"ERODE","STATE_UT":"TAMILNADU"},"arcs":[[427,428,429,-331,-425,430]]},{"type":"Polygon","properties":{"ac":"99","ASSEMBLY_1":"ERODE (WEST)","DISTRICT":"ERODE","PARLIAMENT":"17","P_NAME":"ERODE","STATE_UT":"TAMILNADU"},"arcs":[[431,432,-431,-427,-424,-418,433]]},{"type":"Polygon","properties":{"ac":"98","ASSEMBLY_1":"ERODE (EAST)","DISTRICT":"ERODE","PARLIAMENT":"17","P_NAME":"ERODE","STATE_UT":"TAMILNADU"},"arcs":[[434,-432]]},{"type":"Polygon","properties":{"ac":"97","ASSEMBLY_1":"KUMARAPALAYAM","DISTRICT":"NAMAKKAL","PARLIAMENT":"17","P_NAME":"ERODE","STATE_UT":"TAMILNADU"},"arcs":[[435,-428,-433,-435,-434,-417,436]]},{"type":"Polygon","properties":{"ac":"96","ASSEMBLY_1":"TIRUCHENGODU","DISTRICT":"NAMAKKAL","PARLIAMENT":"16","P_NAME":"NAMAKKAL","STATE_UT":"TAMILNADU"},"arcs":[[437,438,439,440,-429,-436,441]]},{"type":"Polygon","properties":{"ac":"95","ASSEMBLY_1":"PARAMATHI-VELUR","DISTRICT":"NAMAKKAL","PARLIAMENT":"16","P_NAME":"NAMAKKAL","STATE_UT":"TAMILNADU"},"arcs":[[442,-324,-326,-430,-441]]},{"type":"Polygon","properties":{"ac":"94","ASSEMBLY_1":"NAMAKKAL","DISTRICT":"NAMAKKAL","PARLIAMENT":"16","P_NAME":"NAMAKKAL","STATE_UT":"TAMILNADU"},"arcs":[[443,-303,-325,-443,-440,444]]},{"type":"Polygon","properties":{"ac":"93","ASSEMBLY_1":"SENTHAMANGALAM (ST)","DISTRICT":"NAMAKKAL","PARLIAMENT":"16","P_NAME":"NAMAKKAL","STATE_UT":"TAMILNADU"},"arcs":[[-444,445,446,-294,-297]]},{"type":"Polygon","properties":{"ac":"92","ASSEMBLY_1":"RASIPURAM (SC)","DISTRICT":"NAMAKKAL","PARLIAMENT":"16","P_NAME":"NAMAKKAL","STATE_UT":"TAMILNADU"},"arcs":[[447,448,449,-446,-445,-439,450]]},{"type":"Polygon","properties":{"ac":"91","ASSEMBLY_1":"VEERAPANDI","DISTRICT":"SALEM","PARLIAMENT":"15","P_NAME":"SALEM","STATE_UT":"TAMILNADU"},"arcs":[[451,452,453,-451,-438,454,455]]},{"type":"Polygon","properties":{"ac":"90","ASSEMBLY_1":"SALEM (SOUTH)","DISTRICT":"SALEM","PARLIAMENT":"15","P_NAME":"SALEM","STATE_UT":"TAMILNADU"},"arcs":[[456,-453,457]]},{"type":"Polygon","properties":{"ac":"89","ASSEMBLY_1":"SALEM (NORTH)","DISTRICT":"SALEM","PARLIAMENT":"15","P_NAME":"SALEM","STATE_UT":"TAMILNADU"},"arcs":[[458,-458,-452,459]]},{"type":"Polygon","properties":{"ac":"88","ASSEMBLY_1":"SALEM (WEST)","DISTRICT":"SALEM","PARLIAMENT":"15","P_NAME":"SALEM","STATE_UT":"TAMILNADU"},"arcs":[[-460,-456,460,461,462]]},{"type":"Polygon","properties":{"ac":"87","ASSEMBLY_1":"SANKARI","DISTRICT":"SALEM","PARLIAMENT":"16","P_NAME":"NAMAKKAL","STATE_UT":"TAMILNADU"},"arcs":[[463,-461,-455,-442,-437,-422,464]]},{"type":"Polygon","properties":{"ac":"86","ASSEMBLY_1":"EDAPPADI","DISTRICT":"SALEM","PARLIAMENT":"15","P_NAME":"SALEM","STATE_UT":"TAMILNADU"},"arcs":[[465,-465,-421,466]]},{"type":"Polygon","properties":{"ac":"85","ASSEMBLY_1":"METTUR","DISTRICT":"SALEM","PARLIAMENT":"10","P_NAME":"DHARMAPURI","STATE_UT":"TAMILNADU"},"arcs":[[467,468,-467,-420,-416,469]]},{"type":"Polygon","properties":{"ac":"84","ASSEMBLY_1":"OMALUR","DISTRICT":"SALEM","PARLIAMENT":"15","P_NAME":"SALEM","STATE_UT":"TAMILNADU"},"arcs":[[-466,-469,470,471,472,-462,-464]]},{"type":"Polygon","properties":{"ac":"83","ASSEMBLY_1":"YERCAUD (ST)","DISTRICT":"SALEM","PARLIAMENT":"14","P_NAME":"KALLAKURICHI","STATE_UT":"TAMILNADU"},"arcs":[[473,474,475,-448,-454,-457,-459,-463,-473,476]]},{"type":"Polygon","properties":{"ac":"82","ASSEMBLY_1":"ATTUR (SC)","DISTRICT":"SALEM","PARLIAMENT":"14","P_NAME":"KALLAKURICHI","STATE_UT":"TAMILNADU"},"arcs":[[477,-449,-476,478]]},{"type":"Polygon","properties":{"ac":"81","ASSEMBLY_1":"GANGAVALLI (SC)","DISTRICT":"SALEM","PARLIAMENT":"14","P_NAME":"KALLAKURICHI","STATE_UT":"TAMILNADU"},"arcs":[[479,-292,-295,-447,-450,-478,480]]},{"type":"Polygon","properties":{"ac":"80","ASSEMBLY_1":"KALLAKURICHI (SC)","DISTRICT":"VILUPPURAM","PARLIAMENT":"14","P_NAME":"KALLAKURICHI","STATE_UT":"TAMILNADU"},"arcs":[[-274,-280,-288,-480,481,482,483]]},{"type":"Polygon","properties":{"ac":"79","ASSEMBLY_1":"SANKARAPURAM","DISTRICT":"VILUPPURAM","PARLIAMENT":"14","P_NAME":"KALLAKURICHI","STATE_UT":"TAMILNADU"},"arcs":[[484,-482,-481,-479,-475,485,486]]},{"type":"Polygon","properties":{"ac":"78","ASSEMBLY_1":"RISHIVANDIYAM","DISTRICT":"VILUPPURAM","PARLIAMENT":"14","P_NAME":"KALLAKURICHI","STATE_UT":"TAMILNADU"},"arcs":[[487,488,489,490,491,-483,-485]]},{"type":"Polygon","properties":{"ac":"77","ASSEMBLY_1":"ULUNDURPETTAI","DISTRICT":"VILUPPURAM","PARLIAMENT":"14","P_NAME":"KALLAKURICHI","STATE_UT":"TAMILNADU"},"arcs":[[-492,492,493,-267,-272,-275,-484]]},{"type":"Polygon","properties":{"ac":"76","ASSEMBLY_1":"TIRUKKOYILUR","DISTRICT":"VILUPPURAM","PARLIAMENT":"13","P_NAME":"VILUPPURAM (SC)","STATE_UT":"TAMILNADU"},"arcs":[[494,495,496,-493,-491,497]]},{"type":"Polygon","properties":{"ac":"75","ASSEMBLY_1":"VIKRAVANDI","DISTRICT":"VILUPPURAM","PARLIAMENT":"13","P_NAME":"VILUPPURAM (SC)","STATE_UT":"TAMILNADU"},"arcs":[[498,-496,499,500,501,502,-1]]},{"type":"Polygon","properties":{"ac":"74","ASSEMBLY_1":"VILUPPURAM","DISTRICT":"VILUPPURAM","PARLIAMENT":"13","P_NAME":"VILUPPURAM (SC)","STATE_UT":"TAMILNADU"},"arcs":[[-499,-3,503,504,505,506,-268,-494,-497]]},{"type":"Polygon","properties":{"ac":"73","ASSEMBLY_1":"VANUR (SC)","DISTRICT":"VILUPPURAM","PARLIAMENT":"13","P_NAME":"VILUPPURAM (SC)","STATE_UT":"TAMILNADU"},"arcs":[[-265,507,-269,-507,508,-505,509,-502,510,511,512]]},{"type":"Polygon","properties":{"ac":"72","ASSEMBLY_1":"TINDIVANAM (SC)","DISTRICT":"VILUPPURAM","PARLIAMENT":"13","P_NAME":"VILUPPURAM (SC)","STATE_UT":"TAMILNADU"},"arcs":[[513,514,-512,515,516]]},{"type":"Polygon","properties":{"ac":"71","ASSEMBLY_1":"MAILAM","DISTRICT":"VILUPPURAM","PARLIAMENT":"12","P_NAME":"ARANI","STATE_UT":"TAMILNADU"},"arcs":[[517,518,-516,-511,-501,519]]},{"type":"Polygon","properties":{"ac":"70","ASSEMBLY_1":"GINGEE","DISTRICT":"VILUPPURAM","PARLIAMENT":"12","P_NAME":"ARANI","STATE_UT":"TAMILNADU"},"arcs":[[-520,-500,-495,520,521,522]]},{"type":"Polygon","properties":{"ac":"69","ASSEMBLY_1":"VANDAVASI (SC)","DISTRICT":"TIRUVANNAMALAI","PARLIAMENT":"12","P_NAME":"ARANI","STATE_UT":"TAMILNADU"},"arcs":[[523,524,-518,-523,525,526,527]]},{"type":"Polygon","properties":{"ac":"68","ASSEMBLY_1":"CHEYYAR","DISTRICT":"TIRUVANNAMALAI","PARLIAMENT":"12","P_NAME":"ARANI","STATE_UT":"TAMILNADU"},"arcs":[[528,529,530,531,532,-528]]},{"type":"Polygon","properties":{"ac":"67","ASSEMBLY_1":"ARANI","DISTRICT":"TIRUVANNAMALAI","PARLIAMENT":"12","P_NAME":"ARANI","STATE_UT":"TAMILNADU"},"arcs":[[533,-529,-527,534,535]]},{"type":"Polygon","properties":{"ac":"66","ASSEMBLY_1":"POLUR","DISTRICT":"TIRUVANNAMALAI","PARLIAMENT":"12","P_NAME":"ARANI","STATE_UT":"TAMILNADU"},"arcs":[[536,-535,-526,-522,537]]},{"type":"Polygon","properties":{"ac":"65","ASSEMBLY_1":"KALASAPAKKAM","DISTRICT":"TIRUVANNAMALAI","PARLIAMENT":"11","P_NAME":"TIRUVANNAMALAI","STATE_UT":"TAMILNADU"},"arcs":[[-537,538,539,540,541,542,543,544,-536]]},{"type":"Polygon","properties":{"ac":"64","ASSEMBLY_1":"KILPENNATHUR","DISTRICT":"TIRUVANNAMALAI","PARLIAMENT":"11","P_NAME":"TIRUVANNAMALAI","STATE_UT":"TAMILNADU"},"arcs":[[-490,545,-539,-538,-521,-498]]},{"type":"Polygon","properties":{"ac":"63","ASSEMBLY_1":"TIRUVANNAMALAI","DISTRICT":"TIRUVANNAMALAI","PARLIAMENT":"11","P_NAME":"TIRUVANNAMALAI","STATE_UT":"TAMILNADU"},"arcs":[[546,-540,-546,-489]]},{"type":"Polygon","properties":{"ac":"62","ASSEMBLY_1":"CHENGAM (SC)","DISTRICT":"TIRUVANNAMALAI","PARLIAMENT":"11","P_NAME":"TIRUVANNAMALAI","STATE_UT":"TAMILNADU"},"arcs":[[547,-541,-547,-488,-487,548,549]]},{"type":"Polygon","properties":{"ac":"61","ASSEMBLY_1":"HARUR (SC)","DISTRICT":"DHARMAPURI","PARLIAMENT":"10","P_NAME":"DHARMAPURI","STATE_UT":"TAMILNADU"},"arcs":[[-474,550,551,552,553,-549,-486]]},{"type":"Polygon","properties":{"ac":"60","ASSEMBLY_1":"PAPPIREDDIPPATTI","DISTRICT":"DHARMAPURI","PARLIAMENT":"10","P_NAME":"DHARMAPURI","STATE_UT":"TAMILNADU"},"arcs":[[554,-551,-477,-472,555,556]]},{"type":"Polygon","properties":{"ac":"59","ASSEMBLY_1":"DHARMAPURI","DISTRICT":"DHARMAPURI","PARLIAMENT":"10","P_NAME":"DHARMAPURI","STATE_UT":"TAMILNADU"},"arcs":[[557,-556,-471,-468]]},{"type":"Polygon","properties":{"ac":"58","ASSEMBLY_1":"PENNAGARAM","DISTRICT":"DHARMAPURI","PARLIAMENT":"10","P_NAME":"DHARMAPURI","STATE_UT":"TAMILNADU"},"arcs":[[558,559,-557,-558,-470,560]]},{"type":"Polygon","properties":{"ac":"57","ASSEMBLY_1":"PALACODU","DISTRICT":"DHARMAPURI","PARLIAMENT":"10","P_NAME":"DHARMAPURI","STATE_UT":"TAMILNADU"},"arcs":[[561,-552,-555,-560,562,563,564]]},{"type":"Polygon","properties":{"ac":"56","ASSEMBLY_1":"THALLI","DISTRICT":"KRISHNAGIRI","PARLIAMENT":"9","P_NAME":"KRISHNAGIRI","STATE_UT":"TAMILNADU"},"arcs":[[565,-563,-559,566,567]]},{"type":"Polygon","properties":{"ac":"55","ASSEMBLY_1":"HOSUR","DISTRICT":"KRISHNAGIRI","PARLIAMENT":"9","P_NAME":"KRISHNAGIRI","STATE_UT":"TAMILNADU"},"arcs":[[568,-568,569]]},{"type":"Polygon","properties":{"ac":"54","ASSEMBLY_1":"VEPPANAHALLI","DISTRICT":"KRISHNAGIRI","PARLIAMENT":"9","P_NAME":"KRISHNAGIRI","STATE_UT":"TAMILNADU"},"arcs":[[570,571,-564,-566,-569,572]]},{"type":"Polygon","properties":{"ac":"53","ASSEMBLY_1":"KRISHNAGIRI","DISTRICT":"KRISHNAGIRI","PARLIAMENT":"9","P_NAME":"KRISHNAGIRI","STATE_UT":"TAMILNADU"},"arcs":[[-565,-572,573]]},{"type":"Polygon","properties":{"ac":"52","ASSEMBLY_1":"BARGUR","DISTRICT":"KRISHNAGIRI","PARLIAMENT":"9","P_NAME":"KRISHNAGIRI","STATE_UT":"TAMILNADU"},"arcs":[[574,575,576,-553,-562,-574,-571,577]]},{"type":"Polygon","properties":{"ac":"51","ASSEMBLY_1":"UTHANGARAI (SC)","DISTRICT":"KRISHNAGIRI","PARLIAMENT":"9","P_NAME":"KRISHNAGIRI","STATE_UT":"TAMILNADU"},"arcs":[[-550,-554,-577,578]]},{"type":"Polygon","properties":{"ac":"50","ASSEMBLY_1":"TIRUPPATHUR","DISTRICT":"VELLORE","PARLIAMENT":"11","P_NAME":"TIRUVANNAMALAI","STATE_UT":"TAMILNADU"},"arcs":[[579,580,-542,-548,-579,-576,581]]},{"type":"Polygon","properties":{"ac":"49","ASSEMBLY_1":"JOLARPET","DISTRICT":"VELLORE","PARLIAMENT":"11","P_NAME":"TIRUVANNAMALAI","STATE_UT":"TAMILNADU"},"arcs":[[582,-582,-575,583]]},{"type":"Polygon","properties":{"ac":"48","ASSEMBLY_1":"AMBUR","DISTRICT":"VELLORE","PARLIAMENT":"8","P_NAME":"VELLORE","STATE_UT":"TAMILNADU"},"arcs":[[584,585,586,587,-543,-581,588]]},{"type":"Polygon","properties":{"ac":"47","ASSEMBLY_1":"VANIYAMBADI","DISTRICT":"VELLORE","PARLIAMENT":"8","P_NAME":"VELLORE","STATE_UT":"TAMILNADU"},"arcs":[[-589,-580,-583,589]]},{"type":"Polygon","properties":{"ac":"46","ASSEMBLY_1":"GUDIYATTAM (SC)","DISTRICT":"VELLORE","PARLIAMENT":"8","P_NAME":"VELLORE","STATE_UT":"TAMILNADU"},"arcs":[[590,-586,591]]},{"type":"Polygon","properties":{"ac":"45","ASSEMBLY_1":"KILVAITHINANKUPPAM (SC)","DISTRICT":"VELLORE","PARLIAMENT":"8","P_NAME":"VELLORE","STATE_UT":"TAMILNADU"},"arcs":[[592,-587,-591,593,594]]},{"type":"Polygon","properties":{"ac":"44","ASSEMBLY_1":"ANAIKATTU","DISTRICT":"VELLORE","PARLIAMENT":"8","P_NAME":"VELLORE","STATE_UT":"TAMILNADU"},"arcs":[[595,596,-544,-588,-593,597]]},{"type":"Polygon","properties":{"ac":"43","ASSEMBLY_1":"VELLORE","DISTRICT":"VELLORE","PARLIAMENT":"8","P_NAME":"VELLORE","STATE_UT":"TAMILNADU"},"arcs":[[598,599,-596,600]]},{"type":"Polygon","properties":{"ac":"42","ASSEMBLY_1":"ARCOT","DISTRICT":"VELLORE","PARLIAMENT":"7","P_NAME":"ARAKKONAM","STATE_UT":"TAMILNADU"},"arcs":[[601,602,-530,-534,-545,-597,-600]]},{"type":"Polygon","properties":{"ac":"41","ASSEMBLY_1":"RANIPET","DISTRICT":"VELLORE","PARLIAMENT":"7","P_NAME":"ARAKKONAM","STATE_UT":"TAMILNADU"},"arcs":[[603,604,-602,-599]]},{"type":"Polygon","properties":{"ac":"40","ASSEMBLY_1":"KATPADI","DISTRICT":"VELLORE","PARLIAMENT":"7","P_NAME":"ARAKKONAM","STATE_UT":"TAMILNADU"},"arcs":[[605,606,-604,-601,-598,-595,607]]},{"type":"Polygon","properties":{"ac":"39","ASSEMBLY_1":"SHOLINGUR","DISTRICT":"VELLORE","PARLIAMENT":"7","P_NAME":"ARAKKONAM","STATE_UT":"TAMILNADU"},"arcs":[[608,609,-531,-603,-605,-607,610]]},{"type":"Polygon","properties":{"ac":"38","ASSEMBLY_1":"ARAKKONAM (SC)","DISTRICT":"VELLORE","PARLIAMENT":"7","P_NAME":"ARAKKONAM","STATE_UT":"TAMILNADU"},"arcs":[[611,-609,612,613,614]]},{"type":"Polygon","properties":{"ac":"37","ASSEMBLY_1":"KANCHEEPURAM","DISTRICT":"KANCHEEPURAM","PARLIAMENT":"6","P_NAME":"KANCHEEPURAM (SC)","STATE_UT":"TAMILNADU"},"arcs":[[615,-532,-610,-612,616]]},{"type":"Polygon","properties":{"ac":"36","ASSEMBLY_1":"UTHIRAMERUR","DISTRICT":"KANCHEEPURAM","PARLIAMENT":"6","P_NAME":"KANCHEEPURAM (SC)","STATE_UT":"TAMILNADU"},"arcs":[[-524,-533,-616,617,618,619]]},{"type":"Polygon","properties":{"ac":"35","ASSEMBLY_1":"MADURANTAKAM (SC)","DISTRICT":"KANCHEEPURAM","PARLIAMENT":"6","P_NAME":"KANCHEEPURAM (SC)","STATE_UT":"TAMILNADU"},"arcs":[[620,621,622,-517,-519,-525,-620]]},{"type":"Polygon","properties":{"ac":"34","ASSEMBLY_1":"CHEYYUR (SC)","DISTRICT":"KANCHEEPURAM","PARLIAMENT":"6","P_NAME":"KANCHEEPURAM (SC)","STATE_UT":"TAMILNADU"},"arcs":[[623,-514,-623,624]]},{"type":"Polygon","properties":{"ac":"33","ASSEMBLY_1":"THIRUPORUR","DISTRICT":"KANCHEEPURAM","PARLIAMENT":"6","P_NAME":"KANCHEEPURAM (SC)","STATE_UT":"TAMILNADU"},"arcs":[[625,626,627,-625,-622,628]]},{"type":"Polygon","properties":{"ac":"32","ASSEMBLY_1":"CHENGALPATTU","DISTRICT":"KANCHEEPURAM","PARLIAMENT":"6","P_NAME":"KANCHEEPURAM (SC)","STATE_UT":"TAMILNADU"},"arcs":[[629,-629,-621,-619,630]]},{"type":"Polygon","properties":{"ac":"31","ASSEMBLY_1":"TAMBARAM","DISTRICT":"KANCHEEPURAM","PARLIAMENT":"5","P_NAME":"SRIPERUMBUDUR","STATE_UT":"TAMILNADU"},"arcs":[[631,632,-626,-630,633]]},{"type":"Polygon","properties":{"ac":"30","ASSEMBLY_1":"PALLAVARAM","DISTRICT":"KANCHEEPURAM","PARLIAMENT":"5","P_NAME":"SRIPERUMBUDUR","STATE_UT":"TAMILNADU"},"arcs":[[-632,634,635,636]]},{"type":"Polygon","properties":{"ac":"29","ASSEMBLY_1":"SRIPERUMBUDUR (SC)","DISTRICT":"KANCHEEPURAM","PARLIAMENT":"5","P_NAME":"SRIPERUMBUDUR","STATE_UT":"TAMILNADU"},"arcs":[[-617,-615,637,638,639,-635,-634,-631,-618]]},{"type":"Polygon","properties":{"ac":"28","ASSEMBLY_1":"ALANDUR","DISTRICT":"KANCHEEPURAM","PARLIAMENT":"5","P_NAME":"SRIPERUMBUDUR","STATE_UT":"TAMILNADU"},"arcs":[[640,641,642,643,-636,-640,644,645]]},{"type":"Polygon","properties":{"ac":"27","ASSEMBLY_1":"SHOZHINGANALLUR","DISTRICT":"KANCHEEPURAM","PARLIAMENT":"3","P_NAME":"CHENNAI SOUTH","STATE_UT":"TAMILNADU"},"arcs":[[-637,-644,646,647,-627,-633]]},{"type":"Polygon","properties":{"ac":"26","ASSEMBLY_1":"VELACHERY","DISTRICT":"CHENNAI","PARLIAMENT":"3","P_NAME":"CHENNAI SOUTH","STATE_UT":"TAMILNADU"},"arcs":[[648,-647,-643,649,650]]},{"type":"Polygon","properties":{"ac":"25","ASSEMBLY_1":"MYLAPORE","DISTRICT":"CHENNAI","PARLIAMENT":"3","P_NAME":"CHENNAI SOUTH","STATE_UT":"TAMILNADU"},"arcs":[[651,-651,652,653,654]]},{"type":"Polygon","properties":{"ac":"24","ASSEMBLY_1":"THIYAGARAYANAGAR","DISTRICT":"CHENNAI","PARLIAMENT":"3","P_NAME":"CHENNAI SOUTH","STATE_UT":"TAMILNADU"},"arcs":[[655,656,657,658]]},{"type":"Polygon","properties":{"ac":"23","ASSEMBLY_1":"SAIDAPET","DISTRICT":"CHENNAI","PARLIAMENT":"3","P_NAME":"CHENNAI SOUTH","STATE_UT":"TAMILNADU"},"arcs":[[-653,-650,-642,659,-659,660]]},{"type":"Polygon","properties":{"ac":"22","ASSEMBLY_1":"VIRUGAMPAKKAM","DISTRICT":"CHENNAI","PARLIAMENT":"3","P_NAME":"CHENNAI SOUTH","STATE_UT":"TAMILNADU"},"arcs":[[661,662,663,664,-656,-660,-641]]},{"type":"Polygon","properties":{"ac":"21","ASSEMBLY_1":"ANNA NAGAR","DISTRICT":"CHENNAI","PARLIAMENT":"1","P_NAME":"TIRUVALLUR (SC)","STATE_UT":"TAMILNADU"},"arcs":[[665,666,-657,-665,667]]},{"type":"Polygon","properties":{"ac":"20","ASSEMBLY_1":"THOUSAND LIGHTS","DISTRICT":"CHENNAI","PARLIAMENT":"1","P_NAME":"TIRUVALLUR (SC)","STATE_UT":"TAMILNADU"},"arcs":[[668,-654,-661,-658,-667,669]]},{"type":"Polygon","properties":{"ac":"19","ASSEMBLY_1":"CHEPAUK THIRUVALLIK","DISTRICT":"CHENNAI","PARLIAMENT":"1","P_NAME":"TIRUVALLUR (SC)","STATE_UT":"TAMILNADU"},"arcs":[[670,671,-655,-669,672]]},{"type":"Polygon","properties":{"ac":"18","ASSEMBLY_1":"HARBOUR","DISTRICT":"CHENNAI","PARLIAMENT":"1","P_NAME":"TIRUVALLUR (SC)","STATE_UT":"TAMILNADU"},"arcs":[[-671,673,674,675,676]]},{"type":"Polygon","properties":{"ac":"17","ASSEMBLY_1":"ROYAPURAM","DISTRICT":"CHENNAI","PARLIAMENT":"2","P_NAME":"CHENNAI NORTH","STATE_UT":"TAMILNADU"},"arcs":[[677,678,-676,679]]},{"type":"Polygon","properties":{"ac":"16","ASSEMBLY_1":"EGMORE (SC)","DISTRICT":"CHENNAI","PARLIAMENT":"1","P_NAME":"TIRUVALLUR (SC)","STATE_UT":"TAMILNADU"},"arcs":[[680,-674,-673,-670,-666]]},{"type":"Polygon","properties":{"ac":"15","ASSEMBLY_1":"THIRU-VI-KA-NAGAR (SC)","DISTRICT":"CHENNAI","PARLIAMENT":"2","P_NAME":"CHENNAI NORTH","STATE_UT":"TAMILNADU"},"arcs":[[681,682,683,-680,-675,-681]]},{"type":"Polygon","properties":{"ac":"14","ASSEMBLY_1":"VILLIVAKKAM","DISTRICT":"CHENNAI","PARLIAMENT":"1","P_NAME":"TIRUVALLUR (SC)","STATE_UT":"TAMILNADU"},"arcs":[[684,-682,-668,-664,685]]},{"type":"Polygon","properties":{"ac":"13","ASSEMBLY_1":"KOLATHUR","DISTRICT":"CHENNAI","PARLIAMENT":"2","P_NAME":"CHENNAI NORTH","STATE_UT":"TAMILNADU"},"arcs":[[686,687,-683,-685,688]]},{"type":"Polygon","properties":{"ac":"12","ASSEMBLY_1":"PERAMBUR","DISTRICT":"CHENNAI","PARLIAMENT":"2","P_NAME":"CHENNAI NORTH","STATE_UT":"TAMILNADU"},"arcs":[[689,690,-684,-688,691]]},{"type":"Polygon","properties":{"ac":"11","ASSEMBLY_1":"DR RADHAKRISHAN NAGA","DISTRICT":"CHENNAI","PARLIAMENT":"2","P_NAME":"CHENNAI NORTH","STATE_UT":"TAMILNADU"},"arcs":[[692,-678,-691,693]]},{"type":"Polygon","properties":{"ac":"10","ASSEMBLY_1":"TIRUVOTTIYUR","DISTRICT":"CHENNAI","PARLIAMENT":"2","P_NAME":"CHENNAI NORTH","STATE_UT":"TAMILNADU"},"arcs":[[694,695,-694,-690,696]]},{"type":"Polygon","properties":{"ac":"9","ASSEMBLY_1":"MADAVARAM","DISTRICT":"TIRUVALLUR","PARLIAMENT":"1","P_NAME":"TIRUVALLUR (SC)","STATE_UT":"TAMILNADU"},"arcs":[[-697,-692,-687,697,698,699,700,701]]},{"type":"Polygon","properties":{"ac":"8","ASSEMBLY_1":"AMBATTUR","DISTRICT":"TIRUVALLUR","PARLIAMENT":"5","P_NAME":"SRIPERUMBUDUR","STATE_UT":"TAMILNADU"},"arcs":[[702,-698,-689,-686,-663,703]]},{"type":"Polygon","properties":{"ac":"7","ASSEMBLY_1":"MADURAVOYAL","DISTRICT":"TIRUVALLUR","PARLIAMENT":"5","P_NAME":"SRIPERUMBUDUR","STATE_UT":"TAMILNADU"},"arcs":[[704,-704,-662,-646,705]]},{"type":"Polygon","properties":{"ac":"6","ASSEMBLY_1":"AVADI","DISTRICT":"TIRUVALLUR","PARLIAMENT":"1","P_NAME":"TIRUVALLUR (SC)","STATE_UT":"TAMILNADU"},"arcs":[[706,-699,-703,-705]]},{"type":"Polygon","properties":{"ac":"5","ASSEMBLY_1":"POONAMALLEE (SC)","DISTRICT":"TIRUVALLUR","PARLIAMENT":"1","P_NAME":"TIRUVALLUR (SC)","STATE_UT":"TAMILNADU"},"arcs":[[707,-700,-707,-706,-645,-639,708]]},{"type":"Polygon","properties":{"ac":"4","ASSEMBLY_1":"THIRUVALLUR","DISTRICT":"TIRUVALLUR","PARLIAMENT":"1","P_NAME":"TIRUVALLUR (SC)","STATE_UT":"TAMILNADU"},"arcs":[[709,-709,-638,-614,710,711]]},{"type":"Polygon","properties":{"ac":"3","ASSEMBLY_1":"TIRUTTANI","DISTRICT":"TIRUVALLUR","PARLIAMENT":"7","P_NAME":"ARAKKONAM","STATE_UT":"TAMILNADU"},"arcs":[[-711,-613,-611,-606,712]]},{"type":"Polygon","properties":{"ac":"2","ASSEMBLY_1":"PONNER (SC)","DISTRICT":"TIRUVALLUR","PARLIAMENT":"1","P_NAME":"TIRUVALLUR (SC)","STATE_UT":"TAMILNADU"},"arcs":[[713,-695,-702,714]]},{"type":"Polygon","properties":{"ac":"1","ASSEMBLY_1":"GUMMIDIPOONDI","DISTRICT":"TIRUVALLUR","PARLIAMENT":"1","P_NAME":"TIRUVALLUR (SC)","STATE_UT":"TAMILNADU"},"arcs":[[-715,-701,-708,-710,715]]}]}},"arcs":[[[8164,7058],[63,7]],[[8227,7065],[28,-25]],[[8255,7040],[-91,18]],[[2741,95],[-75,19]],[[2666,114],[50,55],[9,-62]],[[2725,107],[16,-12]],[[2509,350],[-1,-40],[74,-24]],[[2582,286],[-5,-34]],[[2577,252],[-77,-5],[-17,-28]],[[2483,219],[-68,29],[-256,154],[97,71],[93,-20]],[[2349,453],[-7,-57],[167,-46]],[[2722,866],[-76,-82],[26,-94],[-27,-50],[-94,-50],[-5,-81],[-29,-14],[19,-92]],[[2536,403],[-27,-53]],[[2349,453],[-28,113],[74,60],[19,45],[51,5],[-59,100],[49,20],[39,-29],[60,21],[40,64],[-35,60]],[[2559,912],[163,-46]],[[2879,321],[-100,-47],[-202,-22]],[[2582,286],[54,47],[-100,70]],[[2722,866],[80,-37]],[[2802,829],[143,-32],[57,-27],[0,-45]],[[3002,725],[-21,-77],[-86,-43],[-32,-85],[38,-40],[-51,-50],[-1,-87],[30,-22]],[[2881,274],[9,-55],[-115,-57],[-50,-55]],[[2666,114],[-75,55],[-108,50]],[[2879,321],[2,-47]],[[2890,57],[-149,38]],[[2881,274],[110,7],[14,-59],[50,5],[-64,-97],[-51,2],[-50,-75]],[[3225,514],[-10,-75],[80,-72],[34,-59],[-79,-6],[19,-93],[-34,-30],[31,-33],[96,-29]],[[3362,117],[-67,-39],[-24,-78],[-112,6],[-269,51]],[[3002,725],[61,-33],[-17,-51],[70,-87],[95,19],[14,-59]],[[3225,514],[21,60],[64,35],[171,-47],[68,22],[-58,67],[90,-12],[27,22],[152,-61],[40,-62],[133,-1],[23,24]],[[3956,561],[60,-69],[55,17],[15,-45],[202,24]],[[4288,488],[-67,-55],[-92,-29],[-59,-41],[-170,-42],[-66,-37],[0,-42],[-130,-65],[-188,-22],[-154,-38]],[[3712,1223],[90,47],[68,11],[3,87],[32,13]],[[3905,1381],[80,-61],[-86,-57],[25,-69],[-37,-94],[13,-29]],[[3900,1071],[5,-59],[-81,-28],[-6,-63],[72,-21],[25,-91],[48,-84],[-20,-70],[40,-19],[21,-62],[-48,-13]],[[2802,829],[47,36],[67,-10],[63,83],[65,-37],[144,41],[85,-1],[131,-55],[-23,64],[42,3],[39,60],[53,-12],[7,78]],[[3522,1079],[55,60]],[[3577,1139],[43,-58],[149,-8],[66,68],[-21,49],[-48,-10],[-54,43]],[[3577,1139],[66,17],[69,67]],[[2527,1459],[99,-3]],[[2626,1456],[24,-36],[-41,-56],[49,-27],[-33,-74],[63,0],[19,-44],[65,-22],[34,22],[158,0],[89,-42],[96,11],[130,-53]],[[3279,1135],[243,-56]],[[2559,912],[-59,76],[-73,52],[-51,106],[-60,68],[51,-6],[16,51],[81,29],[82,105],[-19,66]],[[3422,1571],[90,4],[3,-39],[78,-35],[23,20]],[[3616,1521],[150,6],[1,-63],[66,-2]],[[3833,1462],[49,-21],[23,-60]],[[3279,1135],[-11,73],[32,33],[-32,46],[79,68],[12,81],[-68,16],[-16,59],[81,-12],[3,69]],[[3359,1568],[63,3]],[[2626,1456],[164,-14],[94,-19],[-32,138],[60,5],[65,-33],[105,5],[50,-30],[93,62],[134,-2]],[[2935,1723],[132,-1],[25,34],[80,0],[20,66],[146,-55],[33,-45],[49,3],[-52,-88],[39,-6],[15,-60]],[[2527,1459],[-84,44],[2,39]],[[2445,1542],[89,74],[86,11],[-71,45],[119,4],[2,-16],[180,-30],[85,93]],[[2907,1835],[-22,-66],[59,5],[-9,-51]],[[2445,1542],[-55,-9],[-13,68],[-121,118],[55,45],[70,0],[19,71],[54,57],[98,65],[2,93]],[[2554,2050],[106,-50],[40,13],[69,-29],[102,-8],[-19,-62],[33,-29],[-34,-42],[56,-8]],[[2725,2437],[120,-50],[76,14],[78,-52],[-27,-28],[191,-41],[28,75],[55,-9]],[[3246,2346],[55,-52],[41,1],[-9,-65]],[[3333,2230],[-70,-41],[48,-4],[-10,-42],[79,5],[12,-42],[-89,-14],[-32,-51],[-57,16],[-54,-90],[-82,-34],[-27,-84],[-86,-29],[-58,15]],[[2554,2050],[32,176],[42,66],[67,0],[35,91],[-5,54]],[[3968,2105],[31,-82],[-44,-52],[-85,11],[-139,-39],[-17,39],[-79,12],[-37,-50],[24,-43],[-66,6],[9,-56],[155,-10],[9,-45],[-87,-16],[12,-51],[-47,-16],[12,-57],[58,1],[-6,-65],[-96,4],[41,-75]],[[3333,2230],[166,-51],[145,2],[119,-51],[36,-49],[50,71],[49,-50],[70,3]],[[4119,2034],[81,-15],[-29,-36],[-80,26],[63,-165],[47,7],[69,-61],[11,-44],[-95,-24],[-11,-42],[-60,-14],[3,-36],[-135,4],[-12,-16]],[[3971,1618],[-51,-28],[38,-39],[-84,-33],[-41,-56]],[[3968,2105],[25,10]],[[3993,2115],[56,-5],[-2,-66],[72,-10]],[[4795,1557],[-47,-87],[-8,-100]],[[4740,1370],[-87,-14],[-81,22],[-20,31],[-40,-58],[94,-74],[34,-62],[-68,-31]],[[4572,1184],[-86,-5],[-90,-67],[-74,39],[16,-67],[-62,-3],[6,39],[-83,-26],[-9,29],[-105,17],[-15,-68],[-170,-1]],[[3971,1618],[24,-19],[126,15],[13,-32],[162,10],[9,-19],[110,44],[89,-7],[-23,-36],[65,-15],[45,30],[204,-32]],[[4730,1197],[-65,-110]],[[4665,1087],[-80,-14],[-108,-63],[-158,-11],[-57,-47],[-15,-79],[53,-96],[-36,16],[-7,-104],[116,-178]],[[4373,511],[-85,-23]],[[4572,1184],[33,-23],[125,36]],[[4665,1087],[-21,-57],[39,-81],[-40,-97],[20,-68],[-157,-149],[1,-81],[-134,-43]],[[4740,1370],[-4,-118],[97,15],[-103,-70]],[[4119,2034],[106,58],[3,35],[127,45],[3,57],[93,-2],[-37,50],[57,54],[239,19]],[[4710,2350],[38,-58],[86,-22],[34,-52],[142,-16],[-2,-20]],[[5008,2182],[-24,-132],[63,2],[-54,-111],[115,-18],[87,-31],[2,-28],[75,-8]],[[5272,1856],[-255,-126],[-39,-38],[-134,-75],[-49,-60]],[[6082,2062],[-22,-41],[-64,15],[-102,-21],[0,-46],[-123,-17],[-61,-35],[-113,14],[-252,-40],[-73,-35]],[[5008,2182],[118,-25],[41,32],[68,-5],[-38,35],[34,41],[-95,85],[-159,36],[-62,-17],[-2,50],[-47,9],[-12,62],[199,-6]],[[5053,2479],[102,-38],[40,60],[181,-53],[37,26],[29,99],[120,11],[52,-63],[122,-25],[37,27],[82,-123],[71,-40],[54,-70]],[[5980,2290],[-44,-112],[146,-116]],[[5980,2290],[52,-3]],[[6032,2287],[59,-38],[86,6],[99,51],[4,49],[95,-13],[-35,-83],[116,-31],[2,74],[66,15],[114,-47],[64,35]],[[6702,2305],[139,-94],[240,-34],[271,15],[127,65],[50,-37],[-44,-49],[100,-79],[170,-89],[-52,6],[-234,101],[-120,27],[-110,-9],[-33,32],[-139,-2],[-128,-21],[-247,34],[-110,-7],[-86,-39],[-65,17],[-349,-80]],[[6677,3380],[141,-153],[173,-21]],[[6991,3206],[-85,-67],[-67,-75],[-155,-107],[-95,-170],[-53,-52],[-22,-158],[-40,-17],[7,-58],[69,-73],[152,-124]],[[6032,2287],[32,39],[152,86],[-36,23],[54,35],[59,-18],[-4,45],[50,-6],[12,48],[-42,12],[61,91],[-83,110]],[[6287,2752],[8,39],[-71,18],[-20,48],[27,98],[-109,20]],[[6122,2975],[-19,62]],[[6103,3037],[114,52],[106,-23],[-48,-50],[31,-33],[66,59],[62,-2],[37,52],[-40,29],[-28,112],[23,36],[107,69],[55,-7],[89,49]],[[5327,2759],[78,43],[125,-20],[32,-48],[60,6],[161,-61],[21,-29],[107,-31],[-20,45],[73,41],[-15,57],[70,0],[90,-38],[178,28]],[[5053,2479],[-8,28],[120,23],[-48,19],[6,81],[124,-15],[-20,91],[100,53]],[[4672,3093],[62,-64],[68,36],[179,-25],[63,3],[-13,-79],[104,-12],[-7,-63],[137,-33],[-9,-34],[63,-22],[8,-41]],[[4710,2350],[28,86],[-80,4],[-26,70],[51,74],[99,30],[-100,8],[-7,82],[-48,15],[-106,-12],[-87,-43],[-86,14],[6,64],[-60,5]],[[4294,2747],[60,80]],[[4354,2827],[68,70],[49,-29],[65,29],[-61,116],[53,33]],[[4528,3046],[57,49],[73,-44],[14,42]],[[4059,2432],[73,51],[84,30],[43,82],[-56,35],[48,29],[43,88]],[[3993,2115],[-10,36],[163,73],[106,10],[18,67],[-39,61],[-57,13],[-53,-34],[-62,91]],[[3836,2803],[125,-3],[8,27],[102,-7],[25,-22],[120,42],[51,-30],[87,17]],[[4059,2432],[-77,15]],[[3982,2447],[7,57],[-91,30],[12,49],[-86,37],[-155,0]],[[3669,2620],[37,44],[-18,47],[34,25],[69,-35],[-2,95],[47,7]],[[3614,2485],[43,42],[12,93]],[[3982,2447],[-70,-4],[-15,-32],[-75,14],[-36,-49],[-90,13],[-52,-38],[-38,85],[8,49]],[[3246,2346],[40,33],[-34,50],[100,23]],[[3352,2452],[177,-37],[85,70]],[[3631,2935],[124,-46],[41,-79],[40,-7]],[[3352,2452],[47,29],[-17,47],[-133,21],[-51,44],[-132,14],[-166,-12]],[[2900,2595],[-24,37]],[[2876,2632],[63,36],[69,-13],[52,41]],[[3060,2696],[50,25],[50,110],[164,46],[60,56],[80,13],[63,-54],[104,43]],[[2725,2437],[66,75],[66,1],[43,82]],[[2431,3015],[4,94],[59,16],[-62,46],[36,51],[-61,43],[14,51],[72,87],[37,0]],[[2530,3403],[14,-23],[124,-52],[62,-52],[-39,-12],[0,-55],[59,-22]],[[2750,3187],[1,-74],[36,0],[-36,-95],[2,-60],[-102,39],[-55,-27],[-111,17],[-54,28]],[[3138,3470],[-13,-177],[-59,-76],[-35,49],[-128,8],[3,-27],[-122,-20],[-34,-40]],[[2530,3403],[28,38],[-52,70],[-9,58],[-103,70],[-19,39],[105,45],[55,-17]],[[2535,3706],[89,26],[51,-18],[170,60],[56,-38],[115,-20]],[[3016,3716],[83,-35],[-38,-81],[-66,-4],[-4,35],[-90,21],[19,-81],[139,-91],[79,-10]],[[3594,3629],[-136,-77],[-84,0],[-44,26],[-106,-20],[-86,-88]],[[3016,3716],[48,42],[70,14],[92,52],[44,-17],[104,56],[116,-44],[110,42]],[[3600,3861],[-5,-43],[70,-64],[-37,-50],[-99,33],[-16,-40],[83,-37],[-2,-31]],[[3594,3629],[25,-13],[5,-106]],[[3624,3510],[-32,-12],[-12,-82],[-46,-13],[15,-45],[-57,-28],[-17,-50],[-68,-47],[15,-50],[-67,-107],[-76,-50],[-104,-155],[-150,-145],[35,-30]],[[2876,2632],[-40,-15],[-138,145],[-70,-2],[-62,-36],[-95,11],[-91,61],[-74,-9],[24,84],[64,70],[-5,52],[42,22]],[[3624,3510],[130,58],[232,20],[59,-38]],[[4045,3550],[45,-50],[195,-89]],[[4285,3411],[-69,-62],[31,-32],[-39,-25],[-139,2],[3,-45],[-107,-101],[37,-33],[-108,-4],[-2,-52],[-96,-18],[-75,-61],[-49,24],[-59,-47],[18,-22]],[[4340,3379],[-34,-82],[115,-101],[18,-89],[89,-61]],[[4285,3411],[55,-32]],[[4684,3317],[86,-68]],[[4770,3249],[-77,4],[-3,-39],[-65,4],[31,-76],[80,33],[48,-39],[-33,-61],[-19,45],[-67,13],[7,-40]],[[4340,3379],[105,-30],[35,-53],[98,5]],[[4578,3301],[13,-1]],[[4591,3300],[93,17]],[[4555,3396],[4,-24]],[[4559,3372],[-16,-66],[35,-5]],[[4285,3411],[66,26],[136,-50],[-6,49],[66,-11]],[[4547,3425],[8,-29]],[[4593,3356],[-2,-56]],[[4559,3372],[34,-16]],[[4666,3323],[18,-6]],[[4593,3356],[73,-33]],[[4555,3396],[78,5],[70,-51],[-37,-27]],[[4216,3712],[50,-11],[130,92],[215,26],[67,-25],[49,-147]],[[4727,3647],[-108,-76],[-3,-56],[-38,7],[-31,-97]],[[4045,3550],[159,73],[-24,26],[36,63]],[[4988,3252],[-60,4],[25,-46]],[[4953,3210],[-144,49],[-39,-10]],[[4727,3647],[101,-47]],[[4828,3600],[141,-47],[-91,-87],[62,-22],[41,-82],[44,23],[-37,-133]],[[5226,4045],[19,-72],[84,-21],[-65,-20],[41,-60],[-40,-63],[46,-35],[-26,-40],[71,-3],[90,-34],[-33,-27],[10,-55],[-78,-32],[52,-52]],[[5397,3531],[29,-24],[-10,-76],[-152,-28],[-40,17],[-10,-54],[-61,10],[-68,-27],[-13,-105],[-84,8]],[[4828,3600],[113,40],[50,142],[-36,19],[150,93],[10,133]],[[5115,4027],[75,-11],[36,29]],[[4953,3210],[64,-7],[-3,-36],[67,-1],[70,29],[51,-51],[-35,-29],[111,-79],[100,-7],[54,50],[52,0],[21,-65],[115,-29],[-44,-76],[34,-45],[70,37],[-19,33],[105,44],[34,-21],[64,23],[63,-23],[0,-41],[65,-9],[66,55],[64,13]],[[5397,3531],[59,24],[135,-52],[81,48],[61,4],[63,-38],[161,-17],[-2,30],[103,57]],[[6058,3587],[-11,-43],[108,-68],[-17,-48],[-87,-83],[-72,-5],[49,-30],[-15,-41],[29,-86],[-23,-56],[38,-5],[7,-90],[39,5]],[[6296,3732],[-2,-95],[-158,-74],[-78,24]],[[5226,4045],[58,63],[-30,12],[130,39],[-3,63],[146,-35],[0,-23]],[[5527,4164],[-24,-40],[60,-48],[-29,-114],[-131,4],[-8,-35],[92,-24],[-40,-52],[107,-23],[-4,60],[60,58],[74,1],[20,51],[131,-34],[18,-45],[68,-66],[0,-91],[49,-13],[36,48],[55,-27],[85,9],[-1,52],[96,30],[55,-133]],[[6296,3732],[63,-27],[46,49],[81,-13],[28,-44]],[[6514,3697],[66,-23],[50,36],[45,-66],[-62,8],[-74,-44],[25,-22],[-59,-31],[14,-42],[95,-20],[92,-60],[-29,-53]],[[6547,3825],[104,-19],[36,57],[55,-4],[157,-60],[5,22],[186,16]],[[7090,3837],[32,-52],[92,-4],[4,-38],[56,2]],[[7274,3745],[10,-116],[73,-74],[-110,-61],[-56,-76],[-69,-33],[-38,-59],[-64,-43],[-29,-77]],[[6514,3697],[101,10],[-109,86],[41,32]],[[6547,3825],[-13,63],[-45,31],[-65,100],[-63,7],[-73,49]],[[6288,4075],[36,41],[-28,39],[132,7],[-3,37],[83,19],[128,-19],[39,-27],[97,47],[-4,-32],[119,-36],[188,25]],[[7075,4176],[9,-65],[-60,-12],[16,-114],[-37,-66],[70,0],[-4,-31],[90,-2],[-69,-49]],[[5708,4283],[19,-33],[171,-28],[40,-66],[76,-48],[60,28],[59,-10]],[[6133,4126],[87,-48],[68,-3]],[[5527,4164],[47,12],[-8,100],[95,-17],[47,24]],[[6165,4230],[62,52],[76,18],[-48,40],[23,42],[73,15],[31,-22],[-41,-70],[57,-17],[65,63],[9,67],[55,4],[49,76],[73,-1],[26,-35],[31,52],[165,-137],[3,-31],[-63,-51],[65,-30],[36,58],[77,4],[44,-51]],[[7033,4276],[63,-61],[-21,-39]],[[6133,4126],[32,104]],[[5708,4283],[10,59],[-43,26],[26,60],[-77,-10],[-46,-53],[-75,-2],[-38,99],[-42,5],[-18,66]],[[5405,4533],[-17,47],[78,59],[105,-18],[-9,83],[103,9],[-4,-33],[65,-6],[61,34],[12,52],[65,-3],[-7,-85],[87,71],[4,67]],[[5948,4810],[36,-6]],[[5984,4804],[90,-37],[-17,-69],[18,-45],[130,8]],[[6205,4661],[91,-64],[-103,-48],[-35,19],[-19,-48],[99,-11],[-10,-27],[-126,-67],[1,-64],[-80,-3],[38,-54],[28,25],[76,-89]],[[6403,4767],[91,-63],[73,1],[70,-33],[59,120],[106,-40]],[[6802,4752],[-38,-41],[112,-9],[18,-58],[80,-26],[58,22],[38,-86],[116,-15],[-10,-68],[-87,-21],[-43,-75],[116,-23]],[[7162,4352],[-16,-30],[-113,-46]],[[6205,4661],[71,80],[130,-7],[-3,33]],[[7371,4369],[24,-95],[63,-135],[51,-25],[-73,-15],[78,-20],[77,-56]],[[7591,4023],[-75,-12],[-129,-87],[6,-45],[-92,-71],[-27,-63]],[[7162,4352],[16,45],[123,24],[70,-52]],[[7878,4385],[-17,-102],[-47,-4],[132,-146],[-72,-3],[-11,-59]],[[7863,4071],[-172,10],[-100,-58]],[[7371,4369],[19,44],[90,-27],[107,35],[8,34],[74,5],[18,41]],[[7687,4501],[130,-12],[-64,-14],[125,-90]],[[6802,4752],[16,13]],[[6818,4765],[51,-15],[68,41],[152,13],[-22,62],[27,23],[107,-12]],[[7201,4877],[52,-48],[96,-38],[15,69],[85,-35]],[[7449,4825],[45,-87],[-3,-48],[95,-25],[-24,-102],[133,-26],[-8,-36]],[[7158,4951],[32,-8],[11,-66]],[[6818,4765],[46,30],[3,65],[127,22],[45,91],[119,-22]],[[6174,4988],[101,13]],[[6275,5001],[270,58],[39,38],[156,4]],[[6740,5101],[122,-1],[65,63],[117,14]],[[7044,5177],[75,-52],[64,-91],[-25,-83]],[[6403,4767],[-14,51],[35,96],[-36,71],[-214,3]],[[7044,5177],[48,18],[170,5],[177,130],[44,2]],[[7483,5332],[41,-72],[70,17],[1,-78],[-66,-37]],[[7529,5162],[-123,24],[-50,-92],[47,-37],[16,-69],[68,-25],[140,-19]],[[7627,4944],[-68,-60],[40,-9],[-63,-44],[-87,-6]],[[7695,5110],[-76,1],[-90,51]],[[7483,5332],[76,41]],[[7559,5373],[122,46]],[[7681,5419],[53,-2],[-4,-180],[71,17],[-61,-46],[-18,-92],[-27,-6]],[[7837,5577],[155,58]],[[7992,5635],[121,-63],[-45,-29],[-18,-103]],[[8050,5440],[-79,-60],[75,-79],[-57,1],[-20,-52]],[[7969,5250],[2,-53],[-74,-37],[56,-41],[-99,-62]],[[7854,5057],[-159,53]],[[7681,5419],[156,158]],[[8527,5307],[36,-70],[-99,15],[12,-71],[43,-27]],[[8519,5154],[-166,8],[-62,-17],[-61,-97],[32,-45],[-18,-39]],[[8244,4964],[-68,-17],[-78,62],[-163,-24],[-104,0]],[[7831,4985],[28,40],[-89,16],[84,16]],[[7969,5250],[198,7],[83,26],[28,41],[144,12],[105,-29]],[[7804,4907],[-73,-16],[-104,53]],[[7831,4985],[-27,-78]],[[8244,4964],[96,8],[5,25],[109,-1],[25,-37]],[[8479,4959],[-94,-64],[-26,-100],[-84,-30],[54,-66],[-71,-47]],[[8258,4652],[-40,25],[-87,-12],[-58,42],[-123,-27]],[[7950,4680],[-26,105],[61,10],[-9,36],[-135,15],[19,76],[-56,-15]],[[7950,4680],[-25,-204],[-47,-91]],[[8353,4554],[-37,-23],[62,-38],[46,14],[40,-47],[-97,-52],[-26,-47],[27,-38],[-140,-23],[-9,-78],[22,-87],[152,-73],[48,-67]],[[8441,3995],[-240,43],[-205,9],[-133,24]],[[8258,4652],[55,-12],[-25,-47],[65,-39]],[[8353,4554],[164,13],[3,-30],[69,15],[85,-74],[102,15]],[[8776,4493],[13,-391],[12,-100],[-178,-24],[-182,17]],[[8479,4959],[30,48],[83,-9],[69,-38],[-63,-56],[-60,-1],[106,-70],[122,44]],[[8766,4877],[10,-168],[0,-216]],[[8519,5154],[38,4],[152,-91],[-27,-24],[83,-45],[1,-121]],[[8787,5643],[0,-305],[-113,-31],[-130,13],[-17,-13]],[[8050,5440],[74,-17],[89,11],[163,-11],[36,49],[-8,85]],[[8404,5557],[115,36],[143,-2],[125,52]],[[7992,5635],[182,69],[34,59],[87,1]],[[8295,5764],[45,-61],[19,-95],[50,27],[59,-25],[-58,-12],[-6,-41]],[[8413,5894],[87,52],[64,4],[-5,38],[113,20],[22,71]],[[8694,6079],[45,-167],[48,-269]],[[8295,5764],[10,90],[108,40]],[[8276,5991],[-18,-75],[142,25],[13,-47]],[[7837,5577],[57,45],[75,96],[-31,154],[-85,11],[-80,42],[14,27],[-104,-4],[-6,81],[-64,34]],[[7613,6063],[-18,34],[-86,15],[36,28]],[[7545,6140],[75,-12],[216,-70],[97,34],[86,-4],[10,-124],[67,-15],[154,14],[26,28]],[[8276,5991],[77,17],[-7,126],[-52,-6],[50,87],[-26,20]],[[8318,6235],[139,100],[106,5]],[[8563,6340],[20,-79],[87,-122],[24,-60]],[[7545,6140],[19,102],[49,-51],[19,72],[93,-18],[-2,55],[81,2],[-17,92]],[[7787,6394],[80,-21],[32,-37],[99,-13]],[[7998,6323],[39,-40],[-50,-77],[190,15],[75,40],[15,-40],[51,14]],[[8167,6636],[36,33],[131,-13],[49,49]],[[8383,6705],[92,-11],[76,-91],[59,-12]],[[8610,6591],[-47,-167],[0,-84]],[[7998,6323],[77,41],[58,1],[107,57],[5,60],[91,-5],[70,53],[-117,19],[-4,35],[-96,19],[-22,33]],[[8395,6913],[137,-39],[60,20],[-18,-45],[94,12],[15,-34],[-83,-23],[-83,35],[-15,-54],[-49,-43],[103,-25],[95,21],[-41,-147]],[[8383,6705],[-4,59]],[[8379,6764],[3,17]],[[8382,6781],[30,57],[-17,75]],[[8602,6950],[53,-24],[-29,-49],[-24,73]],[[7857,6693],[-77,0],[22,74],[99,0],[-69,113]],[[7832,6880],[159,-22],[113,-32],[46,5]],[[8150,6831],[118,-73],[96,14]],[[8364,6772],[15,-8]],[[8167,6636],[-91,50],[-81,-13],[-126,40],[-12,-20]],[[7777,6505],[28,3],[-38,119],[75,15],[15,51]],[[7787,6394],[82,42],[-40,7],[-52,62]],[[6914,6381],[-18,56],[184,-72],[94,-3],[22,28]],[[7196,6390],[70,67],[31,-20],[42,43],[89,-5],[19,-24],[95,48],[64,0],[49,34],[122,-28]],[[7613,6063],[-126,-2]],[[7487,6061],[-48,46],[-18,58],[-139,-4],[-4,40],[-106,6],[-96,-52],[-110,109],[-91,14],[39,103]],[[7421,5992],[-70,13],[-32,-33],[-26,40],[-140,-35],[-166,50],[-115,2],[-65,-17],[-155,15]],[[6652,6027],[-57,28],[-174,156]],[[6421,6211],[71,-5],[45,112],[203,23],[27,51],[90,-34],[57,23]],[[7487,6061],[-47,-11],[-19,-58]],[[7559,5373],[-60,51],[-40,86],[11,84],[-106,14]],[[7364,5608],[31,56],[51,20],[-17,55],[-58,33],[-49,97],[88,60],[11,63]],[[6745,5403],[144,84],[-29,59],[44,37],[-21,91],[70,-15],[11,58],[86,71],[57,-52],[78,-27],[-102,-66],[102,-21],[-18,-41],[83,21],[114,6]],[[6740,5101],[-18,56],[-47,1],[-36,48],[-66,25],[95,8],[17,44],[73,33],[-13,87]],[[6745,5403],[-83,64],[-223,15],[-18,-31],[-62,7]],[[6359,5458],[-22,112],[15,38],[211,-8],[22,68],[-46,67],[41,11],[-4,50],[-59,23],[117,104],[79,29],[-61,75]],[[6344,6236],[77,-25]],[[6359,5458],[-105,-15]],[[6254,5443],[5,58],[-120,16],[-62,-25],[10,-61],[-58,-40]],[[6029,5391],[-43,34],[-70,168],[-48,-1],[66,53],[48,-6],[38,41],[-23,30],[66,74],[52,27],[-46,66],[-165,-10],[-66,16],[121,98],[-56,-12]],[[5903,5969],[-34,85],[90,23],[30,38],[102,-10],[119,-111],[79,72],[-76,48],[63,99],[68,23]],[[5512,5392],[-47,19],[-22,94],[-4,112],[-44,20],[-70,-21],[-40,50]],[[5285,5666],[97,195],[-41,56],[106,109]],[[5447,6026],[170,-84],[8,-77],[57,0],[81,39],[85,10],[55,55]],[[6029,5391],[-24,-44],[-59,4],[-68,43],[7,55],[-197,-23],[-85,-38],[-91,4]],[[4860,5448],[82,-45],[64,17],[74,-31],[50,-56],[40,69],[-87,61],[54,70],[77,8],[-6,87],[77,38]],[[5512,5392],[-94,-54],[2,-58],[60,-14],[91,38],[5,-58],[-110,-3],[-36,-103]],[[5430,5140],[-15,4]],[[5415,5144],[-93,52],[-103,30],[-162,-8]],[[5057,5218],[-158,3],[-62,-18],[-64,16]],[[4773,5219],[-55,74]],[[4718,5293],[62,21],[5,41],[-74,-6],[89,58],[57,-34],[3,75]],[[6009,5042],[-95,31],[-107,-6],[-135,21],[-127,38],[-115,14]],[[6254,5443],[13,-121],[-50,-31],[-44,-131],[-79,-39],[-39,19],[1,-69],[-47,-29]],[[6275,5001],[-2,13],[-264,28]],[[5984,4804],[35,72]],[[6019,4876],[63,-1],[10,39],[-99,48],[4,39]],[[5997,5001],[129,2],[48,-15]],[[5929,4996],[68,5]],[[6019,4876],[-63,26],[-27,94]],[[5948,4810],[6,38],[-88,59],[19,65],[44,24]],[[5405,4533],[-65,58],[3,88],[-45,-51],[-47,46],[21,41]],[[5272,4715],[168,43],[94,-20],[10,29],[112,52],[4,70],[-56,29],[70,29],[22,39],[-89,84],[-138,29],[-45,-14],[-9,59]],[[5115,4027],[10,47],[-136,78],[18,56],[62,68],[-44,19],[-172,22]],[[4853,4317],[-125,66],[62,83]],[[4790,4466],[113,21],[38,53],[54,285]],[[4995,4825],[21,-75],[110,9],[88,36],[58,-80]],[[4995,4825],[52,21],[16,93],[-100,33],[8,99],[86,23],[20,61],[-20,63]],[[4455,4850],[-41,86],[-55,31],[-58,79],[2,62],[89,59]],[[4392,5167],[58,-17],[-3,-54],[51,-31],[75,19],[27,74],[-49,36],[121,41],[9,-46],[92,30]],[[4790,4466],[-152,42],[26,56],[50,19],[-3,63],[-44,3],[21,166],[42,105],[32,33],[-66,17],[-21,-46],[-100,-8],[-19,-72],[-101,6]],[[4392,5167],[-42,30],[19,101],[100,38],[7,39]],[[4476,5375],[102,9]],[[4578,5384],[140,-91]],[[4151,5390],[48,-10],[91,40],[107,-11],[79,-34]],[[4455,4850],[-64,-1],[-63,-41],[-148,27],[-17,-56],[169,-6],[32,-15],[-13,-97],[-82,-14],[21,-59],[-70,5],[-114,45],[-62,-4],[-29,-34]],[[4015,4600],[-107,7],[-55,90]],[[3853,4697],[38,63],[0,64],[-139,32],[79,70],[80,-39],[143,-29],[-37,28],[-19,96],[-73,-11],[-129,94],[-38,-19]],[[3758,5046],[-30,54],[22,99],[-46,45],[70,26],[28,65],[-37,43]],[[3765,5378],[92,22],[132,-88],[127,37],[35,41]],[[4069,4398],[85,2],[-28,73],[-112,26],[1,101]],[[4853,4317],[4,-34],[64,-22],[-96,-20],[-82,-51],[-63,44],[-72,-72],[-107,2]],[[4501,4164],[-39,58],[-60,-26],[-100,25]],[[4302,4221],[-13,102],[-91,34],[-79,-2],[-50,43]],[[4501,4164],[-15,-50],[-93,-31],[-161,-12],[-20,-27]],[[4212,4044],[-38,119],[62,21],[19,54],[47,-17]],[[4216,3712],[-37,19],[8,65],[-43,82]],[[4144,3878],[79,81],[-40,19],[29,66]],[[3614,3888],[104,-54],[28,23],[115,-27],[0,83],[115,-34],[57,84],[60,-26],[-8,-34],[59,-25]],[[3600,3861],[14,27]],[[3621,4135],[24,74],[144,95],[11,42],[64,23],[72,-40],[19,68],[114,1]],[[3614,3888],[-5,23],[-120,42],[109,25],[74,53],[7,41],[-58,63]],[[2894,4614],[74,6],[83,35],[48,-12],[37,-56],[67,1],[11,39],[89,86],[135,-29],[39,12],[20,73],[92,26],[17,-86],[-17,-42],[70,-54],[55,60],[90,35],[49,-11]],[[3621,4135],[-72,24],[-40,94],[-126,-31],[-20,44],[-5,123],[-53,29],[-93,-7],[-347,17]],[[2865,4428],[-87,25],[38,99],[78,62]],[[2585,3904],[150,82],[-60,78],[25,62],[-53,3],[24,170],[147,-1],[-5,81],[52,49]],[[2535,3706],[50,198]],[[2110,4047],[-33,47],[28,45],[-124,113],[81,70],[-34,22],[44,52],[-6,102],[25,43]],[[2091,4541],[168,-4],[60,113],[114,-16],[-10,-97],[37,-6],[11,-77],[45,0],[-2,62],[40,-2],[35,77],[42,2],[-8,82],[39,57]],[[2662,4732],[65,10],[38,-79],[82,0],[47,-49]],[[2585,3904],[-68,0],[8,59],[-89,95],[19,62],[-145,11],[-119,-64],[-81,-20]],[[2286,4929],[113,7],[-16,-26],[79,-26],[96,24]],[[2558,4908],[83,-71],[21,-105]],[[2091,4541],[-124,20],[-17,-29],[-88,15],[-3,68],[-69,21]],[[1790,4636],[-5,64],[69,-5],[1,-39],[80,-8],[125,37],[8,111],[151,10],[-20,40],[50,20],[37,63]],[[1591,4684],[199,-48]],[[2110,4047],[-117,-50],[14,-42],[-167,-72],[-106,39],[-87,6],[-76,62],[6,41],[-60,-23],[-50,32],[46,116],[-79,99],[25,43],[28,264],[-52,16],[-10,58],[166,5],[0,43]],[[1974,5068],[195,17],[65,-39],[52,-117]],[[1591,4684],[-43,35],[95,158]],[[1643,4877],[76,31],[51,-30],[104,37],[100,-4],[-35,125],[35,32]],[[1643,4877],[-15,70],[-118,15],[12,33],[-108,74]],[[1414,5069],[57,28],[3,40],[58,31],[-17,73],[155,-2],[8,-91],[112,23],[-3,75]],[[1787,5246],[20,-9]],[[1807,5237],[158,25]],[[1965,5262],[25,-60],[54,-41],[-70,-93]],[[1855,5334],[42,44]],[[1897,5378],[103,-37]],[[2000,5341],[22,-50],[-57,-29]],[[1807,5237],[84,50],[-36,47]],[[1767,5313],[8,38],[80,-17]],[[1787,5246],[-20,67]],[[1392,5391],[157,-4],[-5,-16]],[[1544,5371],[-9,-47],[43,-37],[89,0],[100,26]],[[1414,5069],[-70,25],[-101,-2],[-196,71],[18,72],[75,103],[53,27],[110,-14],[89,40]],[[1544,5371],[143,-22],[53,42],[157,-13]],[[1392,5391],[-64,-26],[-73,27],[23,42],[-16,70]],[[1262,5504],[92,36],[159,23],[-49,18],[163,66],[67,-77],[-31,-66],[88,32],[14,61],[39,-37],[16,79],[67,-2]],[[1887,5637],[0,-31],[80,-35],[40,-58],[111,-37]],[[2118,5476],[-96,-49],[-22,-86]],[[2118,5476],[82,13],[-81,94],[45,58],[87,7],[67,-114],[20,23],[83,-44],[49,22],[51,-51]],[[2521,5484],[-58,-5],[-19,-66],[-138,-29],[-71,11],[47,-83],[-24,-26],[62,-126],[184,-52],[18,-59],[57,-30]],[[2579,5019],[25,-64],[-46,-47]],[[2903,5131],[-118,-18],[9,-41],[-215,-53]],[[2521,5484],[77,0]],[[2598,5484],[41,-5]],[[2639,5479],[40,-35],[81,-8],[88,20],[41,-33],[48,42],[-68,46]],[[2869,5511],[103,-4]],[[2972,5507],[60,-138],[54,-1],[-56,-164],[-149,-47],[22,-26]],[[2797,5531],[72,-20]],[[2639,5479],[37,46],[121,6]],[[2598,5484],[-16,58],[110,148],[-13,58]],[[2679,5748],[39,57],[-38,51],[80,1]],[[2760,5857],[57,-108],[-41,-48],[82,-54],[-61,-116]],[[1887,5637],[33,31],[-29,96],[90,32],[90,113],[142,-15]],[[2213,5894],[99,-41],[17,45]],[[2329,5898],[73,20],[47,-42],[-46,-40],[57,-5],[94,57],[40,-111],[85,-29]],[[1142,5749],[80,-17],[86,29],[-6,39],[80,15],[108,-10],[47,35],[-13,70],[86,36],[40,-31],[97,24],[38,39]],[[1785,5978],[126,-26],[79,58],[51,-34],[96,44],[76,-126]],[[1262,5504],[-133,86],[85,47],[15,40],[-74,45]],[[1155,5722],[-13,27]],[[1142,5749],[-15,169],[68,27],[38,-63],[53,2],[-36,104],[160,44],[11,56],[121,94],[7,80],[-84,56],[35,20]],[[1500,6338],[103,-22],[125,9],[162,-58],[8,-51],[-41,-66],[45,-80],[-69,8],[0,-68],[-48,-32]],[[1263,6393],[-65,-12],[-74,-50],[-2,-64],[31,-54],[-48,-62],[-73,-19],[-5,-62],[-56,-2],[-49,52],[-136,-126],[-90,-40]],[[696,5954],[-152,36],[-142,83],[-138,53],[-32,-24],[-106,53],[-94,-27],[9,116],[-41,71],[112,52],[55,-51],[85,42],[105,10],[23,52],[132,21],[-26,46],[68,-8],[131,78],[89,-49],[32,-104],[131,-21],[326,10]],[[1263,6393],[185,-16],[52,-39]],[[1155,5722],[-182,-83],[-73,21],[-178,-12],[-46,23],[-90,-9],[-34,-33],[-36,27],[22,63],[165,56],[67,107],[-4,55],[-70,17]],[[1500,6338],[32,49],[-55,75],[61,99],[67,45],[46,107],[109,-3],[37,-29],[32,64],[76,3],[140,-55],[-28,-26],[58,-49],[87,-30],[-17,90],[211,36],[92,2],[36,33],[103,-6],[102,-72],[71,36],[64,-5],[90,-44]],[[2914,6658],[-26,-40],[46,-44],[7,-121],[42,-68],[-13,-93],[-31,8],[-45,-62],[-104,2]],[[2790,6240],[-17,67],[-136,-110],[-48,25],[6,-49],[-42,-18],[43,-69],[-81,-32],[-41,-63],[-100,11],[-70,-77],[25,-27]],[[3080,6014],[19,-80],[-57,-5],[-43,-51],[-83,4],[-24,-38],[-136,52],[4,-39]],[[2790,6240],[-51,-34],[3,-45],[75,-17],[117,5],[117,51],[-29,-174],[58,-12]],[[3547,6533],[-82,-23],[1,-109],[-78,-8],[-30,-35],[23,-53],[-60,-125],[-90,-45],[89,-31],[-23,-32],[-183,43],[22,-94]],[[3136,6021],[-56,-7]],[[2914,6658],[89,158],[-5,94],[56,-26],[16,100],[95,-18],[121,4],[154,30],[68,-1]],[[3508,6999],[23,-136],[-54,1],[-31,-110],[45,14],[131,-53],[-72,-137],[-3,-45]],[[3564,6112],[-28,-56]],[[3536,6056],[-25,41],[-67,15],[-12,-111]],[[3432,6001],[-129,14],[-93,-56],[-71,26],[-3,36]],[[3547,6533],[2,-83],[28,-26],[114,48],[62,64]],[[3753,6536],[-88,-165],[5,-83]],[[3670,6288],[-36,-50],[20,-33],[-78,-56],[-12,-37]],[[3346,5675],[-78,-17],[8,-66],[-58,-19],[-71,20],[-74,-51],[17,-50],[-118,15]],[[3432,6001],[-45,-59],[30,-46],[-84,-172],[13,-49]],[[3442,5633],[5,-62],[43,-106],[117,-42],[69,8],[89,-53]],[[3758,5046],[-221,35],[-23,-58],[-122,17],[-133,72],[5,-67],[-130,-7],[-9,30],[-72,14],[1,30],[-120,-18],[-31,37]],[[3346,5675],[96,-42]],[[3771,5831],[15,-16]],[[3786,5815],[55,-56],[132,-41]],[[3973,5718],[24,-61],[-22,-53],[52,-46],[17,-137],[107,-31]],[[3442,5633],[34,43],[68,-10],[-9,77],[19,54],[86,14],[35,46],[62,6],[34,-32]],[[3584,5990],[-39,-25],[57,-46],[-69,-43],[49,-15],[129,33]],[[3711,5894],[60,-63]],[[3536,6056],[48,-66]],[[3584,5990],[86,-48],[41,-48]],[[3944,6025],[-31,-75],[-100,-27],[30,-77],[-57,-31]],[[3564,6112],[104,-32],[49,13],[25,54],[88,-60],[100,-25],[14,-37]],[[4353,6219],[110,-37],[41,9]],[[4504,6191],[9,-52],[-72,-17],[59,-54],[51,29],[45,-27],[-24,-51]],[[4572,6019],[-25,-34]],[[4547,5985],[-103,-13],[-57,31],[-99,5],[-33,-60],[86,-27],[-66,-47],[-3,-67],[-236,17],[-63,-106]],[[3944,6025],[102,1],[46,63],[87,30],[59,-7],[23,110],[92,-3]],[[4547,5985],[-42,-116],[115,-47],[-26,-67],[-159,32],[-39,-34],[11,-56],[48,-50],[-32,-119],[100,14],[10,44],[104,-22],[-39,-14],[8,-146],[-28,-20]],[[4851,5956],[-6,-35],[59,-27],[-86,-64],[-9,-166],[-42,-5],[-6,-134],[99,-77]],[[4572,6019],[110,16],[74,-8],[107,-44],[-12,-27]],[[4851,5956],[39,19],[-40,78],[68,83],[143,13],[-44,-98],[64,-32],[89,68],[80,3],[38,-44],[52,14]],[[5340,6060],[-8,-39],[115,5]],[[5015,6347],[54,-51],[-32,-37],[68,3],[38,78],[169,21]],[[5312,6361],[60,7],[1,-99],[37,-10],[-11,-59]],[[5399,6200],[-79,-7],[-33,-45],[85,-61],[-32,-27]],[[4504,6191],[0,33],[73,14],[51,-43],[176,87],[84,-7],[74,25],[53,47]],[[4525,6466],[39,4]],[[4564,6470],[-34,-17],[36,-56],[59,-14],[48,35],[82,-6],[71,38]],[[4826,6450],[7,-25],[116,12],[83,-27],[-17,-63]],[[4353,6219],[-28,68],[18,40],[-43,38],[67,40],[-44,34],[50,31],[20,54]],[[4393,6524],[70,-33],[33,-50],[29,25]],[[4787,6478],[39,-28]],[[4564,6470],[18,-22],[205,30]],[[4782,6540],[5,-62]],[[4525,6466],[16,70],[75,31],[166,-27]],[[4393,6524],[-98,27]],[[4295,6551],[38,27],[81,2],[233,44]],[[4647,6624],[54,-11],[43,-47],[38,27],[0,-53]],[[4071,6521],[159,-15],[65,45]],[[3670,6288],[56,54],[94,-2],[12,-42],[105,-11],[-29,-52],[165,-19],[140,120],[-42,58],[-10,83],[-96,11],[6,33]],[[4160,6687],[-21,-36],[26,-59],[-100,-12],[6,-59]],[[3753,6536],[53,114],[102,-4],[60,43],[127,34],[65,-36]],[[4131,6910],[96,-2],[67,42],[138,38]],[[4432,6988],[-71,-56],[-126,-36],[34,-62],[2,-66],[47,-25],[-23,-96],[-78,38],[-57,2]],[[3508,6999],[150,-23],[58,-46],[73,0],[131,-34],[40,34],[171,-20]],[[4432,6988],[139,49]],[[4571,7037],[240,36],[53,-60],[-41,-62]],[[4823,6951],[-57,-92],[-114,26],[20,-87],[-66,-75],[64,-28],[-23,-71]],[[5165,6894],[-36,-85],[-65,-74],[-7,-41],[144,86],[56,82],[86,-3],[10,-55],[87,-44],[163,-22],[132,33],[77,81]],[[5812,6852],[165,-31],[-10,-84],[-43,-6],[-78,-65]],[[5846,6666],[-118,-13],[-23,-53],[-99,-5],[-83,37],[43,34],[-57,17],[-167,-43],[-63,-69],[59,-18],[-55,-159],[29,-33]],[[4823,6951],[49,43],[68,-21],[-23,-50],[60,1],[72,43],[26,-26],[-56,-62],[124,53],[22,-38]],[[5892,6459],[-30,-81],[31,-26],[-80,-121],[-134,-11],[22,-45],[95,-2],[-160,-55],[-16,39],[-71,-18],[-150,61]],[[5846,6666],[-8,-75],[37,-12],[-6,-87],[23,-33]],[[6246,6534],[-1,-51],[-67,-40],[7,-56],[121,-48],[-31,-56],[69,-47]],[[5892,6459],[50,-5],[1,63],[196,24],[51,16],[56,-23]],[[6246,6534],[60,-24],[18,47],[102,-6],[38,106],[31,18],[91,-21],[21,39],[81,-3],[38,-28],[38,33]],[[6764,6695],[27,-34],[62,12],[62,51],[110,34]],[[7025,6758],[-9,-49],[58,-46],[-38,-94],[97,-2],[-31,-58],[89,-47],[5,-72]],[[6337,7116],[65,-30],[-28,-46],[204,-13],[14,-72],[36,-39],[41,31],[42,-53],[-28,-127],[101,-23],[-20,-49]],[[5812,6852],[22,37],[128,26],[44,-14],[45,46],[-47,32],[30,83]],[[6034,7062],[51,3],[54,51],[113,15],[85,-15]],[[6337,7116],[93,30],[93,-19],[106,95],[89,3]],[[6718,7225],[82,-7],[-16,-31],[72,-15],[29,58],[65,11]],[[6950,7241],[-31,-79],[133,-13]],[[7052,7149],[-29,-84],[44,-19],[98,11],[52,-49],[45,17],[-3,-139],[32,-4]],[[7291,6882],[-44,-37],[-109,-7],[-79,29],[-3,-97],[-31,-12]],[[7291,6882],[16,-41],[78,-15],[92,57],[40,-47],[69,36],[59,-74],[36,1],[-6,63],[101,2],[-37,59]],[[7739,6923],[93,-43]],[[7359,7256],[76,-15]],[[7435,7241],[12,-48],[65,29],[17,-54],[82,4],[-18,-41],[16,-98],[-25,-57],[66,-13]],[[7650,6963],[89,-40]],[[7052,7149],[36,34],[65,-16],[59,65],[85,-12],[62,36]],[[8164,7058],[-82,-14],[-164,20],[-23,-55],[-117,23],[-116,-35],[-12,-34]],[[7435,7241],[21,23],[259,58],[68,41]],[[7783,7363],[224,-18],[-15,-71],[116,-13],[39,-65]],[[8147,7196],[84,-60]],[[8231,7136],[-4,-71]],[[8255,7040],[-25,-58],[28,-41]],[[8258,6941],[-12,-22]],[[8246,6919],[-59,-59]],[[8187,6860],[-37,-29]],[[8382,6781],[-18,-9]],[[8187,6860],[150,8],[-91,51]],[[8258,6941],[92,30],[-59,44],[-17,64],[40,85],[-65,11],[-18,-39]],[[8147,7196],[31,32],[84,-1],[54,112],[88,41]],[[8404,7380],[45,64],[158,14],[37,-35],[104,9],[75,-15],[-27,-75],[-9,-122]],[[8787,7220],[-23,-68],[40,-14],[-41,-92],[-74,39],[-140,-103],[-9,73],[-45,13],[92,40],[-43,32],[-71,-32],[-64,75],[-89,-81],[127,2],[17,-42],[-58,-25],[68,-17],[46,-67],[-81,-25],[-21,48],[-23,-63]],[[8666,7734],[73,-49],[98,-112],[133,-23],[2,29],[69,-25],[119,50]],[[9160,7604],[-313,-396],[-60,12]],[[8404,7380],[-33,43],[-67,-37],[-86,10],[-3,135],[45,27],[26,60],[91,-17],[65,79],[-53,13]],[[8389,7693],[43,33],[121,-15],[113,23]],[[7740,7846],[62,0],[17,-52],[109,-14],[18,-42],[73,42],[161,-31],[13,37],[98,-43]],[[8291,7743],[98,-50]],[[7783,7363],[-33,106],[-33,42],[59,34],[-7,62],[-74,38],[-9,38],[59,93],[-5,70]],[[7359,7256],[46,76],[-160,75],[-3,43],[55,-14],[-39,56],[70,48],[-1,67],[82,29],[21,46],[-183,35],[62,13],[20,78],[-52,21]],[[7277,7829],[27,71],[171,0],[47,20],[182,-26]],[[7704,7894],[36,-48]],[[8444,8153],[92,-69]],[[8536,8084],[18,-49],[-69,-19],[55,-21],[8,-49],[-80,-36],[-29,-42],[-101,-57],[-47,-68]],[[7704,7894],[43,172],[-52,41],[16,60]],[[7711,8167],[48,14],[60,-28],[28,24]],[[7847,8177],[57,-85],[22,69],[56,-33],[133,6],[41,-44],[42,44],[57,8],[85,-46],[104,57]],[[7847,8177],[-43,40],[16,37],[-46,46]],[[7774,8300],[75,46],[39,78],[-50,16],[48,71],[-48,62],[40,110]],[[7878,8683],[100,-31],[110,-4]],[[8088,8648],[205,-72]],[[8293,8576],[-16,-36],[51,-22],[48,30],[79,-25],[2,-32],[83,-26],[-74,-30],[45,-11],[10,-58],[-132,-40],[-87,-1],[-36,-67],[89,-68],[53,16],[82,-23],[-46,-30]],[[6996,8464],[73,3],[159,-29],[8,79],[78,21],[33,48],[26,-59],[54,-16],[25,-60],[147,-47],[92,14],[-34,-32],[25,-40],[-86,-25],[-5,-50],[69,-30],[114,59]],[[7711,8167],[-54,46],[-74,-27],[-29,25],[-25,-54],[-67,-62],[29,-13],[-16,-72],[-101,8],[-47,-38],[-16,60],[60,-16],[69,32],[-21,55],[-59,0],[-80,114],[42,37],[-82,40],[-6,50],[-112,-48],[-8,23]],[[7114,8327],[-66,-7],[29,84],[-81,60]],[[7210,7803],[-42,22],[38,54],[-66,0],[-98,89],[-37,-51],[-78,45],[-96,-6],[40,77],[-45,41],[116,21],[36,49],[-58,46],[197,50],[-71,33],[68,54]],[[7277,7829],[-67,-26]],[[7210,7803],[-54,-9],[-9,50],[-74,-16],[-44,59],[-14,-62],[-88,31],[-185,-8],[9,-46],[56,-50],[16,-107]],[[6823,7645],[-74,-41]],[[6749,7604],[-76,-17],[-94,21],[-21,-27],[-212,26],[-16,76],[132,93],[-34,70],[36,38],[-46,47],[48,164],[-53,43],[-79,2]],[[6334,8140],[54,97]],[[6388,8237],[16,-5],[76,101]],[[6480,8333],[200,-35],[37,66],[66,-13],[-18,-70],[104,145],[84,36]],[[6953,8462],[43,2]],[[6950,7241],[-13,64],[55,7],[76,95],[-19,149],[-44,54],[-148,-6],[-34,41]],[[6718,7225],[-30,138],[-40,-60],[-22,116],[27,35],[-46,27],[20,59],[47,-1],[-20,-58],[94,-4],[-28,65],[62,43],[-33,19]],[[5878,7558],[147,85],[58,130],[41,13],[43,72],[-14,40],[35,66],[54,29],[92,147]],[[6034,7062],[-47,15],[29,98],[76,164],[-188,-58],[-28,45],[-48,2],[41,58],[-36,25]],[[5833,7411],[24,51],[36,-14],[33,50],[-48,60]],[[5165,6894],[97,22],[71,70],[60,24],[-81,63],[-44,-9],[49,70],[-20,82],[-103,-31],[4,50],[-72,6],[5,56],[-60,-27],[-26,50],[-69,10],[-52,70],[27,55],[-66,22]],[[4885,7477],[78,44]],[[4963,7521],[71,33],[110,-29]],[[5144,7525],[14,-42],[115,1],[-70,-52],[167,-2],[72,-33],[-17,-38],[98,-10],[22,59],[94,7],[46,25],[20,-50],[80,33],[48,-12]],[[4623,7458],[78,15],[63,-14],[121,18]],[[4571,7037],[90,127],[77,7],[-82,93],[28,72],[90,-6],[-63,50],[-156,-37],[-2,85]],[[4553,7428],[70,30]],[[4131,6910],[34,116],[93,92],[54,-4],[71,67],[-67,33],[-86,-27],[-70,45],[8,73],[49,29],[99,0],[62,81],[129,33],[46,-20]],[[3684,7374],[63,20],[48,-41],[48,157],[64,46],[50,-2],[26,49],[-7,73]],[[3976,7676],[108,-8],[99,-93],[97,-17],[90,29],[62,-9],[10,-51],[117,24],[64,-93]],[[3508,6999],[58,126],[73,79],[62,29],[51,72],[-68,69]],[[4914,7626],[-49,-10],[89,-50],[9,-45]],[[3976,7676],[16,17],[113,-19],[61,23],[-2,76],[43,64],[-66,67],[-30,-2],[-59,112]],[[4052,8014],[73,15],[43,-65],[72,58],[47,-4],[16,-87],[73,27]],[[4376,7958],[87,-54],[140,-56],[-7,-54],[34,-44],[63,-20],[21,-48],[85,-33],[105,4],[10,-27]],[[3954,8271],[-25,-66],[128,-31],[40,-44],[-71,-44],[26,-72]],[[3684,7374],[-30,34],[-172,38],[-124,13],[-225,-22],[-110,32],[10,108],[117,14],[59,25],[62,74],[85,54],[39,108],[10,114],[-120,-17],[73,62],[-64,7],[-21,91],[28,85],[37,29],[-18,66],[153,31],[33,-43],[66,2],[20,42],[66,-17],[43,42]],[[3701,8346],[28,-80],[-65,-39],[33,-103],[62,6],[76,89],[-9,35],[72,41],[56,-24]],[[4293,8542],[-43,-39],[12,-36],[-100,-25],[-62,30],[-48,-106],[0,-73],[-98,-22]],[[3701,8346],[5,69],[74,36],[-31,27],[62,51],[1,61],[-40,13],[90,61],[125,2],[108,27],[44,-41],[-72,-56],[64,-19],[17,64],[145,-99]],[[5061,8215],[-46,-66]],[[5015,8149],[-54,4],[-16,-42],[-59,-4],[-100,50],[1,-77],[-62,-6],[-107,42],[-48,51],[-40,-68],[-100,-65],[-54,-76]],[[4293,8542],[-4,29],[74,46],[73,-6],[177,-129],[161,-23],[94,-26],[23,-61],[-89,-37],[14,-36],[74,-11],[10,35],[85,-17],[76,-91]],[[5015,8149],[-18,-64],[-67,-50],[-32,-87],[35,-140],[-78,-24],[61,-54],[29,-65],[-31,-39]],[[5298,8190],[25,-97],[-9,-144]],[[5314,7949],[80,-61]],[[5394,7888],[-73,-40],[-53,33],[-71,-42],[94,-82],[-36,-19],[-17,-91],[-127,-9],[-24,-53],[73,-29],[-16,-31]],[[5061,8215],[82,-2],[70,-30],[85,7]],[[5394,7888],[9,-36],[-47,-66],[130,-6],[17,41],[176,-39],[55,-50],[61,-18],[-69,-61],[48,-2],[-7,-85],[111,-8]],[[5822,8018],[104,-38],[-24,-58],[46,-18],[62,60],[45,-33],[44,52],[51,10],[26,54],[72,2],[71,139],[4,58]],[[6323,8246],[65,-9]],[[5314,7949],[85,0],[22,27],[104,15],[142,-29],[155,56]],[[5455,8237],[151,-68],[99,21],[13,47],[48,-47],[71,29],[17,-25],[84,14],[64,-54],[-21,-82],[-163,-11],[4,-43]],[[5298,8190],[148,15],[9,32]],[[5675,8407],[-19,34],[81,41],[35,105]],[[5772,8587],[35,-45],[68,-4],[51,43],[18,-52],[75,-24],[73,29],[102,77],[208,78]],[[6402,8689],[121,36]],[[6523,8725],[-36,-69],[13,-35],[-68,13],[58,-42],[-7,-83],[33,-25],[-120,6],[-32,-66],[94,-25],[-57,-18],[-40,-106],[119,58]],[[6323,8246],[-87,13],[-65,47],[-80,-29],[-111,15],[-69,54],[-69,-11],[9,48],[-60,-50],[-60,19],[-56,55]],[[5455,8237],[-13,46],[75,7],[13,119],[78,-49],[-5,-38],[55,11],[17,74]],[[6229,9008],[49,-58],[89,-24],[-69,-71],[58,-53],[-53,-13],[-21,-59],[120,-41]],[[5772,8587],[-7,22],[84,146],[49,1],[-78,104],[90,72],[102,-21],[22,92],[90,-16],[105,21]],[[6881,8766],[-53,-16],[-162,16],[-143,-41]],[[6229,9008],[44,35],[139,-5],[61,20],[-4,-110],[113,5],[-85,22],[50,60],[78,-8],[87,25],[44,-31],[129,-34],[40,-43]],[[6925,8944],[20,-48],[-64,-130]],[[6923,8782],[-18,-47],[122,-17]],[[7027,8718],[-30,-95],[34,-17],[-16,-90],[-62,-54]],[[6881,8766],[42,16]],[[7267,8815],[-78,-72],[24,-18]],[[7213,8725],[-45,-46],[-120,0],[-21,39]],[[6923,8782],[168,7],[60,31],[116,-5]],[[7213,8725],[42,28],[135,-1],[-9,-48],[-102,-6],[26,-67],[83,-8],[19,38],[103,31],[-39,25],[45,40],[155,-92],[172,22]],[[7843,8687],[35,-4]],[[7267,8815],[114,-10],[46,48],[42,101],[42,9]],[[7511,8963],[33,-56],[113,-62],[38,2],[22,56],[40,-50],[53,-8],[-9,-56],[42,-102]],[[7421,9143],[50,-85],[39,-8]],[[7510,9050],[-26,-65],[27,-22]],[[6925,8944],[84,21],[118,-29],[45,16],[8,61],[46,72],[35,4],[96,102],[64,-48]],[[8065,9157],[7,-61],[63,-3],[-22,-37],[29,-52],[-75,5],[43,-42],[68,6],[32,-58],[-33,-56],[65,30],[91,-59]],[[8333,8830],[3,-33],[-217,-60],[-31,-89]],[[7510,9050],[60,-33],[87,33],[83,10],[-36,41],[40,77],[81,-97],[47,27],[21,56],[81,14],[91,-21]],[[8530,8913],[-197,-83]],[[8065,9157],[107,-18],[-7,36],[106,11],[-9,38],[56,72]],[[8318,9296],[38,-47],[72,13],[-20,-42],[106,2],[-3,-85],[-79,-33],[73,-5],[21,-37],[-52,-33],[165,-4],[-3,-54]],[[8636,8971],[-106,-58]],[[8930,8670],[-36,-22],[-152,-2],[-111,-15],[-67,-37],[-128,-2],[-16,-33],[-127,17]],[[8530,8913],[67,-6],[-12,-62],[61,-5],[-29,-60],[49,11],[36,-41],[113,-36],[123,-15],[-8,-29]],[[8930,8670],[8,-95]],[[8938,8575],[-83,-35],[107,-44],[80,-99]],[[9042,8397],[-83,-8],[26,-96],[-248,-47],[-50,15],[47,-108],[-66,-1],[-56,-35],[-43,17],[-33,-50]],[[9042,8397],[-17,-127]],[[9025,8270],[50,-107]],[[9075,8163],[105,-72],[-61,2],[-12,-64],[37,-109],[0,-78],[-29,-101],[-95,30],[-161,28],[55,69],[-18,55],[-83,37],[-104,-50],[70,-27],[-41,-56],[-80,13],[25,-54],[-17,-52]],[[9542,8087],[2,-54],[-62,-89],[-170,-164],[-152,-176]],[[9075,8163],[151,-20],[71,-29],[52,35],[42,-38],[67,2],[24,33],[60,-59]],[[9571,8719],[20,12]],[[9591,8731],[40,-21],[26,48],[36,-39],[66,18]],[[9759,8737],[-10,-112],[19,-16],[-118,-268],[-48,-133],[-60,-121]],[[9025,8270],[45,-5],[21,47],[86,45],[87,-32],[-16,62],[33,29],[-56,35],[17,31],[99,29],[35,50],[94,10],[12,99],[89,49]],[[9310,8772],[82,-10],[38,24],[56,-20],[-15,-54],[78,34],[22,-27]],[[8938,8575],[118,-10],[12,46],[114,-10],[95,64],[33,107]],[[9412,8880],[152,-25]],[[9564,8855],[27,-124]],[[9310,8772],[102,108]],[[9412,8880],[58,66]],[[9470,8946],[62,14],[-4,-38],[91,-17]],[[9619,8905],[-55,-50]],[[8636,8971],[81,-37],[15,-66],[68,-23],[102,-2],[52,57],[-55,22],[85,4],[35,31],[-94,10],[-2,65],[43,-23],[124,8],[40,33]],[[9130,9050],[20,-16],[178,-5],[32,-31],[15,50],[69,-37]],[[9444,9011],[26,-65]],[[9615,9023],[53,6]],[[9668,9029],[-8,-55]],[[9660,8974],[12,-38]],[[9672,8936],[-53,-31]],[[9444,9011],[32,50]],[[9476,9061],[55,-34],[84,-4]],[[9672,8936],[128,8]],[[9800,8944],[-41,-207]],[[9823,9012],[-23,-68]],[[9660,8974],[103,-1],[-3,44]],[[9760,9017],[63,-5]],[[9840,9070],[-17,-58]],[[9760,9017],[-22,23]],[[9738,9040],[42,14]],[[9780,9054],[60,16]],[[9666,9044],[-3,43]],[[9663,9087],[28,0]],[[9691,9087],[59,-25],[-32,-23]],[[9718,9039],[-52,5]],[[9668,9029],[-2,15]],[[9718,9039],[20,1]],[[9615,9023],[-7,89]],[[9608,9112],[14,14]],[[9622,9126],[21,-5]],[[9643,9121],[20,-34]],[[9750,9137],[-38,-35]],[[9712,9102],[-21,-15]],[[9643,9121],[23,43],[84,-27]],[[9791,9102],[-11,-48]],[[9712,9102],[79,0]],[[9807,9128],[37,-32]],[[9844,9096],[-4,-26]],[[9791,9102],[16,26]],[[9807,9128],[12,31]],[[9819,9159],[0,5]],[[9819,9164],[64,2]],[[9883,9166],[-39,-70]],[[9812,9184],[72,17]],[[9884,9201],[-1,-35]],[[9819,9164],[-7,20]],[[9750,9137],[69,22]],[[9750,9137],[-6,21]],[[9744,9158],[4,32]],[[9748,9190],[64,-6]],[[9647,9195],[97,-37]],[[9622,9126],[25,69]],[[9648,9209],[99,13]],[[9747,9222],[1,-32]],[[9647,9195],[1,14]],[[9767,9259],[53,-17]],[[9820,9242],[-8,-58]],[[9747,9222],[20,37]],[[9881,9251],[3,-50]],[[9820,9242],[61,9]],[[9889,9363],[68,85]],[[9957,9448],[-76,-197]],[[9767,9259],[-19,65],[41,24],[70,-19],[30,34]],[[9648,9209],[-41,21],[-103,-2]],[[9504,9228],[-38,27],[-140,18],[-86,-65]],[[9240,9208],[-30,97],[86,48],[100,-7],[30,68]],[[9426,9414],[44,48]],[[9470,9462],[140,21],[56,-75],[55,6],[-2,-54],[129,15],[41,-12]],[[9488,9164],[16,64]],[[9608,9112],[-70,10],[-50,42]],[[9453,9091],[6,77],[29,-4]],[[9476,9061],[-23,30]],[[9453,9091],[-55,12],[-23,54],[-94,11],[-121,-9],[80,49]],[[9014,9352],[107,110],[127,-17],[-96,-24],[-12,-27],[97,2],[25,27],[82,-38],[82,29]],[[9130,9050],[-6,83],[-136,-42],[14,52],[-110,101],[24,34],[93,17],[5,57]],[[8669,9465],[-3,-80],[88,-14],[-32,-25],[38,-41],[66,16],[-7,30],[102,-17],[20,35],[73,-17]],[[8318,9296],[-79,17],[11,58],[151,-4]],[[8401,9367],[68,6],[-6,-54],[51,35],[60,-51],[81,64],[-146,58],[79,70],[81,-30]],[[7421,9143],[61,-10],[124,23],[-6,66],[33,-11],[42,48],[102,5],[-32,95],[34,88],[-115,27],[105,36],[90,6],[197,-20],[-3,-92],[116,-33],[31,48],[74,-21],[41,35],[109,-12],[-23,-54]],[[9527,9852],[173,-3],[40,-24],[53,168],[47,-40],[30,-74],[80,-71],[48,-213],[-41,-147]],[[9470,9462],[-43,69],[-146,35],[63,68],[174,-47],[-55,57],[-6,63],[104,-2],[-18,74],[-65,44],[49,29]],[[8669,9465],[31,37],[124,2],[127,59],[54,7],[54,58],[-40,64],[76,27],[-4,59],[81,18],[25,51],[76,24],[-115,43],[135,-2],[58,29],[-3,-103],[75,6],[5,28],[99,-20]]],"transform":{"scale":[0.00041395003724223475,0.0005592399338195173],"translate":[76.25251188602276,8.01653558741593]}}