{"type":"Topology","objects":{"Kerala":{"type":"GeometryCollection","bbox":[74.87724399361326,8.241820954551166,77.45292916931557,12.760045037556477],"geometries":[{"type":"Polygon","properties":{"ac":"65","ASSEMBLY_1":"WADAKKANCHERY","DISTRICT":"THRISSUR","PARLIAMENT":"9","P_NAME":"ALATHUR","STATE_UT":"KERALA"},"arcs":[[0,1,2,3,4]]},{"type":"Polygon","properties":{"ac":"63","ASSEMBLY_1":"GURUVAYOOR","DISTRICT":"THRISSUR","PARLIAMENT":"10","P_NAME":"THRISSUR","STATE_UT":"KERALA"},"arcs":[[5,6,7,8]]},{"type":"Polygon","properties":{"ac":"57","ASSEMBLY_1":"TARUR (SC)","DISTRICT":"PALAKKAD","PARLIAMENT":"9","P_NAME":"ALATHUR","STATE_UT":"KERALA"},"arcs":[[9,10,11,12,13,14]]},{"type":"Polygon","properties":{"ac":"61","ASSEMBLY_1":"CHELAKKARA (SC)","DISTRICT":"THRISSUR","PARLIAMENT":"9","P_NAME":"ALATHUR","STATE_UT":"KERALA"},"arcs":[[15,16,17,-15,18,-4,19,20]]},{"type":"Polygon","properties":{"ac":"62","ASSEMBLY_1":"KUNNAMKULAM","DISTRICT":"THRISSUR","PARLIAMENT":"9","P_NAME":"ALATHUR","STATE_UT":"KERALA"},"arcs":[[21,-20,-3,22,-7,23]]},{"type":"Polygon","properties":{"ac":"60","ASSEMBLY_1":"ALATHUR","DISTRICT":"PALAKKAD","PARLIAMENT":"9","P_NAME":"ALATHUR","STATE_UT":"KERALA"},"arcs":[[24,25,26,27,-13,28]]},{"type":"Polygon","properties":{"ac":"59","ASSEMBLY_1":"NEMMARA","DISTRICT":"PALAKKAD","PARLIAMENT":"9","P_NAME":"ALATHUR","STATE_UT":"KERALA"},"arcs":[[29,30,31,32,-26]]},{"type":"Polygon","properties":{"ac":"58","ASSEMBLY_1":"CHITTUR","DISTRICT":"PALAKKAD","PARLIAMENT":"9","P_NAME":"ALATHUR","STATE_UT":"KERALA"},"arcs":[[33,34,35,-30,-25]]},{"type":"Polygon","properties":{"ac":"136","ASSEMBLY_1":"ARUVIKKARA","DISTRICT":"THIRUVANANTHAPURAM","PARLIAMENT":"19","P_NAME":"ATTINGAL","STATE_UT":"KERALA"},"arcs":[[36,37,38,39,40,41]]},{"type":"Polygon","properties":{"ac":"130","ASSEMBLY_1":"NEDUMANGAD","DISTRICT":"THIRUVANANTHAPURAM","PARLIAMENT":"19","P_NAME":"ATTINGAL","STATE_UT":"KERALA"},"arcs":[[42,43,44,-39,45]]},{"type":"Polygon","properties":{"ac":"129","ASSEMBLY_1":"CHIRAYINKEEZHU (SC)","DISTRICT":"THIRUVANANTHAPURAM","PARLIAMENT":"20","P_NAME":"THIRUVANANTHAPURAM","STATE_UT":"KERALA"},"arcs":[[46,-44,47,48,49,50]]},{"type":"Polygon","properties":{"ac":"131","ASSEMBLY_1":"VAMANAPURAM","DISTRICT":"THIRUVANANTHAPURAM","PARLIAMENT":"19","P_NAME":"ATTINGAL","STATE_UT":"KERALA"},"arcs":[[51,-40,-45,-47,52,53,54]]},{"type":"Polygon","properties":{"ac":"137","ASSEMBLY_1":"PARASSALA","DISTRICT":"THIRUVANANTHAPURAM","PARLIAMENT":"20","P_NAME":"THIRUVANANTHAPURAM","STATE_UT":"KERALA"},"arcs":[[-42,55,56,57]]},{"type":"Polygon","properties":{"ac":"139","ASSEMBLY_1":"KOVALAM","DISTRICT":"THIRUVANANTHAPURAM","PARLIAMENT":"20","P_NAME":"THIRUVANANTHAPURAM","STATE_UT":"KERALA"},"arcs":[[58,59,60,61]]},{"type":"Polygon","properties":{"ac":"140","ASSEMBLY_1":"NEYYATTINKARA","DISTRICT":"THIRUVANANTHAPURAM","PARLIAMENT":"20","P_NAME":"THIRUVANANTHAPURAM","STATE_UT":"KERALA"},"arcs":[[-62,62,-57,63]]},{"type":"Polygon","properties":{"ac":"138","ASSEMBLY_1":"KATTAKKADA","DISTRICT":"THIRUVANANTHAPURAM","PARLIAMENT":"19","P_NAME":"ATTINGAL","STATE_UT":"KERALA"},"arcs":[[-37,-58,-63,-61,64,65,66]]},{"type":"Polygon","properties":{"ac":"135","ASSEMBLY_1":"NEMOM","DISTRICT":"THIRUVANANTHAPURAM","PARLIAMENT":"20","P_NAME":"THIRUVANANTHAPURAM","STATE_UT":"KERALA"},"arcs":[[-65,-60,67,68]]},{"type":"Polygon","properties":{"ac":"134","ASSEMBLY_1":"THIRUVANANTHAPURAMW","DISTRICT":"THIRUVANANTHAPURAM","PARLIAMENT":"20","P_NAME":"THIRUVANANTHAPURAM","STATE_UT":"KERALA"},"arcs":[[-66,-69,69,70,71]]},{"type":"Polygon","properties":{"ac":"133","ASSEMBLY_1":"VATTIYOORKAVU","DISTRICT":"THIRUVANANTHAPURAM","PARLIAMENT":"20","P_NAME":"THIRUVANANTHAPURAM","STATE_UT":"KERALA"},"arcs":[[-72,72,-46,-38,-67]]},{"type":"Polygon","properties":{"ac":"132","ASSEMBLY_1":"KAZHAKOOTTAM","DISTRICT":"THIRUVANANTHAPURAM","PARLIAMENT":"20","P_NAME":"THIRUVANANTHAPURAM","STATE_UT":"KERALA"},"arcs":[[-48,-43,-73,-71,73]]},{"type":"Polygon","properties":{"ac":"96","ASSEMBLY_1":"ETTUMANOOR","DISTRICT":"KOTTAYAM","PARLIAMENT":"14","P_NAME":"KOTTAYAM","STATE_UT":"KERALA"},"arcs":[[74,75,76,77,78,79,80]]},{"type":"Polygon","properties":{"ac":"95","ASSEMBLY_1":"VAIKOM (SC)","DISTRICT":"KOTTAYAM","PARLIAMENT":"14","P_NAME":"KOTTAYAM","STATE_UT":"KERALA"},"arcs":[[81,-77,82,83,84,85]]},{"type":"Polygon","properties":{"ac":"103","ASSEMBLY_1":"CHERTHALA","DISTRICT":"ALAPPUZHA","PARLIAMENT":"15","P_NAME":"ALAPPUZHA","STATE_UT":"KERALA"},"arcs":[[86,87,88,-83,-76]]},{"type":"Polygon","properties":{"ac":"101","ASSEMBLY_1":"POONJAR","DISTRICT":"KOTTAYAM","PARLIAMENT":"17","P_NAME":"PATHANAMTHITTA","STATE_UT":"KERALA"},"arcs":[[89,90,91,92]]},{"type":"Polygon","properties":{"ac":"98","ASSEMBLY_1":"PUTHUPPALLY","DISTRICT":"KOTTAYAM","PARLIAMENT":"14","P_NAME":"KOTTAYAM","STATE_UT":"KERALA"},"arcs":[[93,94,-79,95,96,97]]},{"type":"Polygon","properties":{"ac":"92","ASSEMBLY_1":"PEERUMADE","DISTRICT":"IDUKKI","PARLIAMENT":"13","P_NAME":"IDUKKI","STATE_UT":"KERALA"},"arcs":[[98,99,100,101,-92,102,103]]},{"type":"Polygon","properties":{"ac":"93","ASSEMBLY_1":"PALA","DISTRICT":"KOTTAYAM","PARLIAMENT":"14","P_NAME":"KOTTAYAM","STATE_UT":"KERALA"},"arcs":[[-103,-91,104,-97,105,106,107]]},{"type":"Polygon","properties":{"ac":"108","ASSEMBLY_1":"KAYAMKULAM","DISTRICT":"ALAPPUZHA","PARLIAMENT":"15","P_NAME":"ALAPPUZHA","STATE_UT":"KERALA"},"arcs":[[108,109,110,111,112]]},{"type":"Polygon","properties":{"ac":"107","ASSEMBLY_1":"HARIPAD","DISTRICT":"ALAPPUZHA","PARLIAMENT":"15","P_NAME":"ALAPPUZHA","STATE_UT":"KERALA"},"arcs":[[113,114,-109,115,116]]},{"type":"Polygon","properties":{"ac":"115","ASSEMBLY_1":"ADOOR (SC)","DISTRICT":"PATHANAMTHITTA","PARLIAMENT":"17","P_NAME":"PATHANAMTHITTA","STATE_UT":"KERALA"},"arcs":[[117,118,119,120,121,122,123]]},{"type":"Polygon","properties":{"ac":"120","ASSEMBLY_1":"PATHANAPURAM","DISTRICT":"KOLLAM","PARLIAMENT":"16","P_NAME":"MAVELIKKARA","STATE_UT":"KERALA"},"arcs":[[-120,124,125,126]]},{"type":"Polygon","properties":{"ac":"114","ASSEMBLY_1":"KONNI","DISTRICT":"PATHANAMTHITTA","PARLIAMENT":"17","P_NAME":"PATHANAMTHITTA","STATE_UT":"KERALA"},"arcs":[[127,-125,-119,128,129,-101,130]]},{"type":"Polygon","properties":{"ac":"109","ASSEMBLY_1":"MAVELIKKARA (SC)","DISTRICT":"ALAPPUZHA","PARLIAMENT":"16","P_NAME":"MAVELIKKARA","STATE_UT":"KERALA"},"arcs":[[131,-111,132,-123,133]]},{"type":"Polygon","properties":{"ac":"121","ASSEMBLY_1":"PUNALUR","DISTRICT":"KOLLAM","PARLIAMENT":"18","P_NAME":"KOLLAM","STATE_UT":"KERALA"},"arcs":[[-128,134,-55,135,136,-126]]},{"type":"Polygon","properties":{"ac":"126","ASSEMBLY_1":"CHATHANNOOR","DISTRICT":"KOLLAM","PARLIAMENT":"18","P_NAME":"KOLLAM","STATE_UT":"KERALA"},"arcs":[[137,138,139,140,141,142]]},{"type":"Polygon","properties":{"ac":"122","ASSEMBLY_1":"CHADAYAMANGALAM","DISTRICT":"KOLLAM","PARLIAMENT":"18","P_NAME":"KOLLAM","STATE_UT":"KERALA"},"arcs":[[143,-142,144,-136,-54,145]]},{"type":"Polygon","properties":{"ac":"125","ASSEMBLY_1":"ERAVIPURAM","DISTRICT":"KOLLAM","PARLIAMENT":"18","P_NAME":"KOLLAM","STATE_UT":"KERALA"},"arcs":[[146,147,148,-139]]},{"type":"Polygon","properties":{"ac":"124","ASSEMBLY_1":"KOLLAM","DISTRICT":"KOLLAM","PARLIAMENT":"18","P_NAME":"KOLLAM","STATE_UT":"KERALA"},"arcs":[[149,150,151,152,-148]]},{"type":"Polygon","properties":{"ac":"123","ASSEMBLY_1":"KUNDARA","DISTRICT":"KOLLAM","PARLIAMENT":"18","P_NAME":"KOLLAM","STATE_UT":"KERALA"},"arcs":[[-149,-153,153,154,-140]]},{"type":"Polygon","properties":{"ac":"117","ASSEMBLY_1":"CHAVARA","DISTRICT":"KOLLAM","PARLIAMENT":"18","P_NAME":"KOLLAM","STATE_UT":"KERALA"},"arcs":[[155,-151,156,157]]},{"type":"Polygon","properties":{"ac":"128","ASSEMBLY_1":"ATTINGAL (SC)","DISTRICT":"THIRUVANANTHAPURAM","PARLIAMENT":"19","P_NAME":"ATTINGAL","STATE_UT":"KERALA"},"arcs":[[-53,-51,158,-146]]},{"type":"Polygon","properties":{"ac":"127","ASSEMBLY_1":"VARKALA","DISTRICT":"THIRUVANANTHAPURAM","PARLIAMENT":"19","P_NAME":"ATTINGAL","STATE_UT":"KERALA"},"arcs":[[-144,-159,-50,159,-143]]},{"type":"Polygon","properties":{"ac":"119","ASSEMBLY_1":"KOTTARAKKARA","DISTRICT":"KOLLAM","PARLIAMENT":"16","P_NAME":"MAVELIKKARA","STATE_UT":"KERALA"},"arcs":[[-127,-137,-145,-141,-155,160,-121]]},{"type":"Polygon","properties":{"ac":"118","ASSEMBLY_1":"KUNNATHUR (SC)","DISTRICT":"KOLLAM","PARLIAMENT":"16","P_NAME":"MAVELIKKARA","STATE_UT":"KERALA"},"arcs":[[-122,-161,-154,-152,-156,161,-134]]},{"type":"Polygon","properties":{"ac":"116","ASSEMBLY_1":"KARUNAGAPPALLY","DISTRICT":"KOLLAM","PARLIAMENT":"18","P_NAME":"KOLLAM","STATE_UT":"KERALA"},"arcs":[[-162,-158,162,-112,-132]]},{"type":"Polygon","properties":{"ac":"111","ASSEMBLY_1":"THIRUVALLA","DISTRICT":"PATHANAMTHITTA","PARLIAMENT":"17","P_NAME":"PATHANAMTHITTA","STATE_UT":"KERALA"},"arcs":[[163,164,165,166,167,168]]},{"type":"Polygon","properties":{"ac":"105","ASSEMBLY_1":"AMBALAPPUZHA","DISTRICT":"ALAPPUZHA","PARLIAMENT":"15","P_NAME":"ALAPPUZHA","STATE_UT":"KERALA"},"arcs":[[-117,169,170,171]]},{"type":"Polygon","properties":{"ac":"112","ASSEMBLY_1":"RANNI","DISTRICT":"PATHANAMTHITTA","PARLIAMENT":"17","P_NAME":"PATHANAMTHITTA","STATE_UT":"KERALA"},"arcs":[[-93,-102,-130,172,-167,173]]},{"type":"Polygon","properties":{"ac":"106","ASSEMBLY_1":"KUTTANAD","DISTRICT":"ALAPPUZHA","PARLIAMENT":"16","P_NAME":"MAVELIKKARA","STATE_UT":"KERALA"},"arcs":[[-81,174,175,-164,176,-114,-172,177]]},{"type":"Polygon","properties":{"ac":"113","ASSEMBLY_1":"ARANMULA","DISTRICT":"PATHANAMTHITTA","PARLIAMENT":"17","P_NAME":"PATHANAMTHITTA","STATE_UT":"KERALA"},"arcs":[[178,-168,-173,-129,-118]]},{"type":"Polygon","properties":{"ac":"110","ASSEMBLY_1":"CHENGANNUR","DISTRICT":"ALAPPUZHA","PARLIAMENT":"16","P_NAME":"MAVELIKKARA","STATE_UT":"KERALA"},"arcs":[[-133,-110,-115,-177,-169,-179,-124]]},{"type":"Polygon","properties":{"ac":"104","ASSEMBLY_1":"ALAPPUZHA","DISTRICT":"ALAPPUZHA","PARLIAMENT":"15","P_NAME":"ALAPPUZHA","STATE_UT":"KERALA"},"arcs":[[-178,-171,179,-87,-75]]},{"type":"Polygon","properties":{"ac":"97","ASSEMBLY_1":"KOTTAYAM","DISTRICT":"KOTTAYAM","PARLIAMENT":"14","P_NAME":"KOTTAYAM","STATE_UT":"KERALA"},"arcs":[[180,-175,-80,-95]]},{"type":"Polygon","properties":{"ac":"100","ASSEMBLY_1":"KANJIRAPPALLY","DISTRICT":"KOTTAYAM","PARLIAMENT":"17","P_NAME":"PATHANAMTHITTA","STATE_UT":"KERALA"},"arcs":[[-166,181,-98,-105,-90,-174]]},{"type":"Polygon","properties":{"ac":"99","ASSEMBLY_1":"CHANGANASSERY","DISTRICT":"KOTTAYAM","PARLIAMENT":"16","P_NAME":"MAVELIKKARA","STATE_UT":"KERALA"},"arcs":[[-182,-165,-176,-181,-94]]},{"type":"Polygon","properties":{"ac":"74","ASSEMBLY_1":"PERUMBAVOOR","DISTRICT":"ERNAKULAM","PARLIAMENT":"11","P_NAME":"CHALAKUDY","STATE_UT":"KERALA"},"arcs":[[182,183,184,185,186]]},{"type":"Polygon","properties":{"ac":"79","ASSEMBLY_1":"VYPEEN","DISTRICT":"ERNAKULAM","PARLIAMENT":"12","P_NAME":"ERNAKULAM","STATE_UT":"KERALA"},"arcs":[[187,188,189,190,191]]},{"type":"Polygon","properties":{"ac":"77","ASSEMBLY_1":"KALAMASSERY","DISTRICT":"ERNAKULAM","PARLIAMENT":"12","P_NAME":"ERNAKULAM","STATE_UT":"KERALA"},"arcs":[[192,193,194,195,196,197,198]]},{"type":"Polygon","properties":{"ac":"76","ASSEMBLY_1":"ALUVA","DISTRICT":"ERNAKULAM","PARLIAMENT":"11","P_NAME":"CHALAKUDY","STATE_UT":"KERALA"},"arcs":[[199,-198,200,-185]]},{"type":"Polygon","properties":{"ac":"78","ASSEMBLY_1":"PARAVUR","DISTRICT":"ERNAKULAM","PARLIAMENT":"12","P_NAME":"ERNAKULAM","STATE_UT":"KERALA"},"arcs":[[201,-196,202,-191,203,204]]},{"type":"Polygon","properties":{"ac":"75","ASSEMBLY_1":"ANGAMALY","DISTRICT":"ERNAKULAM","PARLIAMENT":"11","P_NAME":"CHALAKUDY","STATE_UT":"KERALA"},"arcs":[[205,206,207,-186,-201,-197,-202]]},{"type":"Polygon","properties":{"ac":"88","ASSEMBLY_1":"DEVIKULAM (SC)","DISTRICT":"IDUKKI","PARLIAMENT":"13","P_NAME":"IDUKKI","STATE_UT":"KERALA"},"arcs":[[208,209,210,211,212,213]]},{"type":"Polygon","properties":{"ac":"87","ASSEMBLY_1":"KOTHAMANGALAM","DISTRICT":"ERNAKULAM","PARLIAMENT":"13","P_NAME":"IDUKKI","STATE_UT":"KERALA"},"arcs":[[214,215,-187,216,-211]]},{"type":"Polygon","properties":{"ac":"87","ASSEMBLY_1":"KOTHAMANGALAM","DISTRICT":"IDUKKI","PARLIAMENT":"13","P_NAME":"IDUKKI","STATE_UT":"KERALA"},"arcs":[[217,218,-212,-217,-208]]},{"type":"Polygon","properties":{"ac":"89","ASSEMBLY_1":"UDUMBANCHOLA","DISTRICT":"IDUKKI","PARLIAMENT":"13","P_NAME":"IDUKKI","STATE_UT":"KERALA"},"arcs":[[219,-99,220,-214]]},{"type":"Polygon","properties":{"ac":"85","ASSEMBLY_1":"PIRAVOM","DISTRICT":"ERNAKULAM","PARLIAMENT":"14","P_NAME":"KOTTAYAM","STATE_UT":"KERALA"},"arcs":[[221,222,223,-86,224,225,-193]]},{"type":"Polygon","properties":{"ac":"91","ASSEMBLY_1":"IDUKKI","DISTRICT":"IDUKKI","PARLIAMENT":"13","P_NAME":"IDUKKI","STATE_UT":"KERALA"},"arcs":[[-108,226,-209,-221,-104]]},{"type":"Polygon","properties":{"ac":"81","ASSEMBLY_1":"THRIPUNITHURA","DISTRICT":"ERNAKULAM","PARLIAMENT":"12","P_NAME":"ERNAKULAM","STATE_UT":"KERALA"},"arcs":[[227,228,229,-225,-85]]},{"type":"Polygon","properties":{"ac":"80","ASSEMBLY_1":"KOCHI","DISTRICT":"ERNAKULAM","PARLIAMENT":"12","P_NAME":"ERNAKULAM","STATE_UT":"KERALA"},"arcs":[[230,231,-229,232,233,-188]]},{"type":"Polygon","properties":{"ac":"86","ASSEMBLY_1":"MUVATTUPUZHA","DISTRICT":"ERNAKULAM","PARLIAMENT":"13","P_NAME":"IDUKKI","STATE_UT":"KERALA"},"arcs":[[-216,234,235,-223,236,-183]]},{"type":"Polygon","properties":{"ac":"90","ASSEMBLY_1":"THODUPUZHA","DISTRICT":"IDUKKI","PARLIAMENT":"13","P_NAME":"IDUKKI","STATE_UT":"KERALA"},"arcs":[[-210,-227,-107,237,-235,-215]]},{"type":"Polygon","properties":{"ac":"102","ASSEMBLY_1":"AROOR","DISTRICT":"ALAPPUZHA","PARLIAMENT":"15","P_NAME":"ALAPPUZHA","STATE_UT":"KERALA"},"arcs":[[-228,-84,-89,238,-233]]},{"type":"Polygon","properties":{"ac":"94","ASSEMBLY_1":"KADUTHURUTHY","DISTRICT":"KOTTAYAM","PARLIAMENT":"14","P_NAME":"KOTTAYAM","STATE_UT":"KERALA"},"arcs":[[-238,-106,-96,-78,-82,-224,-236]]},{"type":"Polygon","properties":{"ac":"84","ASSEMBLY_1":"KUNNATHUNAD (SC)","DISTRICT":"ERNAKULAM","PARLIAMENT":"11","P_NAME":"CHALAKUDY","STATE_UT":"KERALA"},"arcs":[[-199,-200,-184,-237,-222]]},{"type":"Polygon","properties":{"ac":"83","ASSEMBLY_1":"THRIKKAKARA","DISTRICT":"ERNAKULAM","PARLIAMENT":"12","P_NAME":"ERNAKULAM","STATE_UT":"KERALA"},"arcs":[[239,-194,-226,-230,-232]]},{"type":"Polygon","properties":{"ac":"82","ASSEMBLY_1":"ERNAKULAM","DISTRICT":"ERNAKULAM","PARLIAMENT":"12","P_NAME":"ERNAKULAM","STATE_UT":"KERALA"},"arcs":[[-192,-203,-195,-240,-231]]},{"type":"Polygon","properties":{"ac":"70","ASSEMBLY_1":"IRINJALAKUDA","DISTRICT":"THRISSUR","PARLIAMENT":"10","P_NAME":"THRISSUR","STATE_UT":"KERALA"},"arcs":[[240,241,242,243,244]]},{"type":"Polygon","properties":{"ac":"72","ASSEMBLY_1":"CHALAKUDY","DISTRICT":"THRISSUR","PARLIAMENT":"11","P_NAME":"CHALAKUDY","STATE_UT":"KERALA"},"arcs":[[-218,-207,245,-244,246,-32,247]]},{"type":"Polygon","properties":{"ac":"71","ASSEMBLY_1":"PUDUKKAD","DISTRICT":"THRISSUR","PARLIAMENT":"10","P_NAME":"THRISSUR","STATE_UT":"KERALA"},"arcs":[[248,-27,-33,-247,-243,249]]},{"type":"Polygon","properties":{"ac":"68","ASSEMBLY_1":"NATTIKA(SC)","DISTRICT":"THRISSUR","PARLIAMENT":"10","P_NAME":"THRISSUR","STATE_UT":"KERALA"},"arcs":[[-250,-242,250,251,252,253,254]]},{"type":"Polygon","properties":{"ac":"73","ASSEMBLY_1":"KODUNGALLUR","DISTRICT":"THRISSUR","PARLIAMENT":"11","P_NAME":"CHALAKUDY","STATE_UT":"KERALA"},"arcs":[[-205,255,-245,-246,-206]]},{"type":"Polygon","properties":{"ac":"69","ASSEMBLY_1":"KAIPAMANGALAM","DISTRICT":"THRISSUR","PARLIAMENT":"11","P_NAME":"CHALAKUDY","STATE_UT":"KERALA"},"arcs":[[-190,256,-251,-241,-256,-204]]},{"type":"Polygon","properties":{"ac":"66","ASSEMBLY_1":"OLLUR","DISTRICT":"THRISSUR","PARLIAMENT":"10","P_NAME":"THRISSUR","STATE_UT":"KERALA"},"arcs":[[-28,-249,-255,257,-5,-19,-14]]},{"type":"Polygon","properties":{"ac":"67","ASSEMBLY_1":"THRISSUR","DISTRICT":"THRISSUR","PARLIAMENT":"10","P_NAME":"THRISSUR","STATE_UT":"KERALA"},"arcs":[[-258,-254,258,-1]]},{"type":"Polygon","properties":{"ac":"64","ASSEMBLY_1":"MANALUR","DISTRICT":"THRISSUR","PARLIAMENT":"10","P_NAME":"THRISSUR","STATE_UT":"KERALA"},"arcs":[[259,-8,-23,-2,-259,-253]]},{"type":"Polygon","properties":{"ac":"24","ASSEMBLY_1":"PERAMBRA","DISTRICT":"KOZHIKODE","PARLIAMENT":"3","P_NAME":"VADAKARA","STATE_UT":"KERALA"},"arcs":[[260,261,262,263,264]]},{"type":"Polygon","properties":{"ac":"23","ASSEMBLY_1":"QUILANDY","DISTRICT":"KOZHIKODE","PARLIAMENT":"3","P_NAME":"VADAKARA","STATE_UT":"KERALA"},"arcs":[[265,-261,266,267,268,269]]},{"type":"Polygon","properties":{"ac":"21","ASSEMBLY_1":"KUTTIADI","DISTRICT":"KOZHIKODE","PARLIAMENT":"3","P_NAME":"VADAKARA","STATE_UT":"KERALA"},"arcs":[[-266,270,271,-262]]},{"type":"Polygon","properties":{"ac":"22","ASSEMBLY_1":"NADAPURAM","DISTRICT":"KOZHIKODE","PARLIAMENT":"3","P_NAME":"VADAKARA","STATE_UT":"KERALA"},"arcs":[[272,-263,-272,273,274,275]]},{"type":"Polygon","properties":{"ac":"14","ASSEMBLY_1":"KUTHUPARAMBA","DISTRICT":"KANNUR","PARLIAMENT":"3","P_NAME":"VADAKARA","STATE_UT":"KERALA"},"arcs":[[276,277,278,279,280,-275,281]]},{"type":"Polygon","properties":{"ac":"16","ASSEMBLY_1":"PERAVOOR","DISTRICT":"KANNUR","PARLIAMENT":"2","P_NAME":"KANNUR","STATE_UT":"KERALA"},"arcs":[[282,283,-280,284,285]]},{"type":"Polygon","properties":{"ac":"9","ASSEMBLY_1":"IRIKKUR","DISTRICT":"KANNUR","PARLIAMENT":"2","P_NAME":"KANNUR","STATE_UT":"KERALA"},"arcs":[[286,287,288,289,-286]]},{"type":"Polygon","properties":{"ac":"15","ASSEMBLY_1":"MATTANNUR","DISTRICT":"KANNUR","PARLIAMENT":"2","P_NAME":"KANNUR","STATE_UT":"KERALA"},"arcs":[[-287,-285,-279,290,291,292]]},{"type":"Polygon","properties":{"ac":"1","ASSEMBLY_1":"MANJESHWAR","DISTRICT":"KASARAGOD","PARLIAMENT":"1","P_NAME":"KASARAGOD","STATE_UT":"KERALA"},"arcs":[[293,294]]},{"type":"Polygon","properties":{"ac":"20","ASSEMBLY_1":"VADAKARA","DISTRICT":"KOZHIKODE","PARLIAMENT":"3","P_NAME":"VADAKARA","STATE_UT":"KERALA"},"arcs":[[-274,-271,-270,295,296,-282]]},{"type":"Polygon","properties":{"ac":"5","ASSEMBLY_1":"TRIKARIPUR","DISTRICT":"KASARAGOD","PARLIAMENT":"1","P_NAME":"KASARAGOD","STATE_UT":"KERALA"},"arcs":[[297,298,299,300]]},{"type":"Polygon","properties":{"ac":"6","ASSEMBLY_1":"PAYYANNUR","DISTRICT":"KANNUR","PARLIAMENT":"1","P_NAME":"KASARAGOD","STATE_UT":"KERALA"},"arcs":[[-289,301,302,-299,303]]},{"type":"Polygon","properties":{"ac":"11","ASSEMBLY_1":"KANNUR","DISTRICT":"KANNUR","PARLIAMENT":"2","P_NAME":"KANNUR","STATE_UT":"KERALA"},"arcs":[[-292,304,305,306,307]]},{"type":"Polygon","properties":{"ac":"8","ASSEMBLY_1":"TALIPARAMBA","DISTRICT":"KANNUR","PARLIAMENT":"2","P_NAME":"KANNUR","STATE_UT":"KERALA"},"arcs":[[308,309,-288,-293,-308]]},{"type":"Polygon","properties":{"ac":"10","ASSEMBLY_1":"AZHIKODE","DISTRICT":"KANNUR","PARLIAMENT":"2","P_NAME":"KANNUR","STATE_UT":"KERALA"},"arcs":[[-309,-307,310,311]]},{"type":"Polygon","properties":{"ac":"13","ASSEMBLY_1":"THALASSERY","DISTRICT":"KANNUR","PARLIAMENT":"3","P_NAME":"VADAKARA","STATE_UT":"KERALA"},"arcs":[[312,-277,-297,313]]},{"type":"Polygon","properties":{"ac":"12","ASSEMBLY_1":"DHARMADAM","DISTRICT":"KANNUR","PARLIAMENT":"2","P_NAME":"KANNUR","STATE_UT":"KERALA"},"arcs":[[314,-305,-291,-278,-313]]},{"type":"Polygon","properties":{"ac":"7","ASSEMBLY_1":"KALLIASSERI","DISTRICT":"KANNUR","PARLIAMENT":"1","P_NAME":"KASARAGOD","STATE_UT":"KERALA"},"arcs":[[315,-302,-310,-312]]},{"type":"Polygon","properties":{"ac":"4","ASSEMBLY_1":"KANHANGAD","DISTRICT":"KASARAGOD","PARLIAMENT":"1","P_NAME":"KASARAGOD","STATE_UT":"KERALA"},"arcs":[[316,317,318,-301]]},{"type":"Polygon","properties":{"ac":"3","ASSEMBLY_1":"UDMA","DISTRICT":"KASARAGOD","PARLIAMENT":"1","P_NAME":"KASARAGOD","STATE_UT":"KERALA"},"arcs":[[-318,319,320,321]]},{"type":"Polygon","properties":{"ac":"2","ASSEMBLY_1":"KASARAGOD","DISTRICT":"KASARAGOD","PARLIAMENT":"1","P_NAME":"KASARAGOD","STATE_UT":"KERALA"},"arcs":[[-321,322,-294,323]]},{"type":"Polygon","properties":{"ac":"19","ASSEMBLY_1":"KALPETTA","DISTRICT":"WAYANAD","PARLIAMENT":"4","P_NAME":"WAYANAD","STATE_UT":"KERALA"},"arcs":[[324,325,326,327,328,329,330,-264,-273]]},{"type":"Polygon","properties":{"ac":"17","ASSEMBLY_1":"MANANTHAVADY","DISTRICT":"WAYANAD","PARLIAMENT":"4","P_NAME":"WAYANAD","STATE_UT":"KERALA"},"arcs":[[-276,-281,-284,331,332,-325]]},{"type":"Polygon","properties":{"ac":"18","ASSEMBLY_1":"SULTHANBATHERY","DISTRICT":"WAYANAD","PARLIAMENT":"4","P_NAME":"WAYANAD","STATE_UT":"KERALA"},"arcs":[[-333,333,-326]]},{"type":"Polygon","properties":{"ac":"42","ASSEMBLY_1":"VALLIKUNNU","DISTRICT":"MALAPPURAM","PARLIAMENT":"6","P_NAME":"MALAPPURAM","STATE_UT":"KERALA"},"arcs":[[334,335,336,337,338]]},{"type":"Polygon","properties":{"ac":"40","ASSEMBLY_1":"MALAPPURAM","DISTRICT":"MALAPPURAM","PARLIAMENT":"6","P_NAME":"MALAPPURAM","STATE_UT":"KERALA"},"arcs":[[339,340,341,342,343,344]]},{"type":"Polygon","properties":{"ac":"37","ASSEMBLY_1":"MANJERI","DISTRICT":"MALAPPURAM","PARLIAMENT":"6","P_NAME":"MALAPPURAM","STATE_UT":"KERALA"},"arcs":[[345,346,-343,347,348,349]]},{"type":"Polygon","properties":{"ac":"34","ASSEMBLY_1":"ERNAD","DISTRICT":"MALAPPURAM","PARLIAMENT":"4","P_NAME":"WAYANAD","STATE_UT":"KERALA"},"arcs":[[350,351,352,-348,-342,353]]},{"type":"Polygon","properties":{"ac":"36","ASSEMBLY_1":"WANDOOR (SC)","DISTRICT":"MALAPPURAM","PARLIAMENT":"4","P_NAME":"WAYANAD","STATE_UT":"KERALA"},"arcs":[[354,355,-349,-353,356]]},{"type":"Polygon","properties":{"ac":"33","ASSEMBLY_1":"KONDOTTY","DISTRICT":"MALAPPURAM","PARLIAMENT":"6","P_NAME":"MALAPPURAM","STATE_UT":"KERALA"},"arcs":[[357,-354,-341,358,-337,359,360]]},{"type":"Polygon","properties":{"ac":"29","ASSEMBLY_1":"BEYPORE","DISTRICT":"KOZHIKODE","PARLIAMENT":"5","P_NAME":"KOZHIKODE","STATE_UT":"KERALA"},"arcs":[[-360,-336,361,362,363]]},{"type":"Polygon","properties":{"ac":"54","ASSEMBLY_1":"MANNARKKAD","DISTRICT":"PALAKKAD","PARLIAMENT":"8","P_NAME":"PALAKKAD","STATE_UT":"KERALA"},"arcs":[[-350,-356,364,365,366,367,368]]},{"type":"Polygon","properties":{"ac":"53","ASSEMBLY_1":"KONGAD(SC)","DISTRICT":"PALAKKAD","PARLIAMENT":"8","P_NAME":"PALAKKAD","STATE_UT":"KERALA"},"arcs":[[-11,369,-367,370,371]]},{"type":"Polygon","properties":{"ac":"51","ASSEMBLY_1":"SHORNUR","DISTRICT":"PALAKKAD","PARLIAMENT":"8","P_NAME":"PALAKKAD","STATE_UT":"KERALA"},"arcs":[[372,373,374,-17]]},{"type":"Polygon","properties":{"ac":"50","ASSEMBLY_1":"PATTAMBI","DISTRICT":"PALAKKAD","PARLIAMENT":"8","P_NAME":"PALAKKAD","STATE_UT":"KERALA"},"arcs":[[-16,375,376,377,378,-373]]},{"type":"Polygon","properties":{"ac":"52","ASSEMBLY_1":"OTTAPPALAM","DISTRICT":"PALAKKAD","PARLIAMENT":"8","P_NAME":"PALAKKAD","STATE_UT":"KERALA"},"arcs":[[-368,-370,-10,-18,-375,379]]},{"type":"Polygon","properties":{"ac":"55","ASSEMBLY_1":"MALAMPUZHA","DISTRICT":"PALAKKAD","PARLIAMENT":"8","P_NAME":"PALAKKAD","STATE_UT":"KERALA"},"arcs":[[380,-371,-366,381,-35]]},{"type":"Polygon","properties":{"ac":"44","ASSEMBLY_1":"TANUR","DISTRICT":"MALAPPURAM","PARLIAMENT":"7","P_NAME":"PONNANI","STATE_UT":"KERALA"},"arcs":[[382,383,384]]},{"type":"Polygon","properties":{"ac":"39","ASSEMBLY_1":"MANKADA","DISTRICT":"MALAPPURAM","PARLIAMENT":"6","P_NAME":"MALAPPURAM","STATE_UT":"KERALA"},"arcs":[[385,-378,386,-344,-347]]},{"type":"Polygon","properties":{"ac":"38","ASSEMBLY_1":"PERINTHALMANNA","DISTRICT":"MALAPPURAM","PARLIAMENT":"6","P_NAME":"MALAPPURAM","STATE_UT":"KERALA"},"arcs":[[-380,-374,-379,-386,-346,-369]]},{"type":"Polygon","properties":{"ac":"46","ASSEMBLY_1":"KOTTAKKAL","DISTRICT":"MALAPPURAM","PARLIAMENT":"7","P_NAME":"PONNANI","STATE_UT":"KERALA"},"arcs":[[-345,-387,-377,387,388,389,390,391]]},{"type":"Polygon","properties":{"ac":"45","ASSEMBLY_1":"TIRUR","DISTRICT":"MALAPPURAM","PARLIAMENT":"7","P_NAME":"PONNANI","STATE_UT":"KERALA"},"arcs":[[392,-390,393,394,-385]]},{"type":"Polygon","properties":{"ac":"49","ASSEMBLY_1":"THRITHALA","DISTRICT":"PALAKKAD","PARLIAMENT":"7","P_NAME":"PONNANI","STATE_UT":"KERALA"},"arcs":[[-388,-376,-21,-22,395,396]]},{"type":"Polygon","properties":{"ac":"48","ASSEMBLY_1":"PONNANI","DISTRICT":"MALAPPURAM","PARLIAMENT":"7","P_NAME":"PONNANI","STATE_UT":"KERALA"},"arcs":[[-6,397,398,-396,-24]]},{"type":"Polygon","properties":{"ac":"47","ASSEMBLY_1":"THAVANUR","DISTRICT":"MALAPPURAM","PARLIAMENT":"7","P_NAME":"PONNANI","STATE_UT":"KERALA"},"arcs":[[-399,399,-394,-389,-397]]},{"type":"Polygon","properties":{"ac":"56","ASSEMBLY_1":"PALAKKAD","DISTRICT":"PALAKKAD","PARLIAMENT":"8","P_NAME":"PALAKKAD","STATE_UT":"KERALA"},"arcs":[[-12,-372,-381,-34,-29]]},{"type":"Polygon","properties":{"ac":"43","ASSEMBLY_1":"TIRURANGADI","DISTRICT":"MALAPPURAM","PARLIAMENT":"7","P_NAME":"PONNANI","STATE_UT":"KERALA"},"arcs":[[400,-339,401,-391,-393,-384]]},{"type":"Polygon","properties":{"ac":"41","ASSEMBLY_1":"VENGARA","DISTRICT":"MALAPPURAM","PARLIAMENT":"6","P_NAME":"MALAPPURAM","STATE_UT":"KERALA"},"arcs":[[-359,-340,-392,-402,-338]]},{"type":"Polygon","properties":{"ac":"35","ASSEMBLY_1":"NILAMBUR","DISTRICT":"MALAPPURAM","PARLIAMENT":"4","P_NAME":"WAYANAD","STATE_UT":"KERALA"},"arcs":[[-357,-352,402,-328,403]]},{"type":"Polygon","properties":{"ac":"31","ASSEMBLY_1":"KODUVALLY","DISTRICT":"KOZHIKODE","PARLIAMENT":"5","P_NAME":"KOZHIKODE","STATE_UT":"KERALA"},"arcs":[[-330,404,405,406,407]]},{"type":"Polygon","properties":{"ac":"26","ASSEMBLY_1":"ELATHUR","DISTRICT":"KOZHIKODE","PARLIAMENT":"5","P_NAME":"KOZHIKODE","STATE_UT":"KERALA"},"arcs":[[-268,408,-407,409,410,411]]},{"type":"Polygon","properties":{"ac":"25","ASSEMBLY_1":"BALUSSERI (SC)","DISTRICT":"KOZHIKODE","PARLIAMENT":"5","P_NAME":"KOZHIKODE","STATE_UT":"KERALA"},"arcs":[[-408,-409,-267,-265,-331]]},{"type":"Polygon","properties":{"ac":"32","ASSEMBLY_1":"THIRUVAMBADI","DISTRICT":"KOZHIKODE","PARLIAMENT":"4","P_NAME":"WAYANAD","STATE_UT":"KERALA"},"arcs":[[-358,412,-405,-329,-403,-351]]},{"type":"Polygon","properties":{"ac":"27","ASSEMBLY_1":"KOZHIKODE NORTH","DISTRICT":"KOZHIKODE","PARLIAMENT":"5","P_NAME":"KOZHIKODE","STATE_UT":"KERALA"},"arcs":[[413,-411,414,415]]},{"type":"Polygon","properties":{"ac":"30","ASSEMBLY_1":"KUNNAMANGALAM","DISTRICT":"KOZHIKODE","PARLIAMENT":"5","P_NAME":"KOZHIKODE","STATE_UT":"KERALA"},"arcs":[[-364,416,-415,-410,-406,-413,-361]]},{"type":"Polygon","properties":{"ac":"28","ASSEMBLY_1":"KOZHIKODE SOUTH","DISTRICT":"KOZHIKODE","PARLIAMENT":"5","P_NAME":"KOZHIKODE","STATE_UT":"KERALA"},"arcs":[[-416,-417,-363,417]]}]}},"arcs":[[[5409,5141],[-456,-156]],[[4953,4985],[-30,240]],[[4923,5225],[388,153]],[[5311,5378],[230,-204]],[[5541,5174],[-132,-33]],[[4199,5361],[205,3]],[[4404,5364],[182,-172]],[[4586,5192],[-14,-278]],[[4572,4914],[-373,447]],[[6270,5494],[61,35]],[[6331,5529],[296,27]],[[6627,5556],[19,-115]],[[6646,5441],[-155,-263],[-361,-113]],[[6130,5065],[-146,89]],[[5984,5154],[286,340]],[[5114,5582],[209,-27]],[[5323,5555],[503,-23]],[[5826,5532],[444,-38]],[[5984,5154],[-443,20]],[[5311,5378],[-325,30]],[[4986,5408],[128,174]],[[4611,5458],[375,-50]],[[4923,5225],[-337,-33]],[[4404,5364],[207,94]],[[6990,5437],[-14,-54]],[[6976,5383],[-158,-212],[-294,-134],[168,-236]],[[6692,4801],[-414,113]],[[6278,4914],[-148,151]],[[6646,5441],[344,-4]],[[6976,5383],[315,-150],[338,5]],[[7629,5238],[99,-91],[-84,-378],[78,-190]],[[7722,4579],[-864,99],[-130,115]],[[6728,4793],[-36,8]],[[6990,5437],[162,-22]],[[7152,5415],[437,79],[178,148]],[[7767,5642],[225,-82],[-363,-322]],[[8870,470],[-405,100]],[[8465,570],[-85,10]],[[8380,580],[-53,162]],[[8327,742],[307,143],[467,60]],[[9101,945],[257,-220]],[[9358,725],[-496,-150],[8,-105]],[[8211,612],[-357,26]],[[7854,638],[93,218]],[[7947,856],[380,-114]],[[8380,580],[-169,32]],[[7903,953],[44,-97]],[[7854,638],[0,-68]],[[7854,570],[-474,340]],[[7380,910],[17,6]],[[7397,916],[506,37]],[[9170,1058],[-69,-113]],[[7903,953],[238,94]],[[8141,1047],[447,184]],[[8588,1231],[582,-173]],[[9358,725],[150,-170],[-301,-93],[95,-123],[-303,-250]],[[8999,89],[-206,272]],[[8793,361],[77,109]],[[8724,35],[-415,191]],[[8309,226],[160,124]],[[8469,350],[129,-57]],[[8598,293],[126,-258]],[[8598,293],[195,68]],[[8999,89],[-275,-54]],[[8469,350],[-40,43]],[[8429,393],[0,85]],[[8429,478],[36,92]],[[8309,226],[-155,136]],[[8154,362],[275,31]],[[8154,362],[-93,62]],[[8061,424],[107,58]],[[8168,482],[261,-4]],[[8168,482],[43,130]],[[8061,424],[-207,146]],[[5989,2806],[12,91]],[[6001,2897],[4,133]],[[6005,3030],[367,105]],[[6372,3135],[391,-65]],[[6763,3070],[-130,-91]],[[6633,2979],[-360,-145]],[[6273,2834],[-284,-28]],[[6225,3480],[-25,-222],[172,-123]],[[6005,3030],[-83,109]],[[5922,3139],[-29,315]],[[5893,3454],[53,17]],[[5946,3471],[279,9]],[[6001,2897],[-384,102]],[[5617,2999],[-55,259]],[[5562,3258],[360,-119]],[[7674,2589],[107,92],[-364,292]],[[7417,2973],[-122,182],[601,43]],[[7896,3198],[192,-154],[-162,-256],[344,-162]],[[8270,2626],[-205,-105],[-391,68]],[[6838,2718],[-226,-41]],[[6612,2677],[21,302]],[[6763,3070],[160,3]],[[6923,3073],[269,-145]],[[7192,2928],[-354,-210]],[[8982,3122],[102,-66]],[[9084,3056],[380,-184],[211,48],[324,-206],[-291,-203],[-208,-319]],[[9500,2192],[-225,56],[86,191],[-429,242],[-506,-180]],[[8426,2501],[-156,125]],[[7896,3198],[-62,26]],[[7834,3224],[1148,-102]],[[7417,2973],[-225,-45]],[[6923,3073],[-31,407]],[[6892,3480],[538,-78]],[[7430,3402],[404,-178]],[[6289,1876],[-66,148],[221,151]],[[6444,2175],[83,-14]],[[6527,2161],[248,-210],[-175,-61]],[[6600,1890],[-216,-113]],[[6384,1777],[-95,99]],[[6084,2345],[297,-85]],[[6381,2260],[63,-85]],[[6289,1876],[-301,393]],[[5988,2269],[96,76]],[[7023,2109],[251,-25]],[[7274,2084],[281,-250]],[[7555,1834],[-69,-83]],[[7486,1751],[-231,23]],[[7255,1774],[-291,125]],[[6964,1899],[9,199]],[[6973,2098],[50,11]],[[7555,1834],[593,5],[-64,123],[401,-97]],[[8485,1865],[-158,-145],[-341,-62],[-209,-165]],[[7777,1493],[-201,37],[-90,221]],[[9203,1743],[-718,122]],[[7274,2084],[404,136],[-166,77]],[[7512,2297],[854,120],[60,84]],[[9500,2192],[-59,-267],[-238,-182]],[[6832,1873],[-232,17]],[[6527,2161],[446,-63]],[[6964,1899],[-132,-26]],[[9203,1743],[-238,-116],[466,-402],[-261,-167]],[[8588,1231],[-238,171],[-520,-35]],[[7830,1367],[-53,126]],[[7119,1097],[-99,75]],[[7020,1172],[93,125]],[[7113,1297],[228,83]],[[7341,1380],[215,-6]],[[7556,1374],[-23,-105]],[[7533,1269],[53,-112],[-467,-60]],[[7827,1175],[-294,94]],[[7556,1374],[274,-7]],[[8141,1047],[-314,128]],[[7020,1172],[-232,145]],[[6788,1317],[165,76]],[[6953,1393],[160,-96]],[[6788,1317],[-109,17]],[[6679,1334],[90,185]],[[6769,1519],[123,14]],[[6892,1533],[61,-140]],[[6892,1533],[260,48]],[[7152,1581],[189,-201]],[[6683,1644],[86,-125]],[[6679,1334],[-161,261]],[[6518,1595],[165,49]],[[7397,916],[430,259]],[[7380,910],[-261,187]],[[7152,1581],[103,193]],[[6683,1644],[149,229]],[[6518,1595],[-134,182]],[[6408,2308],[70,171]],[[6478,2479],[376,134]],[[6854,2613],[357,-14]],[[7211,2599],[-102,-166]],[[7109,2433],[-254,-82]],[[6855,2351],[-447,-43]],[[5988,2269],[-265,414]],[[5723,2683],[160,-19]],[[5883,2664],[201,-319]],[[7512,2297],[-403,136]],[[7211,2599],[463,-10]],[[6273,2834],[109,-119]],[[6382,2715],[96,-236]],[[6408,2308],[-27,-48]],[[5883,2664],[106,142]],[[7023,2109],[-168,242]],[[5723,2683],[-106,316]],[[6612,2677],[-230,38]],[[6854,2613],[-16,105]],[[6593,3946],[-69,-12]],[[6524,3934],[-441,29],[80,144]],[[6163,4107],[-66,77]],[[6097,4184],[381,85],[466,-82]],[[6944,4187],[-272,-71],[-79,-170]],[[5492,3783],[-120,-19]],[[5372,3764],[-294,469]],[[5078,4233],[37,11]],[[5115,4244],[198,-256],[205,-25]],[[5518,3963],[-26,-180]],[[5826,3794],[-43,4]],[[5783,3798],[-196,131]],[[5587,3929],[-68,57]],[[5519,3986],[112,241]],[[5631,4227],[39,-32]],[[5670,4195],[229,-292]],[[5899,3903],[-73,-109]],[[6163,4107],[-264,-204]],[[5670,4195],[427,-11]],[[5624,4227],[7,0]],[[5519,3986],[-1,-23]],[[5115,4244],[10,3]],[[5125,4247],[499,-20]],[[5624,4227],[145,130]],[[5769,4357],[253,133],[1107,-67]],[[7129,4423],[-185,-236]],[[8582,3775],[-291,-63]],[[8291,3712],[-560,166]],[[7731,3878],[-278,85]],[[7453,3963],[371,67],[248,183],[598,-9],[-108,191]],[[8562,4395],[489,218],[443,-281],[-80,-244],[-257,-34],[242,-179]],[[9399,3875],[-375,7],[-442,-107]],[[7731,3878],[-285,-21]],[[7446,3857],[-677,-45],[-176,134]],[[6944,4187],[509,-224]],[[7129,4423],[602,37],[251,-75]],[[7982,4385],[315,-78],[265,88]],[[9399,3875],[-170,-270],[20,-385],[-165,-164]],[[8982,3122],[29,161],[-321,139],[83,251],[-191,102]],[[5826,3794],[320,-153],[226,126]],[[6372,3767],[433,-277]],[[6805,3490],[-248,-116],[-332,106]],[[5946,3471],[-187,303]],[[5759,3774],[24,24]],[[7430,3402],[806,100],[55,210]],[[5893,3454],[-275,122]],[[5618,3576],[-4,73]],[[5614,3649],[145,125]],[[5492,3783],[79,-91]],[[5571,3692],[43,-43]],[[5618,3576],[-76,-227]],[[5542,3349],[-170,415]],[[7446,3857],[-562,-355]],[[6884,3502],[-79,-12]],[[6372,3767],[152,167]],[[6892,3480],[-8,22]],[[5562,3258],[-20,91]],[[5571,3692],[16,237]],[[5088,4469],[-135,230]],[[4953,4699],[301,39]],[[5254,4738],[268,-70]],[[5522,4668],[59,-191]],[[5581,4477],[-493,-8]],[[5769,4357],[-188,120]],[[5522,4668],[860,19],[346,106]],[[7722,4579],[260,-194]],[[5303,4857],[975,57]],[[5254,4738],[49,119]],[[4953,4699],[-130,-83]],[[4823,4616],[-174,236]],[[4649,4852],[410,57]],[[5059,4909],[218,0]],[[5277,4909],[26,-52]],[[5125,4247],[-37,222]],[[5078,4233],[-255,383]],[[5277,4909],[132,232]],[[5059,4909],[-106,76]],[[4649,4852],[-77,62]],[[3326,7038],[-351,182]],[[2975,7220],[496,261]],[[3471,7481],[113,-57],[482,137]],[[4066,7561],[-23,-151]],[[4043,7410],[-158,-145],[-543,-103],[-16,-124]],[[2866,7299],[109,-79]],[[3326,7038],[63,-174]],[[3389,6864],[-58,-26]],[[3331,6838],[-432,268],[-123,188]],[[2776,7294],[90,5]],[[2866,7299],[49,193]],[[2915,7492],[348,94],[208,-105]],[[4093,7572],[-27,-11]],[[2915,7492],[-89,77]],[[2826,7569],[380,238],[344,6]],[[3550,7813],[285,-216],[258,-25]],[[2648,7578],[-93,235]],[[2555,7813],[12,89]],[[2567,7902],[861,25]],[[3428,7927],[185,-8]],[[3613,7919],[-63,-106]],[[2826,7569],[-178,9]],[[3343,8410],[336,14],[249,-270],[234,-26]],[[4162,8128],[-12,-213],[-537,4]],[[3428,7927],[-259,198],[-373,10],[295,171]],[[3091,8306],[252,104]],[[3091,8306],[-269,45],[-324,-119]],[[2498,8232],[-326,103],[121,226],[-221,22]],[[2072,8583],[-77,213],[473,57]],[[2468,8853],[381,-267],[494,-176]],[[2567,7902],[-198,149]],[[2369,8051],[-66,52]],[[2303,8103],[195,129]],[[1150,9621],[-256,31],[-546,-168]],[[348,9484],[-348,436],[546,68],[-94,-126],[710,-135],[-12,-106]],[[2776,7294],[-195,311]],[[2581,7605],[67,-27]],[[2137,9020],[33,-122]],[[2170,8898],[-462,-48],[-513,-174],[46,-286]],[[1241,8390],[-304,406]],[[937,8796],[588,55],[176,207],[436,-38]],[[2072,8583],[-662,-82],[20,-194]],[[1430,8307],[-189,83]],[[2170,8898],[298,-45]],[[2369,8051],[-207,-220]],[[2162,7831],[-282,144]],[[1880,7975],[209,111]],[[2089,8086],[214,17]],[[2089,8086],[-120,122]],[[1969,8208],[-217,276],[320,99]],[[1880,7975],[-212,177]],[[1668,8152],[301,56]],[[2329,7748],[226,65]],[[2581,7605],[-252,143]],[[2329,7748],[-167,83]],[[1668,8152],[-238,155]],[[937,8796],[-202,264]],[[735,9060],[298,-19],[163,153],[551,165]],[[1747,9359],[390,-339]],[[735,9060],[-225,223]],[[510,9283],[893,221]],[[1403,9504],[192,105],[152,-250]],[[510,9283],[-162,201]],[[1150,9621],[253,-117]],[[4093,7572],[803,116]],[[4896,7688],[341,-398],[106,17]],[[5343,7307],[23,-91]],[[5366,7216],[-390,-168]],[[4976,7048],[-255,155],[-384,45]],[[4337,7248],[-20,13]],[[4317,7261],[-274,149]],[[4162,8128],[721,86],[31,-282]],[[4914,7932],[-18,-244]],[[4914,7932],[267,46],[592,-292],[287,51],[109,-256],[-826,-174]],[[3752,6233],[-63,102]],[[3689,6335],[238,131]],[[3927,6466],[287,-138]],[[4214,6328],[-207,-147]],[[4007,6181],[-255,52]],[[4529,6154],[-113,139]],[[4416,6293],[-91,108]],[[4325,6401],[455,23]],[[4780,6424],[-138,-108],[486,-32],[-20,-114]],[[5108,6170],[-367,41],[-17,-148]],[[4724,6063],[-195,91]],[[5562,6165],[-294,-85]],[[5268,6080],[-160,90]],[[4780,6424],[219,42]],[[4999,6466],[466,-66],[285,-162]],[[5750,6238],[-188,-73]],[[4364,6613],[506,185]],[[4870,6798],[345,41],[-22,-197]],[[5193,6642],[-194,-176]],[[4325,6401],[39,212]],[[6189,6512],[-20,-12]],[[6169,6500],[-138,-193],[-281,-69]],[[5193,6642],[273,-116],[334,59],[389,-73]],[[4291,6645],[73,-32]],[[4416,6293],[-202,35]],[[3927,6466],[-132,23]],[[3795,6489],[496,156]],[[3689,6335],[-159,185]],[[3530,6520],[83,12]],[[3613,6532],[182,-43]],[[6169,6500],[735,-19],[292,102],[-44,-165],[202,-244],[-348,-273]],[[7006,5901],[-354,-32]],[[6652,5869],[-190,254],[-202,-205]],[[6260,5918],[-428,88]],[[5832,6006],[-270,159]],[[6331,5529],[-174,77],[297,197],[-194,115]],[[6652,5869],[-138,-204],[222,-65]],[[6736,5600],[-109,-44]],[[5323,5555],[43,252]],[[5366,5807],[332,40]],[[5698,5847],[253,5],[-224,-239],[99,-81]],[[5114,5582],[-374,165]],[[4740,5747],[119,85]],[[4859,5832],[144,37]],[[5003,5869],[363,-62]],[[5698,5847],[134,159]],[[7152,5415],[-69,193],[-347,-8]],[[7006,5901],[669,-140],[92,-119]],[[3901,5861],[-89,249]],[[3812,6110],[396,-130]],[[4208,5980],[-307,-119]],[[5268,6080],[-265,-211]],[[4859,5832],[-135,231]],[[4740,5747],[-287,-46]],[[4453,5701],[-125,60]],[[4328,5761],[53,239]],[[4381,6000],[-77,72]],[[4304,6072],[225,82]],[[4208,5980],[173,20]],[[4328,5761],[-390,8]],[[3938,5769],[-37,92]],[[4611,5458],[-118,78]],[[4493,5536],[-40,165]],[[4199,5361],[-175,224]],[[4024,5585],[469,-49]],[[4024,5585],[-86,184]],[[3812,6110],[-60,123]],[[4007,6181],[297,-109]],[[4870,6798],[106,250]],[[5366,7216],[26,-130],[371,-1],[807,-236],[-99,-199],[-282,-138]],[[4337,7248],[-225,-191],[264,-90],[-152,-145]],[[4224,6822],[-353,-52]],[[3871,6770],[-27,177]],[[3844,6947],[473,314]],[[3389,6864],[389,174],[66,-91]],[[3871,6770],[-73,-54]],[[3798,6716],[-419,23]],[[3379,6739],[-48,99]],[[4291,6645],[-67,177]],[[3474,6612],[-95,127]],[[3798,6716],[-16,-70]],[[3782,6646],[-308,-34]],[[3613,6532],[169,114]],[[3530,6520],[-56,92]]],"transform":{"scale":[0.0002575942769979302,0.00045186759506003705],"translate":[74.87724399361326,8.241820954551166]}}