{"type":"Topology","objects":{"Rajasthan":{"type":"GeometryCollection","bbox":[69.49599264135536,23.05510861796214,78.28921299067447,30.173200383466828],"geometries":[{"type":"Polygon","properties":{"ac":"81","ASSEMBLY_1":"TODABHIM (ST)","DISTRICT":"SAWAI MAD","PARLIAMENT":"10","P_NAME":"KARAULI-DHOLPUR  (SC)","STATE_UT":"RAJASTHAN"},"arcs":[[0,1,2,3]]},{"type":"Polygon","properties":{"ac":"82","ASSEMBLY_1":"HINDAUN (SC)","DISTRICT":"SAWAI MAD","PARLIAMENT":"10","P_NAME":"KARAULI-DHOLPUR  (SC)","STATE_UT":"RAJASTHAN"},"arcs":[[4,5,6,7,8,-3]]},{"type":"Polygon","properties":{"ac":"83","ASSEMBLY_1":"KARAULI","DISTRICT":"SAWAI MAD","PARLIAMENT":"10","P_NAME":"KARAULI-DHOLPUR  (SC)","STATE_UT":"RAJASTHAN"},"arcs":[[9,10,-8]]},{"type":"Polygon","properties":{"ac":"83","ASSEMBLY_1":"KARAULI","DISTRICT":"SAWAI MAD","PARLIAMENT":"10","P_NAME":"KARAULI-DHOLPUR  (SC)","STATE_UT":"RAJASTHAN"},"arcs":[[11,12]]},{"type":"Polygon","properties":{"ac":"84","ASSEMBLY_1":"SAPOTRA (ST)","DISTRICT":"SAWAI MAD","PARLIAMENT":"10","P_NAME":"KARAULI-DHOLPUR  (SC)","STATE_UT":"RAJASTHAN"},"arcs":[[13,14,15,16,17]]},{"type":"Polygon","properties":{"ac":"193","ASSEMBLY_1":"ANTA","DISTRICT":"KOTA","PARLIAMENT":"25","P_NAME":"JHALAWAR-BARAN","STATE_UT":"RAJASTHAN"},"arcs":[[18,19,20]]},{"type":"Polygon","properties":{"ac":"193","ASSEMBLY_1":"ANTA","DISTRICT":"KOTA","PARLIAMENT":"25","P_NAME":"JHALAWAR-BARAN","STATE_UT":"RAJASTHAN"},"arcs":[[21,22,23]]},{"type":"Polygon","properties":{"ac":"174","ASSEMBLY_1":"KUMBHALGARH","DISTRICT":"UDAIPUR","PARLIAMENT":"22","P_NAME":"RAJSAMAND","STATE_UT":"RAJASTHAN"},"arcs":[[24,25]]},{"type":"Polygon","properties":{"ac":"176","ASSEMBLY_1":"NATHDWARA","DISTRICT":"UDAIPUR","PARLIAMENT":"22","P_NAME":"RAJSAMAND","STATE_UT":"RAJASTHAN"},"arcs":[[26,27,28,29]]},{"type":"Polygon","properties":{"ac":"171","ASSEMBLY_1":"BARI SADRI","DISTRICT":"UDAIPUR","PARLIAMENT":"21","P_NAME":"CHITTORGARH","STATE_UT":"RAJASTHAN"},"arcs":[[30,31]]},{"type":"Polygon","properties":{"ac":"133","ASSEMBLY_1":"POKARAN","DISTRICT":"JAISALMER","PARLIAMENT":"16","P_NAME":"JODHPUR","STATE_UT":"RAJASTHAN"},"arcs":[[32,33,34,35,36,37,38,39]]},{"type":"Polygon","properties":{"ac":"7","ASSEMBLY_1":"SANGARIA","DISTRICT":"HANUMANGA","PARLIAMENT":"1","P_NAME":"GANGANAGAR (SC)","STATE_UT":"RAJASTHAN"},"arcs":[[40,41]]},{"type":"Polygon","properties":{"ac":"67","ASSEMBLY_1":"RAMGARH","DISTRICT":"ALWAR","PARLIAMENT":"8","P_NAME":"ALWAR","STATE_UT":"RAJASTHAN"},"arcs":[[42,43]]},{"type":"Polygon","properties":{"ac":"183","ASSEMBLY_1":"MANDALGARH","DISTRICT":"BHILWARA","PARLIAMENT":"23","P_NAME":"BHILWARA","STATE_UT":"RAJASTHAN"},"arcs":[[44,45,46,47,48,49,50]]},{"type":"Polygon","properties":{"ac":"157","ASSEMBLY_1":"DHARIAWAD (ST)","DISTRICT":"UDAIPUR","PARLIAMENT":"19","P_NAME":"UDAIPUR(ST)","STATE_UT":"RAJASTHAN"},"arcs":[[51,-31,52,53,54,55,56,57]]},{"type":"Polygon","properties":{"ac":"131","ASSEMBLY_1":"BILARA (SC)","DISTRICT":"JODHPUR","PARLIAMENT":"15","P_NAME":"PALI","STATE_UT":"RAJASTHAN"},"arcs":[[58,59,60,61,62,63]]},{"type":"Polygon","properties":{"ac":"200","ASSEMBLY_1":"MANOHAR THANA","DISTRICT":"JHALAWAR","PARLIAMENT":"25","P_NAME":"JHALAWAR-BARAN","STATE_UT":"RAJASTHAN"},"arcs":[[64,65,66]]},{"type":"Polygon","properties":{"ac":"199","ASSEMBLY_1":"KHANPUR","DISTRICT":"JHALAWAR","PARLIAMENT":"25","P_NAME":"JHALAWAR-BARAN","STATE_UT":"RAJASTHAN"},"arcs":[[67,68,-66,69,70,71]]},{"type":"Polygon","properties":{"ac":"198","ASSEMBLY_1":"JHALRAPATAN","DISTRICT":"JHALAWAR","PARLIAMENT":"25","P_NAME":"JHALAWAR-BARAN","STATE_UT":"RAJASTHAN"},"arcs":[[72,73,-71,74,75]]},{"type":"Polygon","properties":{"ac":"197","ASSEMBLY_1":"DAG (SC)","DISTRICT":"JHALAWAR","PARLIAMENT":"25","P_NAME":"JHALAWAR-BARAN","STATE_UT":"RAJASTHAN"},"arcs":[[76,-76,77]]},{"type":"Polygon","properties":{"ac":"196","ASSEMBLY_1":"CHHABRA","DISTRICT":"BARAN","PARLIAMENT":"25","P_NAME":"JHALAWAR-BARAN","STATE_UT":"RAJASTHAN"},"arcs":[[-67,-69,78,79,80]]},{"type":"Polygon","properties":{"ac":"195","ASSEMBLY_1":"BARANATRU (SC)","DISTRICT":"BARAN","PARLIAMENT":"25","P_NAME":"JHALAWAR-BARAN","STATE_UT":"RAJASTHAN"},"arcs":[[81,82,83,84,85,-79,-68]]},{"type":"Polygon","properties":{"ac":"195","ASSEMBLY_1":"BARANATRU (SC)","DISTRICT":"KOTA","PARLIAMENT":"25","P_NAME":"JHALAWAR-BARAN","STATE_UT":"RAJASTHAN"},"arcs":[[86,-84,87]]},{"type":"Polygon","properties":{"ac":"194","ASSEMBLY_1":"KISHANGANJ (ST)","DISTRICT":"BARAN","PARLIAMENT":"25","P_NAME":"JHALAWAR-BARAN","STATE_UT":"RAJASTHAN"},"arcs":[[88,-80,-86,89]]},{"type":"Polygon","properties":{"ac":"193","ASSEMBLY_1":"ANTA","DISTRICT":"BARAN","PARLIAMENT":"25","P_NAME":"JHALAWAR-BARAN","STATE_UT":"RAJASTHAN"},"arcs":[[-90,-85,90,91,-23,-21,92]]},{"type":"Polygon","properties":{"ac":"193","ASSEMBLY_1":"ANTA","DISTRICT":"KOTA","PARLIAMENT":"25","P_NAME":"JHALAWAR-BARAN","STATE_UT":"RAJASTHAN"},"arcs":[[93,-91,-87]]},{"type":"Polygon","properties":{"ac":"192","ASSEMBLY_1":"RAMGANJ MANDI (SC)","DISTRICT":"KOTA","PARLIAMENT":"24","P_NAME":"KOTA","STATE_UT":"RAJASTHAN"},"arcs":[[94,95,96,97,98,99,-73,-77,100]]},{"type":"Polygon","properties":{"ac":"191","ASSEMBLY_1":"LADPURA","DISTRICT":"KOTA","PARLIAMENT":"24","P_NAME":"KOTA","STATE_UT":"RAJASTHAN"},"arcs":[[101,-99,102,103,104]]},{"type":"Polygon","properties":{"ac":"190","ASSEMBLY_1":"KOTA SOUTH","DISTRICT":"KOTA","PARLIAMENT":"24","P_NAME":"KOTA","STATE_UT":"RAJASTHAN"},"arcs":[[-104,105,-97,106,107]]},{"type":"Polygon","properties":{"ac":"189","ASSEMBLY_1":"KOTA NORTH","DISTRICT":"KOTA","PARLIAMENT":"24","P_NAME":"KOTA","STATE_UT":"RAJASTHAN"},"arcs":[[-106,-103,-98]]},{"type":"Polygon","properties":{"ac":"188","ASSEMBLY_1":"SANGOD","DISTRICT":"KOTA","PARLIAMENT":"24","P_NAME":"KOTA","STATE_UT":"RAJASTHAN"},"arcs":[[-72,-74,-100,-102,108,109,-24,-92,-94,-88,110,-82]]},{"type":"Polygon","properties":{"ac":"188","ASSEMBLY_1":"SANGOD","DISTRICT":"BARAN","PARLIAMENT":"24","P_NAME":"KOTA","STATE_UT":"RAJASTHAN"},"arcs":[[-111,-83]]},{"type":"Polygon","properties":{"ac":"187","ASSEMBLY_1":"PIPALDA","DISTRICT":"KOTA","PARLIAMENT":"24","P_NAME":"KOTA","STATE_UT":"RAJASTHAN"},"arcs":[[-19,-22,-110,111,112,113,114]]},{"type":"Polygon","properties":{"ac":"186","ASSEMBLY_1":"BUNDI","DISTRICT":"BUNDI","PARLIAMENT":"24","P_NAME":"KOTA","STATE_UT":"RAJASTHAN"},"arcs":[[115,-48,116,117,-107,-96]]},{"type":"Polygon","properties":{"ac":"185","ASSEMBLY_1":"KESHORAIPATAN (SC)","DISTRICT":"BUNDI","PARLIAMENT":"24","P_NAME":"KOTA","STATE_UT":"RAJASTHAN"},"arcs":[[-108,-118,118,119,120,-112,-109,-105]]},{"type":"Polygon","properties":{"ac":"185","ASSEMBLY_1":"KESHORAIPATAN (SC)","DISTRICT":"KOTA","PARLIAMENT":"24","P_NAME":"KOTA","STATE_UT":"RAJASTHAN"},"arcs":[[121,-113,-121,122]]},{"type":"Polygon","properties":{"ac":"184","ASSEMBLY_1":"HINDOLI","DISTRICT":"BUNDI","PARLIAMENT":"23","P_NAME":"BHILWARA","STATE_UT":"RAJASTHAN"},"arcs":[[-117,-47,123,124,-119]]},{"type":"Polygon","properties":{"ac":"182","ASSEMBLY_1":"JAHAZPUR","DISTRICT":"BHILWARA","PARLIAMENT":"23","P_NAME":"BHILWARA","STATE_UT":"RAJASTHAN"},"arcs":[[125,126,-124,-46,127,128]]},{"type":"Polygon","properties":{"ac":"181","ASSEMBLY_1":"SHAHPURA(SC)","DISTRICT":"BHILWARA","PARLIAMENT":"23","P_NAME":"BHILWARA","STATE_UT":"RAJASTHAN"},"arcs":[[-129,129,130,131,132]]},{"type":"Polygon","properties":{"ac":"180","ASSEMBLY_1":"BHILWARA","DISTRICT":"BHILWARA","PARLIAMENT":"23","P_NAME":"BHILWARA","STATE_UT":"RAJASTHAN"},"arcs":[[133,134]]},{"type":"Polygon","properties":{"ac":"179","ASSEMBLY_1":"SAHARA","DISTRICT":"BHILWARA","PARLIAMENT":"23","P_NAME":"BHILWARA","STATE_UT":"RAJASTHAN"},"arcs":[[135,136,137,-134,138,139,140]]},{"type":"Polygon","properties":{"ac":"177","ASSEMBLY_1":"ASIND","DISTRICT":"BHILWARA","PARLIAMENT":"23","P_NAME":"BHILWARA","STATE_UT":"RAJASTHAN"},"arcs":[[-131,141,142,143,144,145]]},{"type":"Polygon","properties":{"ac":"176","ASSEMBLY_1":"NATHDWARA","DISTRICT":"RAJSAMAND","PARLIAMENT":"22","P_NAME":"RAJSAMAND","STATE_UT":"RAJASTHAN"},"arcs":[[-29,146,147,148]]},{"type":"Polygon","properties":{"ac":"175","ASSEMBLY_1":"RAJSAMAND","DISTRICT":"RAJSAMAND","PARLIAMENT":"22","P_NAME":"RAJSAMAND","STATE_UT":"RAJASTHAN"},"arcs":[[149,-149,150,-136]]},{"type":"Polygon","properties":{"ac":"174","ASSEMBLY_1":"KUMBHALGARH","DISTRICT":"RAJSAMAND","PARLIAMENT":"22","P_NAME":"RAJSAMAND","STATE_UT":"RAJASTHAN"},"arcs":[[151,152,-137,-151,-148,-26,153,154,155]]},{"type":"Polygon","properties":{"ac":"173","ASSEMBLY_1":"BHIM","DISTRICT":"RAJSAMAND","PARLIAMENT":"22","P_NAME":"RAJSAMAND","STATE_UT":"RAJASTHAN"},"arcs":[[-143,156,-152,157,158,159,160]]},{"type":"Polygon","properties":{"ac":"173","ASSEMBLY_1":"BHIM","DISTRICT":"UDAIPUR","PARLIAMENT":"22","P_NAME":"RAJSAMAND","STATE_UT":"RAJASTHAN"},"arcs":[[161]]},{"type":"Polygon","properties":{"ac":"173","ASSEMBLY_1":"BHIM","DISTRICT":"UDAIPUR","PARLIAMENT":"22","P_NAME":"RAJSAMAND","STATE_UT":"RAJASTHAN"},"arcs":[[162]]},{"type":"Polygon","properties":{"ac":"173","ASSEMBLY_1":"BHIM","DISTRICT":"UDAIPUR","PARLIAMENT":"22","P_NAME":"RAJSAMAND","STATE_UT":"RAJASTHAN"},"arcs":[[-145,163,164]]},{"type":"Polygon","properties":{"ac":"172","ASSEMBLY_1":"PRATAPGARH (ST)","DISTRICT":"CHITTAURG","PARLIAMENT":"21","P_NAME":"CHITTORGARH","STATE_UT":"RAJASTHAN"},"arcs":[[165,166,-54,167,168]]},{"type":"Polygon","properties":{"ac":"171","ASSEMBLY_1":"BARI SADRI","DISTRICT":"CHITTAURG","PARLIAMENT":"21","P_NAME":"CHITTORGARH","STATE_UT":"RAJASTHAN"},"arcs":[[-52,169,170,171,172,173,-168,-53,-32]]},{"type":"Polygon","properties":{"ac":"170","ASSEMBLY_1":"NIMBAHERA","DISTRICT":"CHITTAURG","PARLIAMENT":"21","P_NAME":"CHITTORGARH","STATE_UT":"RAJASTHAN"},"arcs":[[174,-173,175]]},{"type":"Polygon","properties":{"ac":"170","ASSEMBLY_1":"NIMBAHERA","DISTRICT":"CHITTAURG","PARLIAMENT":"21","P_NAME":"CHITTORGARH","STATE_UT":"RAJASTHAN"},"arcs":[[176,177]]},{"type":"Polygon","properties":{"ac":"169","ASSEMBLY_1":"CHITTORGARH","DISTRICT":"CHITTAURG","PARLIAMENT":"21","P_NAME":"CHITTORGARH","STATE_UT":"RAJASTHAN"},"arcs":[[-176,-172,178,179,180,-178,181]]},{"type":"Polygon","properties":{"ac":"168","ASSEMBLY_1":"BEGUN","DISTRICT":"CHITTAURG","PARLIAMENT":"21","P_NAME":"CHITTORGARH","STATE_UT":"RAJASTHAN"},"arcs":[[-140,182,-51,183,-180,184]]},{"type":"Polygon","properties":{"ac":"168","ASSEMBLY_1":"BEGUN","DISTRICT":"CHITTAURG","PARLIAMENT":"21","P_NAME":"CHITTORGARH","STATE_UT":"RAJASTHAN"},"arcs":[[185,-49,-116,-95]]},{"type":"Polygon","properties":{"ac":"167","ASSEMBLY_1":"KAPASAN (SC)","DISTRICT":"CHITTAURG","PARLIAMENT":"21","P_NAME":"CHITTORGARH","STATE_UT":"RAJASTHAN"},"arcs":[[-30,-150,-141,-185,-179,-171,186,187]]},{"type":"Polygon","properties":{"ac":"166","ASSEMBLY_1":"KUSHALGARH (ST)","DISTRICT":"BANSWARA","PARLIAMENT":"20","P_NAME":"BANSWARA (ST)","STATE_UT":"RAJASTHAN"},"arcs":[[188,189,190]]},{"type":"Polygon","properties":{"ac":"165","ASSEMBLY_1":"BAGIDORA (ST)","DISTRICT":"BANSWARA","PARLIAMENT":"20","P_NAME":"BANSWARA (ST)","STATE_UT":"RAJASTHAN"},"arcs":[[191,-190,192,193,194,195]]},{"type":"Polygon","properties":{"ac":"164","ASSEMBLY_1":"BANSWARA (ST)","DISTRICT":"BANSWARA","PARLIAMENT":"20","P_NAME":"BANSWARA (ST)","STATE_UT":"RAJASTHAN"},"arcs":[[-191,-192,196,197,-166,198]]},{"type":"Polygon","properties":{"ac":"163","ASSEMBLY_1":"GARHI (ST)","DISTRICT":"BANSWARA","PARLIAMENT":"20","P_NAME":"BANSWARA (ST)","STATE_UT":"RAJASTHAN"},"arcs":[[-196,199,200,-197]]},{"type":"Polygon","properties":{"ac":"162","ASSEMBLY_1":"GHATOL (ST)","DISTRICT":"BANSWARA","PARLIAMENT":"20","P_NAME":"BANSWARA (ST)","STATE_UT":"RAJASTHAN"},"arcs":[[-198,-201,201,-55,-167]]},{"type":"Polygon","properties":{"ac":"161","ASSEMBLY_1":"CHORASI (ST)","DISTRICT":"DUNGARPUR","PARLIAMENT":"20","P_NAME":"BANSWARA (ST)","STATE_UT":"RAJASTHAN"},"arcs":[[202,203,204,-194,205]]},{"type":"Polygon","properties":{"ac":"160","ASSEMBLY_1":"SAGWARA (ST)","DISTRICT":"DUNGARPUR","PARLIAMENT":"20","P_NAME":"BANSWARA (ST)","STATE_UT":"RAJASTHAN"},"arcs":[[206,-200,-195,-205]]},{"type":"Polygon","properties":{"ac":"159","ASSEMBLY_1":"ASPUR (ST)","DISTRICT":"DUNGARPUR","PARLIAMENT":"19","P_NAME":"UDAIPUR(ST)","STATE_UT":"RAJASTHAN"},"arcs":[[-56,-202,-207,-204,207,208,209]]},{"type":"Polygon","properties":{"ac":"158","ASSEMBLY_1":"DUNGARPUR (ST)","DISTRICT":"DUNGARPUR","PARLIAMENT":"20","P_NAME":"BANSWARA (ST)","STATE_UT":"RAJASTHAN"},"arcs":[[-203,210,211,-208]]},{"type":"Polygon","properties":{"ac":"156","ASSEMBLY_1":"SALUMBER (ST)","DISTRICT":"UDAIPUR","PARLIAMENT":"19","P_NAME":"UDAIPUR(ST)","STATE_UT":"RAJASTHAN"},"arcs":[[212,213,214,215,216,-57,-210]]},{"type":"Polygon","properties":{"ac":"155","ASSEMBLY_1":"VALLABH NAGAR","DISTRICT":"UDAIPUR","PARLIAMENT":"21","P_NAME":"CHITTORGARH","STATE_UT":"RAJASTHAN"},"arcs":[[-58,-217,217,218,-187,-170]]},{"type":"Polygon","properties":{"ac":"154","ASSEMBLY_1":"MAVLI","DISTRICT":"UDAIPUR","PARLIAMENT":"21","P_NAME":"CHITTORGARH","STATE_UT":"RAJASTHAN"},"arcs":[[-188,-219,219,220,221,222,-27]]},{"type":"Polygon","properties":{"ac":"153","ASSEMBLY_1":"UDAIPUR","DISTRICT":"UDAIPUR","PARLIAMENT":"19","P_NAME":"UDAIPUR(ST)","STATE_UT":"RAJASTHAN"},"arcs":[[-221,223,-215,224]]},{"type":"Polygon","properties":{"ac":"152","ASSEMBLY_1":"UDAIPUR RURAL (ST)","DISTRICT":"UDAIPUR","PARLIAMENT":"19","P_NAME":"UDAIPUR(ST)","STATE_UT":"RAJASTHAN"},"arcs":[[-225,-214,225,226,227,-222]]},{"type":"Polygon","properties":{"ac":"152","ASSEMBLY_1":"UDAIPUR RURAL (ST)","DISTRICT":"UDAIPUR","PARLIAMENT":"19","P_NAME":"UDAIPUR(ST)","STATE_UT":"RAJASTHAN"},"arcs":[[-220,-218,-216,-224]]},{"type":"Polygon","properties":{"ac":"151","ASSEMBLY_1":"KHERWARA (ST)","DISTRICT":"UDAIPUR","PARLIAMENT":"19","P_NAME":"UDAIPUR(ST)","STATE_UT":"RAJASTHAN"},"arcs":[[-209,-212,228,229,-226,-213]]},{"type":"Polygon","properties":{"ac":"150","ASSEMBLY_1":"JHADOL (ST)","DISTRICT":"UDAIPUR","PARLIAMENT":"19","P_NAME":"UDAIPUR(ST)","STATE_UT":"RAJASTHAN"},"arcs":[[-227,-230,230,231,232]]},{"type":"Polygon","properties":{"ac":"149","ASSEMBLY_1":"GOGUNDA (ST)","DISTRICT":"UDAIPUR","PARLIAMENT":"19","P_NAME":"UDAIPUR(ST)","STATE_UT":"RAJASTHAN"},"arcs":[[233,-154,-25,-147,-28,-223,-228,-233,234]]},{"type":"Polygon","properties":{"ac":"148","ASSEMBLY_1":"REODAR (SC)","DISTRICT":"SIROHI","PARLIAMENT":"18","P_NAME":"JALORE","STATE_UT":"RAJASTHAN"},"arcs":[[235,236,237,238]]},{"type":"Polygon","properties":{"ac":"147","ASSEMBLY_1":"PINDWARA  ABU (ST)","DISTRICT":"SIROHI","PARLIAMENT":"18","P_NAME":"JALORE","STATE_UT":"RAJASTHAN"},"arcs":[[-235,-232,239,-238,240,241]]},{"type":"Polygon","properties":{"ac":"146","ASSEMBLY_1":"SIROHI","DISTRICT":"SIROHI","PARLIAMENT":"18","P_NAME":"JALORE","STATE_UT":"RAJASTHAN"},"arcs":[[-237,242,243,244,245,246,-241]]},{"type":"Polygon","properties":{"ac":"145","ASSEMBLY_1":"RANIWARA","DISTRICT":"JALOR","PARLIAMENT":"18","P_NAME":"JALORE","STATE_UT":"RAJASTHAN"},"arcs":[[247,248,249,-243,-236]]},{"type":"Polygon","properties":{"ac":"144","ASSEMBLY_1":"SANCHORE","DISTRICT":"JALOR","PARLIAMENT":"18","P_NAME":"JALORE","STATE_UT":"RAJASTHAN"},"arcs":[[250,251,252,-249,253]]},{"type":"Polygon","properties":{"ac":"143","ASSEMBLY_1":"BHINMAL","DISTRICT":"JALOR","PARLIAMENT":"18","P_NAME":"JALORE","STATE_UT":"RAJASTHAN"},"arcs":[[-250,-253,254,255,256,-244]]},{"type":"Polygon","properties":{"ac":"142","ASSEMBLY_1":"JALORE (SC)","DISTRICT":"JALOR","PARLIAMENT":"18","P_NAME":"JALORE","STATE_UT":"RAJASTHAN"},"arcs":[[257,258,259,-256]]},{"type":"Polygon","properties":{"ac":"141","ASSEMBLY_1":"AHORE","DISTRICT":"JALOR","PARLIAMENT":"18","P_NAME":"JALORE","STATE_UT":"RAJASTHAN"},"arcs":[[260,261,-245,-257,-260,262]]},{"type":"Polygon","properties":{"ac":"140","ASSEMBLY_1":"CHOHTAN (SC)","DISTRICT":"BARMER","PARLIAMENT":"17","P_NAME":"BARMER","STATE_UT":"RAJASTHAN"},"arcs":[[-251,263,264,265,266]]},{"type":"Polygon","properties":{"ac":"139","ASSEMBLY_1":"GUDHA MALANI","DISTRICT":"BARMER","PARLIAMENT":"17","P_NAME":"BARMER","STATE_UT":"RAJASTHAN"},"arcs":[[-267,267,268,-258,-255,-252]]},{"type":"Polygon","properties":{"ac":"138","ASSEMBLY_1":"SIWANA","DISTRICT":"BARMER","PARLIAMENT":"17","P_NAME":"BARMER","STATE_UT":"RAJASTHAN"},"arcs":[[269,-263,-259,-269,270,271,272,273]]},{"type":"Polygon","properties":{"ac":"137","ASSEMBLY_1":"PACHPADRA","DISTRICT":"BARMER","PARLIAMENT":"17","P_NAME":"BARMER","STATE_UT":"RAJASTHAN"},"arcs":[[-273,274,275,276]]},{"type":"Polygon","properties":{"ac":"136","ASSEMBLY_1":"BAYTOO","DISTRICT":"BARMER","PARLIAMENT":"17","P_NAME":"BARMER","STATE_UT":"RAJASTHAN"},"arcs":[[277,-275,-272,278,279,-40]]},{"type":"Polygon","properties":{"ac":"135","ASSEMBLY_1":"BARMER","DISTRICT":"BARMER","PARLIAMENT":"17","P_NAME":"BARMER","STATE_UT":"RAJASTHAN"},"arcs":[[-266,280,-279,-271,-268]]},{"type":"Polygon","properties":{"ac":"134","ASSEMBLY_1":"SHEO","DISTRICT":"BARMER","PARLIAMENT":"17","P_NAME":"BARMER","STATE_UT":"RAJASTHAN"},"arcs":[[281,-33,-280,-281,-265,282]]},{"type":"Polygon","properties":{"ac":"132","ASSEMBLY_1":"JAISALMER","DISTRICT":"JAISALMER","PARLIAMENT":"17","P_NAME":"BARMER","STATE_UT":"RAJASTHAN"},"arcs":[[-282,283,-34]]},{"type":"Polygon","properties":{"ac":"129","ASSEMBLY_1":"SOORSAGAR","DISTRICT":"JODHPUR","PARLIAMENT":"16","P_NAME":"JODHPUR","STATE_UT":"RAJASTHAN"},"arcs":[[284,285,286]]},{"type":"Polygon","properties":{"ac":"128","ASSEMBLY_1":"JODHPUR","DISTRICT":"JODHPUR","PARLIAMENT":"16","P_NAME":"JODHPUR","STATE_UT":"RAJASTHAN"},"arcs":[[287,-286,288]]},{"type":"Polygon","properties":{"ac":"127","ASSEMBLY_1":"SARDARPURA","DISTRICT":"JODHPUR","PARLIAMENT":"16","P_NAME":"JODHPUR","STATE_UT":"RAJASTHAN"},"arcs":[[-285,289,-289]]},{"type":"Polygon","properties":{"ac":"126","ASSEMBLY_1":"BHOPALGARH (SC)","DISTRICT":"JODHPUR","PARLIAMENT":"15","P_NAME":"PALI","STATE_UT":"RAJASTHAN"},"arcs":[[290,291,292,-61,293]]},{"type":"Polygon","properties":{"ac":"125","ASSEMBLY_1":"OSIAN","DISTRICT":"JODHPUR","PARLIAMENT":"15","P_NAME":"PALI","STATE_UT":"RAJASTHAN"},"arcs":[[294,-291,295,296,297]]},{"type":"Polygon","properties":{"ac":"124","ASSEMBLY_1":"SHERGARH","DISTRICT":"JODHPUR","PARLIAMENT":"16","P_NAME":"JODHPUR","STATE_UT":"RAJASTHAN"},"arcs":[[-39,298,-297,299,-276,-278]]},{"type":"Polygon","properties":{"ac":"123","ASSEMBLY_1":"LOHAWAT","DISTRICT":"JODHPUR","PARLIAMENT":"16","P_NAME":"JODHPUR","STATE_UT":"RAJASTHAN"},"arcs":[[-38,300,301,-298,-299]]},{"type":"Polygon","properties":{"ac":"122","ASSEMBLY_1":"PHALODI","DISTRICT":"JODHPUR","PARLIAMENT":"16","P_NAME":"JODHPUR","STATE_UT":"RAJASTHAN"},"arcs":[[302,-301,-37,303,304]]},{"type":"Polygon","properties":{"ac":"121","ASSEMBLY_1":"SUMERPUR","DISTRICT":"PALI","PARLIAMENT":"15","P_NAME":"PALI","STATE_UT":"RAJASTHAN"},"arcs":[[305,306,307,-246,-262,308]]},{"type":"Polygon","properties":{"ac":"120","ASSEMBLY_1":"BALI","DISTRICT":"PALI","PARLIAMENT":"15","P_NAME":"PALI","STATE_UT":"RAJASTHAN"},"arcs":[[-242,-247,-308,309,-155,-234]]},{"type":"Polygon","properties":{"ac":"119","ASSEMBLY_1":"MARWAR JUNCTION","DISTRICT":"PALI","PARLIAMENT":"15","P_NAME":"PALI","STATE_UT":"RAJASTHAN"},"arcs":[[-158,-156,-310,-307,310,311]]},{"type":"Polygon","properties":{"ac":"118","ASSEMBLY_1":"PALI","DISTRICT":"PALI","PARLIAMENT":"15","P_NAME":"PALI","STATE_UT":"RAJASTHAN"},"arcs":[[-270,312,-59,313,-309,-261]]},{"type":"Polygon","properties":{"ac":"117","ASSEMBLY_1":"SOJAT (SC)","DISTRICT":"PALI","PARLIAMENT":"15","P_NAME":"PALI","STATE_UT":"RAJASTHAN"},"arcs":[[-311,-306,-314,-64,314,315]]},{"type":"Polygon","properties":{"ac":"116","ASSEMBLY_1":"JAITARAN","DISTRICT":"PALI","PARLIAMENT":"22","P_NAME":"RAJSAMAND","STATE_UT":"RAJASTHAN"},"arcs":[[316,317,-160,318,-315,-63,319,320]]},{"type":"Polygon","properties":{"ac":"115","ASSEMBLY_1":"NAWAN","DISTRICT":"NAGAUR","PARLIAMENT":"14","P_NAME":"NAGAUR","STATE_UT":"RAJASTHAN"},"arcs":[[321,322,323,324,325,326]]},{"type":"Polygon","properties":{"ac":"114","ASSEMBLY_1":"PARBATSAR","DISTRICT":"NAGAUR","PARLIAMENT":"14","P_NAME":"NAGAUR","STATE_UT":"RAJASTHAN"},"arcs":[[327,328,329,330,-326]]},{"type":"Polygon","properties":{"ac":"113","ASSEMBLY_1":"MAKRANA","DISTRICT":"NAGAUR","PARLIAMENT":"14","P_NAME":"NAGAUR","STATE_UT":"RAJASTHAN"},"arcs":[[331,-330,332]]},{"type":"Polygon","properties":{"ac":"112","ASSEMBLY_1":"DEGANA","DISTRICT":"NAGAUR","PARLIAMENT":"22","P_NAME":"RAJSAMAND","STATE_UT":"RAJASTHAN"},"arcs":[[333,334,-333,-329,335,336,337,338]]},{"type":"Polygon","properties":{"ac":"111","ASSEMBLY_1":"MERTA (SC)","DISTRICT":"NAGAUR","PARLIAMENT":"22","P_NAME":"RAJSAMAND","STATE_UT":"RAJASTHAN"},"arcs":[[-62,-293,339,-338,340,-320]]},{"type":"Polygon","properties":{"ac":"110","ASSEMBLY_1":"KHINWSAR","DISTRICT":"NAGAUR","PARLIAMENT":"14","P_NAME":"NAGAUR","STATE_UT":"RAJASTHAN"},"arcs":[[-340,-292,-295,-302,-303,341,342,343,-339]]},{"type":"Polygon","properties":{"ac":"109","ASSEMBLY_1":"NAGAUR","DISTRICT":"NAGAUR","PARLIAMENT":"14","P_NAME":"NAGAUR","STATE_UT":"RAJASTHAN"},"arcs":[[-343,344,345]]},{"type":"Polygon","properties":{"ac":"108","ASSEMBLY_1":"JAYAL (SC)","DISTRICT":"NAGAUR","PARLIAMENT":"14","P_NAME":"NAGAUR","STATE_UT":"RAJASTHAN"},"arcs":[[346,347,-334,-344,-346,348,349]]},{"type":"Polygon","properties":{"ac":"107","ASSEMBLY_1":"DEEDWANA","DISTRICT":"NAGAUR","PARLIAMENT":"14","P_NAME":"NAGAUR","STATE_UT":"RAJASTHAN"},"arcs":[[-335,-348,350,351,-327,-331,-332]]},{"type":"Polygon","properties":{"ac":"106","ASSEMBLY_1":"LADNUN","DISTRICT":"NAGAUR","PARLIAMENT":"14","P_NAME":"NAGAUR","STATE_UT":"RAJASTHAN"},"arcs":[[352,353,354,-351,-347]]},{"type":"Polygon","properties":{"ac":"105","ASSEMBLY_1":"KEKRI","DISTRICT":"AJMER","PARLIAMENT":"13","P_NAME":"AJMER","STATE_UT":"RAJASTHAN"},"arcs":[[-133,355,356,357,358,359,-126]]},{"type":"Polygon","properties":{"ac":"104","ASSEMBLY_1":"MASUDA","DISTRICT":"AJMER","PARLIAMENT":"13","P_NAME":"AJMER","STATE_UT":"RAJASTHAN"},"arcs":[[-165,360,-317,361,-356,-132,-146]]},{"type":"Polygon","properties":{"ac":"103","ASSEMBLY_1":"BEAWAR","DISTRICT":"AJMER","PARLIAMENT":"22","P_NAME":"RAJSAMAND","STATE_UT":"RAJASTHAN"},"arcs":[[-161,-318,-361,-164,-144]]},{"type":"Polygon","properties":{"ac":"103","ASSEMBLY_1":"BEAWAR","DISTRICT":"AJMER","PARLIAMENT":"22","P_NAME":"RAJSAMAND","STATE_UT":"RAJASTHAN"},"arcs":[[-159,-312,-316,-319]]},{"type":"Polygon","properties":{"ac":"102","ASSEMBLY_1":"NASIRABAD","DISTRICT":"AJMER","PARLIAMENT":"13","P_NAME":"AJMER","STATE_UT":"RAJASTHAN"},"arcs":[[-321,-341,-337,362,363,-357,-362]]},{"type":"Polygon","properties":{"ac":"101","ASSEMBLY_1":"AJMER SOUTH (SC)","DISTRICT":"AJMER","PARLIAMENT":"13","P_NAME":"AJMER","STATE_UT":"RAJASTHAN"},"arcs":[[364,365]]},{"type":"Polygon","properties":{"ac":"100","ASSEMBLY_1":"AJMER NORTH","DISTRICT":"AJMER","PARLIAMENT":"13","P_NAME":"AJMER","STATE_UT":"RAJASTHAN"},"arcs":[[366,-365]]},{"type":"Polygon","properties":{"ac":"98","ASSEMBLY_1":"KISHANGARH","DISTRICT":"AJMER","PARLIAMENT":"13","P_NAME":"AJMER","STATE_UT":"RAJASTHAN"},"arcs":[[367,-358,-364,368,369]]},{"type":"Polygon","properties":{"ac":"97","ASSEMBLY_1":"DEOLI  UNIARA","DISTRICT":"TONK","PARLIAMENT":"12","P_NAME":"TONK - SAWAI MADHOPUR","STATE_UT":"RAJASTHAN"},"arcs":[[-123,-120,-125,-127,-360,370,371,372]]},{"type":"Polygon","properties":{"ac":"96","ASSEMBLY_1":"TONK","DISTRICT":"TONK","PARLIAMENT":"12","P_NAME":"TONK - SAWAI MADHOPUR","STATE_UT":"RAJASTHAN"},"arcs":[[-372,373,374,375]]},{"type":"Polygon","properties":{"ac":"95","ASSEMBLY_1":"NIWAI (SC)","DISTRICT":"TONK","PARLIAMENT":"12","P_NAME":"TONK - SAWAI MADHOPUR","STATE_UT":"RAJASTHAN"},"arcs":[[376,377,-375,378,379,380,381]]},{"type":"Polygon","properties":{"ac":"94","ASSEMBLY_1":"MALPURA","DISTRICT":"TONK","PARLIAMENT":"12","P_NAME":"TONK - SAWAI MADHOPUR","STATE_UT":"RAJASTHAN"},"arcs":[[-368,382,-379,-374,-371,-359]]},{"type":"Polygon","properties":{"ac":"93","ASSEMBLY_1":"KHANDAR (SC)","DISTRICT":"SAWAI MAD","PARLIAMENT":"12","P_NAME":"TONK - SAWAI MADHOPUR","STATE_UT":"RAJASTHAN"},"arcs":[[-373,-376,-378,383,384,-17,385,-114,-122]]},{"type":"Polygon","properties":{"ac":"92","ASSEMBLY_1":"SAWAI MADHOPUR","DISTRICT":"SAWAI MAD","PARLIAMENT":"12","P_NAME":"TONK - SAWAI MADHOPUR","STATE_UT":"RAJASTHAN"},"arcs":[[-18,-385,386,387]]},{"type":"Polygon","properties":{"ac":"91","ASSEMBLY_1":"BAMANWAS(ST)","DISTRICT":"SAWAI MAD","PARLIAMENT":"12","P_NAME":"TONK - SAWAI MADHOPUR","STATE_UT":"RAJASTHAN"},"arcs":[[388,389,-1,390,-387,-384,-377]]},{"type":"Polygon","properties":{"ac":"90","ASSEMBLY_1":"GANGAPUR","DISTRICT":"SAWAI MAD","PARLIAMENT":"12","P_NAME":"TONK - SAWAI MADHOPUR","STATE_UT":"RAJASTHAN"},"arcs":[[-4,-9,-11,391,-12,392,-14,-388,-391]]},{"type":"Polygon","properties":{"ac":"89","ASSEMBLY_1":"LALSOT (ST)","DISTRICT":"DAUSA","PARLIAMENT":"11","P_NAME":"DAUSA (ST)","STATE_UT":"RAJASTHAN"},"arcs":[[-389,-382,393,394,395,396]]},{"type":"Polygon","properties":{"ac":"88","ASSEMBLY_1":"DAUSA","DISTRICT":"DAUSA","PARLIAMENT":"11","P_NAME":"DAUSA (ST)","STATE_UT":"RAJASTHAN"},"arcs":[[397,398,399,400,-396,401,402,403]]},{"type":"Polygon","properties":{"ac":"87","ASSEMBLY_1":"SIKRAI (SC)","DISTRICT":"DAUSA","PARLIAMENT":"11","P_NAME":"DAUSA (ST)","STATE_UT":"RAJASTHAN"},"arcs":[[404,-400,405,406]]},{"type":"Polygon","properties":{"ac":"86","ASSEMBLY_1":"MAHUWA","DISTRICT":"DAUSA","PARLIAMENT":"11","P_NAME":"DAUSA (ST)","STATE_UT":"RAJASTHAN"},"arcs":[[407,408,409,-407,410,411,412]]},{"type":"Polygon","properties":{"ac":"85","ASSEMBLY_1":"BANDIKUI","DISTRICT":"DAUSA","PARLIAMENT":"11","P_NAME":"DAUSA (ST)","STATE_UT":"RAJASTHAN"},"arcs":[[413,414,-411,-406,-399]]},{"type":"Polygon","properties":{"ac":"84","ASSEMBLY_1":"SAPOTRA (ST)","DISTRICT":"KARAULI","PARLIAMENT":"10","P_NAME":"KARAULI-DHOLPUR  (SC)","STATE_UT":"RAJASTHAN"},"arcs":[[-15,415,416,417]]},{"type":"Polygon","properties":{"ac":"83","ASSEMBLY_1":"KARAULI","DISTRICT":"KARAULI","PARLIAMENT":"10","P_NAME":"KARAULI-DHOLPUR  (SC)","STATE_UT":"RAJASTHAN"},"arcs":[[418,-416,-393,-13,-392,-10,-7,419,420]]},{"type":"Polygon","properties":{"ac":"82","ASSEMBLY_1":"HINDAUN (SC)","DISTRICT":"KARAULI","PARLIAMENT":"10","P_NAME":"KARAULI-DHOLPUR  (SC)","STATE_UT":"RAJASTHAN"},"arcs":[[421,-409,422,423,-420,-6]]},{"type":"Polygon","properties":{"ac":"81","ASSEMBLY_1":"TODABHIM (ST)","DISTRICT":"KARAULI","PARLIAMENT":"10","P_NAME":"KARAULI-DHOLPUR  (SC)","STATE_UT":"RAJASTHAN"},"arcs":[[-410,-422,-5,-2,-390,-397,-401,-405]]},{"type":"Polygon","properties":{"ac":"80","ASSEMBLY_1":"RAJAKHERA","DISTRICT":"DHAULPUR","PARLIAMENT":"10","P_NAME":"KARAULI-DHOLPUR  (SC)","STATE_UT":"RAJASTHAN"},"arcs":[[424,425]]},{"type":"Polygon","properties":{"ac":"79","ASSEMBLY_1":"DHOLPUR","DISTRICT":"DHAULPUR","PARLIAMENT":"10","P_NAME":"KARAULI-DHOLPUR  (SC)","STATE_UT":"RAJASTHAN"},"arcs":[[426,-426,427,428]]},{"type":"Polygon","properties":{"ac":"78","ASSEMBLY_1":"BARI","DISTRICT":"DHAULPUR","PARLIAMENT":"10","P_NAME":"KARAULI-DHOLPUR  (SC)","STATE_UT":"RAJASTHAN"},"arcs":[[429,-429,430,431]]},{"type":"Polygon","properties":{"ac":"77","ASSEMBLY_1":"BASERI (SC)","DISTRICT":"DHAULPUR","PARLIAMENT":"10","P_NAME":"KARAULI-DHOLPUR  (SC)","STATE_UT":"RAJASTHAN"},"arcs":[[432,433,-432,434,-417,-419]]},{"type":"Polygon","properties":{"ac":"76","ASSEMBLY_1":"BAYANA (SC)","DISTRICT":"BHARATPUR","PARLIAMENT":"9","P_NAME":"BHARATPUR (SC)","STATE_UT":"RAJASTHAN"},"arcs":[[-421,-424,435,436,437,-433]]},{"type":"Polygon","properties":{"ac":"75","ASSEMBLY_1":"WEIR(SC)","DISTRICT":"BHARATPUR","PARLIAMENT":"9","P_NAME":"BHARATPUR (SC)","STATE_UT":"RAJASTHAN"},"arcs":[[-408,438,439,-436,-423]]},{"type":"Polygon","properties":{"ac":"74","ASSEMBLY_1":"NADBAI","DISTRICT":"BHARATPUR","PARLIAMENT":"9","P_NAME":"BHARATPUR (SC)","STATE_UT":"RAJASTHAN"},"arcs":[[-437,-440,440,441,442,443]]},{"type":"Polygon","properties":{"ac":"73","ASSEMBLY_1":"BHARATPUR","DISTRICT":"BHARATPUR","PARLIAMENT":"9","P_NAME":"BHARATPUR (SC)","STATE_UT":"RAJASTHAN"},"arcs":[[444,445,-443]]},{"type":"Polygon","properties":{"ac":"72","ASSEMBLY_1":"DEEG KUMHER","DISTRICT":"BHARATPUR","PARLIAMENT":"9","P_NAME":"BHARATPUR (SC)","STATE_UT":"RAJASTHAN"},"arcs":[[446,447,-445,-442,448]]},{"type":"Polygon","properties":{"ac":"71","ASSEMBLY_1":"NAGAR","DISTRICT":"BHARATPUR","PARLIAMENT":"9","P_NAME":"BHARATPUR (SC)","STATE_UT":"RAJASTHAN"},"arcs":[[-447,449,450,451,452]]},{"type":"Polygon","properties":{"ac":"70","ASSEMBLY_1":"KAMAN","DISTRICT":"BHARATPUR","PARLIAMENT":"9","P_NAME":"BHARATPUR (SC)","STATE_UT":"RAJASTHAN"},"arcs":[[453,454,-452]]},{"type":"Polygon","properties":{"ac":"69","ASSEMBLY_1":"KATHUMAR (SC)","DISTRICT":"ALWAR","PARLIAMENT":"9","P_NAME":"BHARATPUR (SC)","STATE_UT":"RAJASTHAN"},"arcs":[[-441,-439,-413,455,456,-450,-449]]},{"type":"Polygon","properties":{"ac":"68","ASSEMBLY_1":"RAJGARH LAXMANGARH (","DISTRICT":"ALWAR","PARLIAMENT":"9","P_NAME":"BHARATPUR (SC)","STATE_UT":"RAJASTHAN"},"arcs":[[457,458,-456,-412,-415,459]]},{"type":"Polygon","properties":{"ac":"67","ASSEMBLY_1":"RAMGARH","DISTRICT":"ALWAR","PARLIAMENT":"9","P_NAME":"BHARATPUR (SC)","STATE_UT":"RAJASTHAN"},"arcs":[[-454,-451,-457,-459,460,461,462]]},{"type":"Polygon","properties":{"ac":"66","ASSEMBLY_1":"ALWAR URBAN","DISTRICT":"ALWAR","PARLIAMENT":"9","P_NAME":"BHARATPUR (SC)","STATE_UT":"RAJASTHAN"},"arcs":[[463]]},{"type":"Polygon","properties":{"ac":"64","ASSEMBLY_1":"THANAGAZI","DISTRICT":"ALWAR","PARLIAMENT":"11","P_NAME":"DAUSA (ST)","STATE_UT":"RAJASTHAN"},"arcs":[[-398,464,465,466,467,-460,-414]]},{"type":"Polygon","properties":{"ac":"63","ASSEMBLY_1":"BANSUR","DISTRICT":"ALWAR","PARLIAMENT":"6","P_NAME":"JAIPUR RURAL","STATE_UT":"RAJASTHAN"},"arcs":[[468,469,470,-467,471,472]]},{"type":"Polygon","properties":{"ac":"62","ASSEMBLY_1":"BEHROR","DISTRICT":"ALWAR","PARLIAMENT":"8","P_NAME":"ALWAR","STATE_UT":"RAJASTHAN"},"arcs":[[473,474,-469,475]]},{"type":"Polygon","properties":{"ac":"61","ASSEMBLY_1":"MUNDAWAR","DISTRICT":"ALWAR","PARLIAMENT":"8","P_NAME":"ALWAR","STATE_UT":"RAJASTHAN"},"arcs":[[476,477,478,-470,-475]]},{"type":"Polygon","properties":{"ac":"60","ASSEMBLY_1":"KISHANGARH BAS","DISTRICT":"ALWAR","PARLIAMENT":"8","P_NAME":"ALWAR","STATE_UT":"RAJASTHAN"},"arcs":[[479,480,-462,481,-43,482,-478,483]]},{"type":"Polygon","properties":{"ac":"59","ASSEMBLY_1":"TIJARA","DISTRICT":"ALWAR","PARLIAMENT":"8","P_NAME":"ALWAR","STATE_UT":"RAJASTHAN"},"arcs":[[484,-480]]},{"type":"Polygon","properties":{"ac":"58","ASSEMBLY_1":"CHAKSU (SC)","DISTRICT":"JAIPUR","PARLIAMENT":"11","P_NAME":"DAUSA (ST)","STATE_UT":"RAJASTHAN"},"arcs":[[485,486,487,-394,-381]]},{"type":"Polygon","properties":{"ac":"57","ASSEMBLY_1":"BASSI (ST)","DISTRICT":"JAIPUR","PARLIAMENT":"11","P_NAME":"DAUSA (ST)","STATE_UT":"RAJASTHAN"},"arcs":[[-395,-488,488,489,490,491,492,493,-402]]},{"type":"Polygon","properties":{"ac":"57","ASSEMBLY_1":"BASSI (ST)","DISTRICT":"DAUSA","PARLIAMENT":"11","P_NAME":"DAUSA (ST)","STATE_UT":"RAJASTHAN"},"arcs":[[-494,494,-403]]},{"type":"Polygon","properties":{"ac":"56","ASSEMBLY_1":"BAGRU (SC)","DISTRICT":"JAIPUR","PARLIAMENT":"7","P_NAME":"JAIPUR","STATE_UT":"RAJASTHAN"},"arcs":[[495,496,497,-489,-487,498,499]]},{"type":"Polygon","properties":{"ac":"55","ASSEMBLY_1":"SANGANER","DISTRICT":"JAIPUR","PARLIAMENT":"7","P_NAME":"JAIPUR","STATE_UT":"RAJASTHAN"},"arcs":[[-496,500,501,502]]},{"type":"Polygon","properties":{"ac":"54","ASSEMBLY_1":"MALVIYA NAGAR","DISTRICT":"JAIPUR","PARLIAMENT":"7","P_NAME":"JAIPUR","STATE_UT":"RAJASTHAN"},"arcs":[[-503,503,504,505,-497]]},{"type":"Polygon","properties":{"ac":"53","ASSEMBLY_1":"ADARSH NAGAR","DISTRICT":"JAIPUR","PARLIAMENT":"7","P_NAME":"JAIPUR","STATE_UT":"RAJASTHAN"},"arcs":[[-490,-498,-506,506,507]]},{"type":"Polygon","properties":{"ac":"52","ASSEMBLY_1":"KISHAN POLE","DISTRICT":"JAIPUR","PARLIAMENT":"7","P_NAME":"JAIPUR","STATE_UT":"RAJASTHAN"},"arcs":[[-505,508,509,-507]]},{"type":"Polygon","properties":{"ac":"51","ASSEMBLY_1":"CIVIL LINES","DISTRICT":"JAIPUR","PARLIAMENT":"7","P_NAME":"JAIPUR","STATE_UT":"RAJASTHAN"},"arcs":[[-502,510,511,512,-509,-504]]},{"type":"Polygon","properties":{"ac":"50","ASSEMBLY_1":"VIDHYADHAR NAGAR","DISTRICT":"JAIPUR","PARLIAMENT":"7","P_NAME":"JAIPUR","STATE_UT":"RAJASTHAN"},"arcs":[[-512,513,514,515]]},{"type":"Polygon","properties":{"ac":"49","ASSEMBLY_1":"HAWA MAHAL","DISTRICT":"JAIPUR","PARLIAMENT":"7","P_NAME":"JAIPUR","STATE_UT":"RAJASTHAN"},"arcs":[[-516,516,-491,-508,-510,-513]]},{"type":"Polygon","properties":{"ac":"48","ASSEMBLY_1":"JAMWA RAMGARH (ST)","DISTRICT":"JAIPUR","PARLIAMENT":"6","P_NAME":"JAIPUR RURAL","STATE_UT":"RAJASTHAN"},"arcs":[[-465,-404,-495,-493,517,518,519]]},{"type":"Polygon","properties":{"ac":"47","ASSEMBLY_1":"AMBER","DISTRICT":"JAIPUR","PARLIAMENT":"6","P_NAME":"JAIPUR RURAL","STATE_UT":"RAJASTHAN"},"arcs":[[520,521,522,523,-518,-492,-517,-515]]},{"type":"Polygon","properties":{"ac":"46","ASSEMBLY_1":"JHOTWARA","DISTRICT":"JAIPUR","PARLIAMENT":"6","P_NAME":"JAIPUR RURAL","STATE_UT":"RAJASTHAN"},"arcs":[[-514,-511,-501,-500,524,525,-521]]},{"type":"Polygon","properties":{"ac":"45","ASSEMBLY_1":"DUDU(SC)","DISTRICT":"JAIPUR","PARLIAMENT":"13","P_NAME":"AJMER","STATE_UT":"RAJASTHAN"},"arcs":[[-383,-370,526,527,-525,-499,-486,-380]]},{"type":"Polygon","properties":{"ac":"44","ASSEMBLY_1":"PHULERA","DISTRICT":"JAIPUR","PARLIAMENT":"6","P_NAME":"JAIPUR RURAL","STATE_UT":"RAJASTHAN"},"arcs":[[-324,528,529,530,-522,-526,-528,531]]},{"type":"Polygon","properties":{"ac":"43","ASSEMBLY_1":"CHOMU","DISTRICT":"JAIPUR","PARLIAMENT":"5","P_NAME":"SIKAR","STATE_UT":"RAJASTHAN"},"arcs":[[532,533,534,-523,-531]]},{"type":"Polygon","properties":{"ac":"42","ASSEMBLY_1":"SHAHPURA","DISTRICT":"JAIPUR","PARLIAMENT":"6","P_NAME":"JAIPUR RURAL","STATE_UT":"RAJASTHAN"},"arcs":[[-535,535,536,-519,-524]]},{"type":"Polygon","properties":{"ac":"41","ASSEMBLY_1":"VIRATNAGAR","DISTRICT":"JAIPUR","PARLIAMENT":"6","P_NAME":"JAIPUR RURAL","STATE_UT":"RAJASTHAN"},"arcs":[[-520,-537,537,538,-472,-466]]},{"type":"Polygon","properties":{"ac":"40","ASSEMBLY_1":"KOTPUTLI","DISTRICT":"JAIPUR","PARLIAMENT":"6","P_NAME":"JAIPUR RURAL","STATE_UT":"RAJASTHAN"},"arcs":[[539,-476,-473,-539,540,541]]},{"type":"Polygon","properties":{"ac":"39","ASSEMBLY_1":"SRIMADHOPUR","DISTRICT":"SIKAR","PARLIAMENT":"5","P_NAME":"SIKAR","STATE_UT":"RAJASTHAN"},"arcs":[[542,-541,-538,-536,-534,543]]},{"type":"Polygon","properties":{"ac":"38","ASSEMBLY_1":"NEEM KA THANA","DISTRICT":"SIKAR","PARLIAMENT":"5","P_NAME":"SIKAR","STATE_UT":"RAJASTHAN"},"arcs":[[-542,-543,544,545,546,547]]},{"type":"Polygon","properties":{"ac":"37","ASSEMBLY_1":"KHANDELA","DISTRICT":"SIKAR","PARLIAMENT":"5","P_NAME":"SIKAR","STATE_UT":"RAJASTHAN"},"arcs":[[-530,548,549,550,-545,-544,-533]]},{"type":"Polygon","properties":{"ac":"36","ASSEMBLY_1":"DANTA RAMGARH","DISTRICT":"SIKAR","PARLIAMENT":"5","P_NAME":"SIKAR","STATE_UT":"RAJASTHAN"},"arcs":[[-549,-529,-323,551,552]]},{"type":"Polygon","properties":{"ac":"35","ASSEMBLY_1":"SIKAR","DISTRICT":"SIKAR","PARLIAMENT":"5","P_NAME":"SIKAR","STATE_UT":"RAJASTHAN"},"arcs":[[553,554,-550,-553,555,556]]},{"type":"Polygon","properties":{"ac":"34","ASSEMBLY_1":"DHOD (SC)","DISTRICT":"SIKAR","PARLIAMENT":"5","P_NAME":"SIKAR","STATE_UT":"RAJASTHAN"},"arcs":[[-352,-355,557,-556,-552,-322]]},{"type":"Polygon","properties":{"ac":"33","ASSEMBLY_1":"LACHHMANGARH","DISTRICT":"SIKAR","PARLIAMENT":"5","P_NAME":"SIKAR","STATE_UT":"RAJASTHAN"},"arcs":[[558,559,560,-557,-558,-354,561,562]]},{"type":"Polygon","properties":{"ac":"32","ASSEMBLY_1":"FATEHPUR","DISTRICT":"SIKAR","PARLIAMENT":"4","P_NAME":"JHUNJHUNU","STATE_UT":"RAJASTHAN"},"arcs":[[563,-559,564,565]]},{"type":"Polygon","properties":{"ac":"31","ASSEMBLY_1":"KHETRI","DISTRICT":"JHUNJHUNU","PARLIAMENT":"4","P_NAME":"JHUNJHUNU","STATE_UT":"RAJASTHAN"},"arcs":[[-547,566,567,568,569]]},{"type":"Polygon","properties":{"ac":"30","ASSEMBLY_1":"UDAIPURWATI","DISTRICT":"JHUNJHUNU","PARLIAMENT":"4","P_NAME":"JHUNJHUNU","STATE_UT":"RAJASTHAN"},"arcs":[[-551,-555,570,571,-567,-546]]},{"type":"Polygon","properties":{"ac":"29","ASSEMBLY_1":"NAWALGARH","DISTRICT":"JHUNJHUNU","PARLIAMENT":"4","P_NAME":"JHUNJHUNU","STATE_UT":"RAJASTHAN"},"arcs":[[-554,-561,572,573,-571]]},{"type":"Polygon","properties":{"ac":"28","ASSEMBLY_1":"MANDAWA","DISTRICT":"JHUNJHUNU","PARLIAMENT":"4","P_NAME":"JHUNJHUNU","STATE_UT":"RAJASTHAN"},"arcs":[[574,575,576,577,578,-573,-560,-564]]},{"type":"Polygon","properties":{"ac":"27","ASSEMBLY_1":"JHUNJHUNU","DISTRICT":"JHUNJHUNU","PARLIAMENT":"4","P_NAME":"JHUNJHUNU","STATE_UT":"RAJASTHAN"},"arcs":[[579,-568,-572,-574,-579,580]]},{"type":"Polygon","properties":{"ac":"26","ASSEMBLY_1":"SURAJGARH","DISTRICT":"JHUNJHUNU","PARLIAMENT":"4","P_NAME":"JHUNJHUNU","STATE_UT":"RAJASTHAN"},"arcs":[[-580,581,582,-569]]},{"type":"Polygon","properties":{"ac":"25","ASSEMBLY_1":"PILANI (SC)","DISTRICT":"JHUNJHUNU","PARLIAMENT":"4","P_NAME":"JHUNJHUNU","STATE_UT":"RAJASTHAN"},"arcs":[[583,-582,-581,-578,584]]},{"type":"Polygon","properties":{"ac":"24","ASSEMBLY_1":"SUJANGARH (SC)","DISTRICT":"CHURU","PARLIAMENT":"3","P_NAME":"CHURU","STATE_UT":"RAJASTHAN"},"arcs":[[-350,585,586,587,588,-562,-353]]},{"type":"Polygon","properties":{"ac":"23","ASSEMBLY_1":"RATANGARH","DISTRICT":"CHURU","PARLIAMENT":"3","P_NAME":"CHURU","STATE_UT":"RAJASTHAN"},"arcs":[[-563,-589,589,590,591,-565]]},{"type":"Polygon","properties":{"ac":"22","ASSEMBLY_1":"CHURU","DISTRICT":"CHURU","PARLIAMENT":"3","P_NAME":"CHURU","STATE_UT":"RAJASTHAN"},"arcs":[[-592,592,593,-575,-566]]},{"type":"Polygon","properties":{"ac":"21","ASSEMBLY_1":"SARDARSHAHAR","DISTRICT":"CHURU","PARLIAMENT":"3","P_NAME":"CHURU","STATE_UT":"RAJASTHAN"},"arcs":[[594,595,-593,-591,596,597]]},{"type":"Polygon","properties":{"ac":"20","ASSEMBLY_1":"TARANAGAR","DISTRICT":"CHURU","PARLIAMENT":"3","P_NAME":"CHURU","STATE_UT":"RAJASTHAN"},"arcs":[[-596,598,599,600,-576,-594]]},{"type":"Polygon","properties":{"ac":"19","ASSEMBLY_1":"SADULPUR","DISTRICT":"CHURU","PARLIAMENT":"3","P_NAME":"CHURU","STATE_UT":"RAJASTHAN"},"arcs":[[-585,-577,-601,601,602]]},{"type":"Polygon","properties":{"ac":"18","ASSEMBLY_1":"NOKHA","DISTRICT":"BIKANER","PARLIAMENT":"2","P_NAME":"BIKANER(SC)","STATE_UT":"RAJASTHAN"},"arcs":[[603,604,-586,-349,-345,-342,-305]]},{"type":"Polygon","properties":{"ac":"17","ASSEMBLY_1":"DUNGARGARH","DISTRICT":"BIKANER","PARLIAMENT":"2","P_NAME":"BIKANER(SC)","STATE_UT":"RAJASTHAN"},"arcs":[[-605,605,606,607,-587]]},{"type":"Polygon","properties":{"ac":"17","ASSEMBLY_1":"DUNGARGARH","DISTRICT":"CHURU","PARLIAMENT":"2","P_NAME":"BIKANER(SC)","STATE_UT":"RAJASTHAN"},"arcs":[[-597,-590,-588,-608,608]]},{"type":"Polygon","properties":{"ac":"16","ASSEMBLY_1":"LUNKARANSAR","DISTRICT":"BIKANER","PARLIAMENT":"2","P_NAME":"BIKANER(SC)","STATE_UT":"RAJASTHAN"},"arcs":[[-598,-609,-607,609,610,611,612,613,614]]},{"type":"Polygon","properties":{"ac":"15","ASSEMBLY_1":"KOLAYAT","DISTRICT":"BIKANER","PARLIAMENT":"2","P_NAME":"BIKANER(SC)","STATE_UT":"RAJASTHAN"},"arcs":[[-304,-36,615,616,617,618,-610,-606,-604]]},{"type":"Polygon","properties":{"ac":"14","ASSEMBLY_1":"BIKANER EAST","DISTRICT":"BIKANER","PARLIAMENT":"2","P_NAME":"BIKANER(SC)","STATE_UT":"RAJASTHAN"},"arcs":[[-619,619,620,-611]]},{"type":"Polygon","properties":{"ac":"13","ASSEMBLY_1":"BIKANER WEST","DISTRICT":"BIKANER","PARLIAMENT":"2","P_NAME":"BIKANER(SC)","STATE_UT":"RAJASTHAN"},"arcs":[[621,-620,-618]]},{"type":"Polygon","properties":{"ac":"12","ASSEMBLY_1":"KHAJUWALA(SC)","DISTRICT":"BIKANER","PARLIAMENT":"2","P_NAME":"BIKANER(SC)","STATE_UT":"RAJASTHAN"},"arcs":[[622,623,624,-612,-621,-622,-617]]},{"type":"Polygon","properties":{"ac":"11","ASSEMBLY_1":"BHADRA","DISTRICT":"HANUMANGA","PARLIAMENT":"3","P_NAME":"CHURU","STATE_UT":"RAJASTHAN"},"arcs":[[-600,625,626,-602]]},{"type":"Polygon","properties":{"ac":"10","ASSEMBLY_1":"NOHAR","DISTRICT":"HANUMANGA","PARLIAMENT":"3","P_NAME":"CHURU","STATE_UT":"RAJASTHAN"},"arcs":[[-615,627,628,629,630,631,632,-42,633,-626,-599,-595]]},{"type":"Polygon","properties":{"ac":"9","ASSEMBLY_1":"PILIBANGA (SC)","DISTRICT":"HANUMANGA","PARLIAMENT":"1","P_NAME":"GANGANAGAR (SC)","STATE_UT":"RAJASTHAN"},"arcs":[[-630,634,635,636,637,638,639,640]]},{"type":"Polygon","properties":{"ac":"9","ASSEMBLY_1":"PILIBANGA (SC)","DISTRICT":"GANGANAGA","PARLIAMENT":"1","P_NAME":"GANGANAGAR (SC)","STATE_UT":"RAJASTHAN"},"arcs":[[-636,641]]},{"type":"Polygon","properties":{"ac":"8","ASSEMBLY_1":"HANUMANGARH","DISTRICT":"HANUMANGA","PARLIAMENT":"1","P_NAME":"GANGANAGAR (SC)","STATE_UT":"RAJASTHAN"},"arcs":[[-641,642,643,644,-631]]},{"type":"Polygon","properties":{"ac":"7","ASSEMBLY_1":"SANGARIA","DISTRICT":"HANUMANGA","PARLIAMENT":"1","P_NAME":"GANGANAGAR (SC)","STATE_UT":"RAJASTHAN"},"arcs":[[645,646,-632,-645]]},{"type":"Polygon","properties":{"ac":"6","ASSEMBLY_1":"ANUPGARH (SC)","DISTRICT":"GANGANAGA","PARLIAMENT":"2","P_NAME":"BIKANER(SC)","STATE_UT":"RAJASTHAN"},"arcs":[[647,648,-624]]},{"type":"Polygon","properties":{"ac":"5","ASSEMBLY_1":"RAISINGHNAGAR (SC)","DISTRICT":"GANGANAGA","PARLIAMENT":"1","P_NAME":"GANGANAGAR (SC)","STATE_UT":"RAJASTHAN"},"arcs":[[-625,-649,649,650,651,-613]]},{"type":"Polygon","properties":{"ac":"4","ASSEMBLY_1":"SURATGARH","DISTRICT":"GANGANAGA","PARLIAMENT":"1","P_NAME":"GANGANAGAR (SC)","STATE_UT":"RAJASTHAN"},"arcs":[[652,653,-637,-642,654,-628,-614,-652]]},{"type":"Polygon","properties":{"ac":"4","ASSEMBLY_1":"SURATGARH","DISTRICT":"HANUMANGA","PARLIAMENT":"1","P_NAME":"GANGANAGAR (SC)","STATE_UT":"RAJASTHAN"},"arcs":[[-654,655,-638]]},{"type":"Polygon","properties":{"ac":"4","ASSEMBLY_1":"SURATGARH","DISTRICT":"HANUMANGA","PARLIAMENT":"1","P_NAME":"GANGANAGAR (SC)","STATE_UT":"RAJASTHAN"},"arcs":[[-635,-629,-655]]},{"type":"Polygon","properties":{"ac":"3","ASSEMBLY_1":"KARANPUR","DISTRICT":"GANGANAGA","PARLIAMENT":"1","P_NAME":"GANGANAGAR (SC)","STATE_UT":"RAJASTHAN"},"arcs":[[656,657,658,659,-639,-656,-653,-651]]},{"type":"Polygon","properties":{"ac":"2","ASSEMBLY_1":"GANGANAGAR","DISTRICT":"GANGANAGA","PARLIAMENT":"1","P_NAME":"GANGANAGAR (SC)","STATE_UT":"RAJASTHAN"},"arcs":[[660,661,-659,662]]},{"type":"Polygon","properties":{"ac":"1","ASSEMBLY_1":"SADULSHAHAR","DISTRICT":"GANGANAGA","PARLIAMENT":"1","P_NAME":"GANGANAGAR (SC)","STATE_UT":"RAJASTHAN"},"arcs":[[663,-643,-640,-660,-662,664]]},{"type":"Polygon","properties":{"ac":"1","ASSEMBLY_1":"SADULSHAHAR","DISTRICT":"GANGANAGA","PARLIAMENT":"1","P_NAME":"GANGANAGAR (SC)","STATE_UT":"RAJASTHAN"},"arcs":[[-658,665,-663]]},{"type":"Polygon","properties":{"ac":"1","ASSEMBLY_1":"SADULSHAHAR","DISTRICT":"HANUMANGA","PARLIAMENT":"1","P_NAME":"GANGANAGAR (SC)","STATE_UT":"RAJASTHAN"},"arcs":[[666,-646,-644,-664]]},{"type":"Polygon","properties":{"ac":"178","ASSEMBLY_1":"MANDAL","DISTRICT":"BHILWARA","PARLIAMENT":"23","P_NAME":"BHILWARA","STATE_UT":"RAJASTHAN"},"arcs":[[-142,-130,-128,-45,-183,-139,-135,-138,-153,-157],[-162],[-163]]},{"type":"Polygon","properties":{"ac":"130","ASSEMBLY_1":"LUNI","DISTRICT":"JODHPUR","PARLIAMENT":"16","P_NAME":"JODHPUR","STATE_UT":"RAJASTHAN"},"arcs":[[-60,-313,-274,-277,-300,-296,-294],[-290,-287,-288]]},{"type":"Polygon","properties":{"ac":"99","ASSEMBLY_1":"PUSHKAR","DISTRICT":"AJMER","PARLIAMENT":"13","P_NAME":"AJMER","STATE_UT":"RAJASTHAN"},"arcs":[[-336,-328,-325,-532,-527,-369,-363],[-366,-367]]},{"type":"Polygon","properties":{"ac":"65","ASSEMBLY_1":"ALWAR RURAL  (SC)","DISTRICT":"ALWAR","PARLIAMENT":"9","P_NAME":"BHARATPUR (SC)","STATE_UT":"RAJASTHAN"},"arcs":[[-44,-482,-461,-458,-468,-471,-479,-483],[-464]]}]}},"arcs":[[[8256,4882],[-27,1],[-34,42],[-35,3],[-34,69],[-62,-6],[-96,70]],[[7968,5061],[154,35],[34,-5],[62,-45],[85,-16],[94,50]],[[8397,5080],[-7,-98]],[[8390,4982],[-80,-50],[-54,-50]],[[8397,5080],[47,13]],[[8444,5093],[45,-8]],[[8489,5085],[4,-57]],[[8493,5028],[-66,-75]],[[8427,4953],[-37,29]],[[8493,5028],[-21,-119]],[[8472,4909],[-45,44]],[[8465,4841],[-27,27],[29,16]],[[8467,4884],[-2,-43]],[[8143,4514],[22,22],[106,50],[81,90],[52,36],[8,31],[58,45]],[[8470,4788],[2,-63],[-28,-47],[-145,-107],[-28,-58],[-6,-50],[23,-68],[32,-42],[71,-42],[51,-47]],[[8442,4264],[-19,-52],[-33,-26]],[[8390,4186],[-80,111],[-92,62],[-23,5],[-56,-27],[-15,7]],[[8124,4344],[11,49],[-7,49],[15,72]],[[7904,3260],[18,41],[104,163]],[[8026,3464],[43,-72],[4,-42],[28,-16],[12,-36]],[[8113,3298],[-76,-6],[-17,11],[-30,-27],[-86,-16]],[[7732,3034],[45,20],[15,58],[10,122],[17,16],[85,10]],[[7904,3260],[-74,-160],[-13,-269],[-30,-74],[-4,-106]],[[7783,2651],[-19,-12],[-11,43],[-51,83],[-9,41],[20,116],[12,27],[7,85]],[[4635,2641],[-49,46],[20,83]],[[4606,2770],[29,-129]],[[5284,2515],[-86,-28],[-17,14],[-32,71],[-49,-55],[-32,40],[-85,7],[-68,-201],[-45,-9],[-36,45]],[[4834,2399],[-37,27],[-91,-23],[-36,100]],[[4670,2503],[61,-52],[105,-15],[51,5],[32,19],[21,39],[4,57],[20,17],[83,18],[53,44],[28,-49],[75,-3],[111,-19]],[[5314,2564],[-30,-49]],[[5712,1599],[-89,36],[-4,74]],[[5619,1709],[14,-30],[79,-80]],[[2595,4602],[-24,41],[-36,19],[-34,-8],[-41,29],[-29,108],[-41,36],[-66,-27],[-34,-44],[-49,79],[-15,-21]],[[2226,4814],[-11,34],[41,31],[-32,14],[-32,53],[57,52],[28,83],[-7,18],[-78,-2],[0,46],[47,1],[-35,97],[20,62],[46,41],[1,32],[-26,25],[-17,50],[21,-2],[68,-54],[33,47],[-75,77],[17,64],[-28,29],[17,21],[7,104],[29,35],[67,6],[83,117],[-49,52],[30,53],[-67,76],[-74,3],[-75,-33],[-55,125],[45,43],[-3,54],[-17,6],[-49,97],[34,54],[49,121],[-119,191]],[[2117,6737],[79,15],[130,-5],[154,4],[272,120]],[[2752,6871],[28,-53],[28,-16],[53,42],[45,9],[53,-36],[24,-39],[53,-34],[-4,-39],[15,-91],[-69,-82],[15,-24],[45,9],[51,-25],[39,-51],[83,72],[49,-22],[-23,-83],[-45,-92],[2,-26]],[[3194,6290],[-38,-22],[-3,-66],[-42,4],[-41,-38],[-21,18],[-13,80],[-45,39],[26,29],[-90,48],[-57,-64],[-39,-27],[-40,13],[-28,-36],[-8,-84],[-18,15],[-51,-8],[-27,-53],[12,-43],[-6,-93],[11,-33],[-41,-47],[-6,-44],[145,-63],[13,-52],[32,11],[15,-59],[123,-32],[13,-18],[-45,-102],[2,-88],[-10,-47],[72,-68]],[[2989,5360],[-19,-52],[13,-28],[-17,-30],[-34,-7],[10,-61],[30,-56],[-23,-2],[-34,-60],[53,-74]],[[2968,4990],[15,-32],[-81,-142],[62,-79],[-11,-130]],[[2953,4607],[-55,-5],[-47,-33],[-26,0],[-45,-35],[-30,2],[-10,58],[-49,46],[-35,-58],[-61,20]],[[5883,8777],[10,58],[67,-3],[23,-19]],[[5983,8813],[-49,-36],[-51,0]],[[8135,6486],[0,39],[36,-9]],[[8171,6516],[-36,-30]],[[6000,3029],[62,23],[-15,37]],[[6047,3089],[34,-14],[22,32],[-3,38],[26,-57],[24,-3],[19,75],[23,33],[-15,19],[17,88],[69,7],[23,41],[34,1],[6,33],[52,39],[31,50],[11,-46],[-11,-59],[65,-34],[36,10],[40,-11],[-42,-57],[70,-14],[32,17]],[[6610,3277],[47,-45],[19,-53],[66,-42]],[[6742,3137],[43,-24],[19,-46],[0,-72],[-11,-72],[-44,-51],[53,-75],[-2,-34]],[[6800,2763],[-105,-16],[-8,9]],[[6687,2756],[-2,24],[-81,3],[-96,-10]],[[6508,2773],[10,79],[-87,24],[6,15],[-113,12],[0,15],[-70,-46],[-13,48],[-28,18],[-53,-14],[19,52],[-44,-1],[-37,-46],[-47,11],[-12,63],[-39,26]],[[5555,1832],[-7,-40],[71,-63],[0,-20]],[[5712,1599],[60,-70],[-21,-166],[-39,-34],[19,-89]],[[5731,1240],[0,-75]],[[5731,1165],[-49,11],[-17,34],[-44,5],[-37,-24]],[[5584,1191],[-19,34],[-47,5],[-27,34],[-86,-73],[-23,64],[-41,31],[-12,51],[-30,5],[-3,-34],[-68,-32]],[[5228,1276],[-6,78],[32,20],[-9,53],[-25,47],[30,6],[-13,40],[17,58],[19,-3],[-4,58],[40,53],[-34,31],[49,60],[-62,108]],[[5262,1885],[39,24],[2,-50],[30,-15],[10,65],[62,9],[43,-39],[32,1],[38,-25],[7,-29],[30,6]],[[4373,4130],[-17,32],[-57,36],[-17,43]],[[4282,4241],[40,31],[-4,34],[-30,-7],[-79,29],[-23,62],[-30,-11],[-5,59],[22,2],[40,45],[19,54]],[[4232,4539],[67,80],[29,-14],[19,-43],[65,-34],[106,174],[54,47],[44,9],[17,-24],[64,6],[43,28],[28,-29],[4,62],[74,-10],[65,41]],[[4911,4832],[25,-6],[47,-46],[19,-52]],[[5002,4728],[-32,-31],[11,-39],[-38,-22],[-20,-75],[11,-32],[-28,-71],[17,-41],[-21,-61],[28,-51],[-5,-39]],[[4925,4266],[-59,-8],[-9,24],[-32,-11],[-25,-56],[-52,21],[3,67],[-28,28],[-77,-54],[-43,-8],[7,-55],[-34,33],[-37,-3],[-42,62],[-26,0],[-4,45],[-30,-8],[-6,-30],[-36,-25],[23,-77],[-34,-12],[-11,-69]],[[8391,1946],[8,-78],[-15,-40],[34,-112],[86,-117],[-32,-14],[-18,-81],[-31,11],[-81,-27],[-51,74],[-39,-14],[-53,46],[32,79],[-9,52],[-28,-25],[-85,-22],[0,-38],[-25,-14],[10,-48],[-64,-23],[-15,55],[-36,43],[-30,-13],[-51,12],[-43,32]],[[7855,1684],[60,204],[-23,41],[-58,-8],[-45,36],[-4,35],[28,22],[17,93],[45,-2],[96,16],[78,-55]],[[8049,2066],[52,-26],[-1,-42],[58,-80],[43,34],[38,-51],[60,66],[28,-25],[64,4]],[[7932,2432],[41,-157],[21,-24],[42,2]],[[8036,2253],[-8,-85],[21,-29],[0,-73]],[[7855,1684],[-44,8],[-39,-21],[-11,-35],[-44,15],[-36,-17],[-26,92],[-2,50]],[[7653,1776],[23,16],[28,97],[38,18],[5,75],[-49,-8],[-5,48],[-30,26],[7,38],[-24,28],[0,90]],[[7646,2204],[-12,57],[21,26],[4,107],[24,51],[2,52],[51,15],[-8,-42],[29,-2],[0,35],[26,6],[30,41],[30,2],[34,-42],[57,-12],[-2,-66]],[[7501,2129],[18,8],[-20,65],[5,74],[42,29]],[[7546,2305],[100,-101]],[[7653,1776],[-60,-57],[13,-62],[-34,-43],[15,-151],[-30,1],[-71,-32],[-23,-35],[-55,-27]],[[7408,1370],[-20,54],[-51,65],[-34,15],[-28,39],[-6,53],[34,47],[41,185],[76,93],[28,87],[53,121]],[[7337,2083],[45,31],[119,15]],[[7408,1370],[-22,-10],[0,-38],[24,-33],[-5,-57],[-113,-69],[-29,12],[-88,-58],[-53,66],[-32,4],[-6,-38],[34,-17],[-15,-67],[-26,3],[9,-43],[-17,-40],[-37,58],[-79,-2],[-29,26],[21,33],[-102,93],[-35,14],[9,84],[32,34],[25,63],[66,-44],[13,-36],[58,12],[28,44],[32,-18],[13,-67],[74,40],[21,53],[-2,35],[58,15],[6,46],[-53,6],[-11,36],[-42,5],[42,120],[54,25],[-17,20],[2,62],[-19,19],[-37,-5],[-30,52],[11,113],[41,33],[8,33],[28,-14],[-7,-34],[43,-32],[64,40],[6,95],[13,41]],[[8036,2253],[50,40],[49,-28],[66,12],[21,24],[22,-23],[44,35],[22,-4],[10,61],[-23,81],[-13,98]],[[8284,2549],[75,-48]],[[8359,2501],[46,-85],[-4,-26],[64,-13],[49,25],[28,-49],[56,-25],[40,-102],[6,-112],[-17,-53],[-21,3],[-34,-72],[-47,-24],[-51,39],[4,68],[-21,19],[-26,-30],[-10,33],[-58,-20],[40,-95],[-12,-36]],[[7932,2432],[22,18]],[[7954,2450],[70,-18],[42,10],[-4,39],[-64,49]],[[7998,2530],[11,45],[-41,67]],[[7968,2642],[56,51],[-17,14],[30,40],[-51,25],[-45,-14],[-37,8],[-23,38],[-7,-34],[-25,26],[19,51],[26,23],[21,-14],[77,66],[45,-50],[64,8]],[[8101,2880],[8,-130],[21,-49],[45,-55],[30,-68],[79,-29]],[[7913,2583],[55,59]],[[7998,2530],[-45,47],[-40,6]],[[8118,3275],[38,-11],[53,-49],[24,3],[79,-48],[83,28],[60,-11],[42,-34],[5,-28],[29,29],[79,11],[17,33],[43,22],[51,-2],[41,-31],[55,-8],[21,90],[96,88],[62,-34],[-21,-38],[13,-28],[-24,-62],[32,12],[9,-56],[-28,-33],[15,-32],[49,-34],[13,-48],[-32,-7],[-6,-93],[-45,-35],[-51,-20],[-45,52],[-47,-13],[-58,7],[-13,-37],[-32,3],[-17,-29],[-42,-13],[-98,37],[-17,-31],[-101,-34],[-15,-84],[60,-92],[-13,-19],[37,-38],[-5,-18],[-55,-28],[-66,8],[-34,-19]],[[8101,2880],[12,44],[-2,66],[-34,45],[7,132],[34,108]],[[7968,2642],[-42,72],[-111,-49]],[[7815,2665],[-32,-14]],[[8113,3298],[5,-23]],[[7913,2583],[-19,55],[-79,27]],[[7184,2394],[19,43],[17,105],[-68,13],[-109,95],[-11,42],[-36,31]],[[6996,2723],[81,48],[53,59],[20,40],[-37,32],[26,24]],[[7139,2926],[91,53]],[[7230,2979],[48,-1]],[[7278,2978],[2,-27],[-71,-72],[28,-18],[-17,-90],[-28,-14],[-19,-73],[43,0],[2,-47],[28,-23],[25,40],[77,-15],[25,23],[-12,-54],[40,-16],[94,37]],[[7495,2629],[26,-62],[-26,0],[-34,-78],[-4,-37],[38,2],[75,-99],[-24,-50]],[[7337,2083],[-4,39],[-47,26],[-2,23],[-53,9],[21,25],[-2,54],[-19,-1],[12,86],[-59,50]],[[7448,3100],[19,-47],[-23,-49],[38,-59],[13,-48],[36,-50],[4,-81],[20,-41],[-2,-55],[-39,2],[26,-31],[-45,-12]],[[7278,2978],[19,10],[-24,31]],[[7273,3019],[64,12],[-2,64]],[[7335,3095],[30,22],[38,-64],[45,47]],[[7273,3019],[-42,-19],[-1,-21]],[[7139,2926],[-17,35],[60,64],[6,66],[49,-25],[-7,-20],[82,12],[12,28]],[[7324,3086],[11,9]],[[7448,3100],[13,18],[-9,53],[45,21],[11,28],[43,-28],[46,10]],[[7597,3202],[13,-77],[-25,-15],[12,-80],[30,-17],[-6,56],[19,22],[28,-11],[21,-44],[43,-2]],[[7998,2530],[-11,-44],[-33,-36]],[[7597,3202],[9,26],[-26,22],[53,132],[1,41],[34,-9],[59,27],[24,34],[15,89],[0,56],[26,13],[-26,56]],[[7766,3689],[49,38],[23,42]],[[7838,3769],[56,37],[38,6],[68,105],[56,-32]],[[8056,3885],[-24,-38],[-2,-94],[-51,-18],[-6,-32],[38,-32],[-13,-33],[19,-22],[-6,-64],[15,-88]],[[6996,2723],[-40,38],[-69,-6],[-87,8]],[[6742,3137],[34,32],[45,92],[45,48],[90,15],[38,-3],[30,22],[126,49],[14,31],[-12,37],[104,21]],[[7256,3481],[24,-34],[23,-73],[45,9],[-30,-94],[-32,11],[-6,-27],[-28,10],[-19,-33],[42,-41],[-6,-73],[21,-34],[34,-16]],[[7256,3481],[-8,39],[31,34],[50,-6],[19,30],[-34,84],[21,23],[58,14],[10,-28],[51,8],[20,44],[-45,13],[-9,56],[-66,12],[7,71]],[[7361,3875],[13,68],[72,6],[45,-8],[-7,-61],[54,-12],[15,-33],[29,-3],[20,-32]],[[7602,3800],[0,-47],[53,-40],[42,-11],[24,-31],[41,39],[4,-21]],[[7789,3868],[15,-50],[34,-49]],[[7602,3800],[12,-1],[3,72],[49,37],[42,-62],[28,17],[21,-30],[32,35]],[[6610,3277],[-25,36],[27,21],[22,-18],[27,50],[36,30],[11,36],[-15,44],[28,27],[58,95],[-13,91],[46,47]],[[6812,3736],[15,23],[52,17],[12,-47],[24,-23],[47,20],[0,-38],[30,-10],[45,92],[38,25],[75,-6],[14,94],[33,0],[23,-37],[13,54],[68,49],[28,-36],[-15,-41],[47,3]],[[6403,3702],[37,7],[12,27],[77,-46],[43,-9],[74,118]],[[6646,3799],[83,-7],[13,21],[70,-77]],[[6047,3089],[-23,6],[23,58],[-43,37],[35,19],[-17,71],[55,70]],[[6077,3350],[49,-12],[21,30],[45,0],[-4,72],[13,44],[55,6],[4,54],[77,16],[4,53],[22,46],[40,43]],[[6077,3350],[-11,60],[-53,22],[-41,-41],[-31,-52],[-56,-14],[-43,5],[-32,82],[0,51],[-55,-13]],[[5755,3450],[-26,106],[64,8],[37,97],[63,75],[13,45],[30,-8],[21,28],[52,-34],[21,61],[-19,67],[-36,22],[32,64]],[[6007,3981],[66,-37],[100,17],[47,-26],[47,-2]],[[6267,3933],[13,-30],[21,23],[28,-19],[-35,-48],[22,-31],[59,-23],[-10,-51],[38,-52]],[[5885,3012],[-40,7],[-41,35],[-11,38],[-55,-3],[-26,70],[13,19],[60,29]],[[5785,3207],[38,9],[36,48],[32,5],[28,42],[43,-27],[-41,-32],[-23,-134],[-26,-44],[13,-62]],[[5442,2815],[-30,6],[-20,-30],[-30,17],[1,56],[-30,39],[-122,27]],[[5211,2930],[21,46],[30,8],[24,80],[-62,5],[-26,-13],[-21,66],[17,27],[39,-1],[8,21],[-56,22],[-25,78],[21,-3],[52,37],[-13,25]],[[5220,3328],[32,-2],[-13,65],[21,16],[34,-34],[56,62],[25,-17],[9,-43],[34,-17],[70,16],[9,-50],[21,-15],[-13,-77],[45,-5],[-4,-60],[62,-5],[19,30],[47,22],[17,-13],[66,76],[28,-70]],[[5885,3012],[11,-32]],[[5896,2980],[-52,-54],[-55,-14],[-34,15]],[[5755,2927],[21,45],[-44,7],[-20,35],[-44,-55],[-50,50],[-59,-63],[-19,-50],[-22,5],[-49,-33],[-27,-53]],[[5755,3450],[-34,7],[-34,42],[-13,51],[-28,35],[-15,-13],[-49,13],[-25,-49],[23,-22],[-8,-41],[44,-50],[-27,-19],[-32,9],[6,53],[-68,38],[-32,-16],[-17,69],[-28,-30],[17,58],[-34,10],[-2,60],[-36,19],[64,45],[0,45],[-45,-12],[-22,-27],[-21,29]],[[5339,3754],[28,9],[13,49],[-17,66],[-26,-10],[15,49]],[[5352,3917],[47,-7],[49,38]],[[5448,3948],[89,44],[-12,52],[62,30]],[[5587,4074],[53,-52],[55,4],[51,-36],[-6,-48],[49,11],[-8,54],[61,-15],[115,23],[50,-34]],[[4670,2503],[-16,31],[-19,107]],[[4635,2641],[52,47],[-5,38],[30,55],[71,-27],[12,51],[39,-43]],[[4834,2762],[53,-62],[-4,-36],[25,-7],[20,-56],[57,7],[5,51],[34,13],[78,3],[28,22],[109,-25],[34,60],[32,-2],[8,-29],[1,-137]],[[5442,2815],[70,-54],[-21,-47],[-86,2],[-32,-23],[-13,-69],[-46,-60]],[[4834,2762],[-15,53],[21,82],[7,68],[78,14],[-14,59],[97,7],[-10,-66],[43,-23],[62,39],[19,-17],[-5,-40],[30,-33],[28,51],[36,-26]],[[4853,3277],[49,-32],[81,14],[-19,33],[62,15],[4,-32],[-34,-24],[23,-23],[62,1],[22,-36],[34,41],[-7,64],[15,19],[43,-37],[-17,53]],[[5171,3333],[49,-5]],[[4606,2770],[-24,117]],[[4582,2887],[-2,11],[113,111],[13,117],[40,56]],[[4746,3182],[58,47],[11,32],[38,16]],[[5339,3754],[-83,-23],[-24,-52],[56,-42],[-23,-80],[-52,-20],[28,-29],[-8,-26],[29,-34],[-13,-33],[-53,11],[-32,-90],[7,-3]],[[4853,3277],[42,128],[30,40],[24,103],[40,97],[47,49]],[[5036,3694],[49,-50],[37,24],[36,49],[-39,14],[43,45],[30,-3],[58,30],[2,24],[-45,64]],[[5207,3891],[49,24],[21,27]],[[5277,3942],[75,-25]],[[5294,3665],[0,0]],[[5339,3522],[0,0]],[[5448,3948],[-36,51],[-3,37],[64,-14],[-6,58],[41,60],[34,18]],[[5542,4158],[47,-23],[-2,-61]],[[6028,677],[-13,71],[-89,70],[-3,59]],[[5923,877],[9,33],[58,42],[42,124],[-11,29],[-51,36],[-93,27],[-60,-14],[-86,11]],[[5731,1240],[30,-8],[45,32],[7,42],[49,0],[29,32],[41,-1],[17,37],[87,71],[-36,56],[7,25],[96,7],[8,23],[-34,7],[23,46],[50,8]],[[6150,1617],[23,-56],[30,-24],[13,-50],[25,-16],[37,-113],[-33,-77],[-25,-19],[-41,-121],[11,-41],[-6,-63],[19,-3],[15,-89],[-37,-73],[37,-74],[-62,-33],[-39,-69],[-55,-33],[-34,14]],[[5555,1832],[8,64],[-43,55],[7,61],[-41,-16],[-21,32],[-21,-15],[-24,-65],[-36,18],[47,98],[28,-8],[6,57],[-64,71],[41,20],[-28,42]],[[5414,2246],[17,40],[28,-8],[27,49],[17,-40],[17,12],[7,-69],[45,30],[21,-22],[85,84],[2,48]],[[5680,2370],[28,9],[45,-32],[25,5]],[[5778,2352],[5,-68],[-15,-47],[21,-24],[13,-81],[-66,-14],[29,-14],[-14,-23],[23,-51],[-10,-83],[-43,-40],[15,-66],[-2,-93],[57,-25],[62,-58],[38,18],[128,18]],[[6019,1701],[100,-6],[18,15],[44,-56],[-31,-37]],[[6036,2359],[11,-23],[-17,-55],[49,-11],[-40,-59],[8,-38],[-49,-18],[11,-48],[-11,-38],[-36,-39],[72,-35],[41,12],[4,-42],[45,8],[0,-23],[-51,-59],[-30,-52],[-4,-78],[-30,-28],[10,-32]],[[5778,2352],[7,19],[64,-41],[34,58],[126,-9],[27,-20]],[[6100,2451],[24,-19],[23,26],[37,-35],[21,11],[96,-3],[8,-57],[-31,0],[8,-63],[-41,-11],[-23,-56],[-58,-7],[-23,19],[-62,135],[-9,44]],[[6070,2435],[30,16]],[[5680,2370],[7,38],[53,37],[19,52],[-34,-12],[-13,45],[-34,1],[0,73],[47,7],[-21,30],[13,36]],[[5717,2677],[42,18],[43,-16],[43,34],[23,-22],[-6,-51],[34,-10],[15,112],[40,-26],[7,51],[79,102],[33,-57],[28,-20],[13,-108]],[[6111,2684],[-25,-47],[4,-59],[32,-63],[4,-47],[-26,-17]],[[6070,2435],[-8,-58],[-26,-18]],[[5896,2980],[40,-2],[32,35],[30,-25],[2,41]],[[6508,2773],[-24,24],[-21,-35],[6,-58],[-47,-17],[0,-122],[-51,-2],[-36,-40],[-34,20],[-77,6],[-28,19],[-10,51],[-37,30],[-14,-17],[-24,52]],[[5717,2677],[2,63],[-24,37],[9,58],[23,21],[28,71]],[[7184,2394],[-64,-15],[-58,-38],[-23,-38],[-52,-18],[-36,48],[-55,-5],[-94,-37],[-260,59],[-9,-18],[-23,52],[25,84],[32,2],[0,32],[-51,56],[7,36],[47,-41],[-24,-29],[64,-14],[19,-49],[134,70],[7,40],[-60,-21],[-51,13],[-17,-25],[-57,28],[6,34],[28,9],[-28,58],[21,22],[30,-108],[30,89],[-21,61],[36,25]],[[5414,2246],[-13,-45],[-19,2],[-2,57],[-54,9]],[[5326,2269],[22,40],[-30,36],[-36,12],[-13,59],[15,99]],[[5738,378],[32,-62],[21,17],[64,-24],[34,-30],[56,16],[23,-41],[-30,-20],[58,-22],[-36,-25],[-52,9],[-70,-79],[-72,-18],[2,-28],[-41,-34],[-51,-4],[-38,28],[-49,9],[-35,-45],[-42,-25],[-47,45],[6,33],[-47,98]],[[5424,176],[-10,149],[23,25],[122,28],[62,-4]],[[5621,374],[8,-16],[60,19],[49,1]],[[5520,608],[22,-87],[74,-39],[45,-7],[-4,-35],[-36,-29],[0,-37]],[[5424,176],[-44,4],[-28,-55],[-64,36],[15,68],[-4,54],[-34,41],[-67,1],[-17,52],[-49,7],[-32,62]],[[5100,446],[5,58]],[[5105,504],[44,1]],[[5149,505],[75,23],[40,37],[56,0],[70,-35],[47,67],[83,11]],[[5520,608],[24,64],[59,5],[-31,21],[10,33],[49,-3],[9,47]],[[5640,775],[62,22],[36,-7],[87,26],[15,25],[39,0],[15,33],[29,3]],[[6028,677],[-55,-63],[-18,9],[-66,-59],[-44,-3],[-18,-45],[-29,-15],[0,-50],[-30,-27],[-4,-35],[-26,-11]],[[5149,505],[34,173],[32,26],[13,50],[54,16],[19,123],[-15,19],[36,106]],[[5322,1018],[73,-55],[12,-31],[66,-45],[28,17],[17,-96],[66,-55],[20,43],[36,-21]],[[5322,1018],[96,40],[90,59],[76,74]],[[4663,829],[2,46],[32,10],[66,-13],[-25,38],[36,-19],[43,70],[-26,54]],[[4791,1015],[68,-64],[45,5],[51,-49]],[[4955,907],[13,-103],[39,-51],[21,-75],[-17,-68],[32,-82],[62,-24]],[[5100,446],[-27,-56],[-50,-7],[1,22],[-77,133],[-51,-18],[-20,34],[-42,-57],[-28,52],[-58,-21],[-23,17],[13,65],[-7,88],[26,86],[-47,39],[-47,6]],[[4955,907],[-4,64],[28,20],[32,54],[55,-33],[17,22],[192,2],[47,-18]],[[4791,1015],[11,78],[-17,89],[27,15],[50,-63],[49,4],[17,-31],[10,61],[-17,25],[-21,-18],[-45,15],[-6,47]],[[4849,1237],[136,-11],[30,44]],[[5015,1270],[38,24],[96,-21],[43,16],[36,-13]],[[4663,829],[-58,-62],[-29,34],[10,86],[-29,12],[-39,67],[-57,43],[-28,-25],[-7,67]],[[4426,1051],[52,-4],[23,38],[43,15],[55,117],[34,8],[51,41],[88,-36],[30,27],[47,-20]],[[5015,1270],[-28,88],[24,-3],[21,48],[-13,41],[-29,-9],[-20,24],[-36,-19],[0,-47],[-30,-15],[-27,36],[12,25],[-10,113],[-41,20],[-13,38],[-27,1]],[[4798,1611],[17,56],[25,6],[7,39],[32,15],[4,66],[-26,119],[2,70]],[[4859,1982],[5,47]],[[4864,2029],[49,1],[44,-25],[24,-45]],[[4981,1960],[36,-80],[60,-1],[21,-39],[54,11],[10,25],[68,-9],[32,18]],[[4981,1960],[60,39],[4,75]],[[5045,2074],[-30,62],[17,92],[40,-1],[1,34],[29,10],[28,59],[70,3],[35,22],[17,-49],[15,28],[34,-58],[25,-7]],[[5045,2074],[-45,20],[-17,-19],[-34,14],[13,66],[-24,30],[21,16],[-29,31],[-39,5]],[[4891,2237],[-14,36],[-52,10]],[[4825,2283],[-15,11]],[[4810,2294],[-2,64],[26,41]],[[4891,2237],[-21,-63],[2,-44],[-19,-44],[11,-57]],[[4859,1982],[-21,3],[-2,104],[-43,-8],[-23,16],[-9,98],[52,53],[12,35]],[[4798,1611],[-62,-28],[-34,76]],[[4702,1659],[8,109],[34,29],[4,83],[-21,52],[-38,-14],[-24,22],[0,89],[-30,70],[9,44]],[[4644,2143],[13,38],[6,91],[49,27],[13,-29],[51,33],[34,-9]],[[4426,1051],[-12,57],[32,73],[38,25],[0,83],[-17,10],[9,86],[-50,52],[5,56]],[[4431,1493],[25,54],[86,-1],[44,14],[37,91],[15,12],[44,-18],[20,14]],[[4431,1493],[-43,-19],[-11,-73],[-40,-51],[-51,-23],[-51,48],[25,74],[-87,35],[-73,86],[11,51],[28,58],[25,25],[7,39],[47,2],[8,49],[21,-12],[24,42],[-24,15],[-47,-36],[-66,52],[-30,10],[24,36],[-13,105],[-49,-42],[-43,23]],[[4023,1987],[-4,16],[88,166],[2,35],[60,73],[4,42]],[[4173,2319],[40,-2],[28,-78],[-19,-52],[34,-23],[32,42],[55,-34],[24,12],[47,-44],[49,-17],[23,18],[58,-30],[38,45],[30,8],[32,-21]],[[4177,2375],[64,43],[34,8],[9,52],[102,116],[19,70],[-19,19],[17,49],[30,27],[43,80],[59,8],[47,40]],[[4173,2319],[4,56]],[[3253,2185],[-27,34],[17,74],[53,84],[32,18],[15,-28],[68,-8],[26,26]],[[3437,2385],[136,-8],[118,-32],[81,-46]],[[3772,2299],[-51,-84],[-56,-26],[-72,-95],[-30,-73],[51,11],[41,55],[72,27],[32,-4],[8,-62],[47,-10],[20,-62],[-20,-26],[13,-59],[56,0],[21,-16],[85,52]],[[3989,1927],[9,-27],[-32,-52],[17,-34],[-62,-47],[-62,53],[-59,-11],[-94,1],[-47,84],[-2,60],[-39,-6],[-81,24],[-51,49],[-49,-80],[8,-58],[-49,-3],[-34,76],[13,45],[-30,22],[-40,-11],[-32,74],[-73,-21],[-49,59],[28,28],[43,-21],[32,13],[-1,41]],[[4023,1987],[-34,-60]],[[3772,2299],[25,6],[-4,48],[21,41],[15,-29],[24,13],[-4,46],[57,-7],[36,85],[3,54],[-20,19],[15,30],[30,-17],[39,26]],[[4009,2614],[34,-56],[49,-42],[53,-26],[30,4],[21,-34],[-4,-66],[-15,-19]],[[3437,2385],[4,73],[-19,73],[24,14],[0,61]],[[3446,2606],[87,26],[70,105]],[[3603,2737],[17,35],[34,8],[24,85],[32,30],[15,50],[36,41],[0,47],[51,85],[68,-55],[60,-4]],[[3940,3059],[7,-37],[36,-1],[-4,-33],[-32,-8],[8,-62],[53,1],[3,-61],[25,-15],[30,20],[-11,51],[19,26],[71,-71],[23,-9],[-10,-53]],[[4158,2807],[-26,-38],[-68,-46],[-19,-58],[-36,-51]],[[3253,2185],[-29,-20],[-98,33],[-49,-32],[-47,36],[-34,-3],[-35,29],[0,61],[-38,13],[-66,-40],[0,-28],[-68,-42],[-9,48],[-51,21]],[[2729,2261],[-8,32],[29,51],[-23,6],[-11,35],[34,17],[51,79],[50,25],[-17,22],[17,62],[-20,43]],[[2831,2633],[49,-15],[105,-1],[75,29],[81,-3],[100,-84],[12,25],[-21,45],[24,28],[-20,30],[-10,64],[36,20],[24,-41],[15,24],[87,-7],[34,-32],[-28,-74],[52,-35]],[[1946,2218],[24,70],[60,70],[-9,66],[58,36],[29,41],[-27,57],[28,9],[10,51],[53,49],[24,-2],[98,55]],[[2294,2720],[38,-7],[3,-39],[31,16],[32,53],[50,16],[57,-66],[55,63],[11,52],[24,8],[42,-29],[9,33]],[[2646,2820],[34,-38],[41,28],[23,-8],[32,-59],[-6,-38],[49,-29],[12,-43]],[[2729,2261],[-23,-38],[-5,-63],[-53,25],[-2,61],[-28,5],[-79,-21],[-62,-28],[-51,51],[-91,12],[-56,-6],[-124,-73],[-27,45],[-34,-14],[-34,-51],[-114,52]],[[2646,2820],[6,63],[34,37],[13,83],[60,59],[-15,17],[53,32],[17,51],[-34,41],[92,135]],[[2872,3338],[55,-79],[11,-57],[-19,-25],[21,-55],[-26,-48],[-19,-89],[20,-15],[38,24],[43,-12],[64,-71],[29,27],[15,44],[39,10],[40,-43],[47,13],[49,35],[5,45],[36,13],[-22,44],[45,17],[41,-70],[-17,-41],[32,-58],[38,-43],[26,8]],[[3463,2912],[34,-33],[0,-29],[49,-23],[-7,-41],[30,-4],[34,-45]],[[2872,3338],[26,26]],[[2898,3364],[38,25],[36,-23],[17,-57],[64,14],[64,-40],[62,8],[41,-35],[25,12],[4,55],[28,27],[62,-25],[58,26],[57,73],[53,34]],[[3507,3458],[11,-58],[40,-41],[7,-57],[45,-11],[40,-139],[24,-6],[-20,-30],[15,-52],[-46,-11],[-43,-28],[-17,21],[-69,-36],[18,-35],[-49,-63]],[[3755,3841],[40,-39],[66,-33],[32,-56],[-10,-21],[49,-13],[-13,-26],[15,-39],[47,-21],[72,-64]],[[4053,3529],[19,-24],[3,-74],[34,-24],[10,-32],[-44,-31],[12,-11],[-21,-53],[-32,-33],[-25,5],[-7,-48],[-25,35],[-41,-16],[38,-32],[32,-69],[-4,-44],[-62,-19]],[[3507,3458],[-12,43],[42,59],[103,14],[51,-3],[-11,43],[-28,41],[39,27],[40,74],[-36,20],[36,75],[24,-10]],[[1946,2218],[-89,35],[-53,61],[-43,123],[-36,77],[-66,115],[-24,85],[-34,209],[-113,136]],[[1488,3059],[36,21],[-6,24],[51,42],[9,-39],[38,2],[0,36],[45,74],[76,31],[18,57],[31,10],[9,98],[-32,28],[51,48],[28,-4],[47,30],[49,69],[26,2]],[[1964,3588],[25,-34],[60,6],[87,-130],[-19,-78],[53,-64]],[[2170,3288],[0,-45],[-25,-55],[-52,21],[43,-87],[-19,-33],[-75,0],[9,-60],[-60,-108],[30,-20],[47,0],[160,-63],[36,-77],[30,-41]],[[2170,3288],[36,15],[11,33],[68,-4],[41,10],[21,82],[37,17],[23,35],[107,6],[46,43],[-21,48],[11,17],[51,-2]],[[2601,3588],[68,-75],[-6,-18],[43,-29],[6,-35],[38,6],[34,-24],[30,26],[84,-75]],[[3821,3927],[15,-29],[-15,-37],[-41,18],[-25,-38]],[[2601,3588],[45,28]],[[2646,3616],[40,-10],[43,39],[2,81],[-25,-5],[4,33],[38,6],[66,94],[20,17]],[[2834,3871],[25,-5],[62,-102],[-6,-35],[93,-58],[26,0],[34,-69],[26,-21],[59,27],[3,103],[38,35],[51,-18],[73,64],[4,58],[47,-6],[34,33],[2,42],[51,41],[11,45],[25,-29],[64,31],[28,51]],[[3584,4058],[38,-2],[35,-37],[38,-11],[92,-96],[34,15]],[[2834,3871],[8,41],[-40,5],[-32,40],[-30,11],[-2,81],[51,25],[27,34],[22,-34],[40,17],[34,-48],[26,24],[4,49],[37,-34],[12,30],[20,-21],[36,21],[30,-113],[44,34],[22,-3],[12,43],[15,-16],[71,117],[38,-9],[9,-25],[98,-3],[-19,49],[44,-24],[39,44],[-15,84],[-53,30],[42,42],[-45,12],[-42,79]],[[3337,4453],[19,67],[75,17],[68,-49],[51,23],[41,-73],[63,-59]],[[3654,4379],[-8,-17],[19,-73],[-21,-69],[17,-50],[-96,-50],[19,-62]],[[2953,4607],[28,-44],[64,-14],[8,-38],[47,-34],[17,-35],[60,-47],[81,65],[38,-26],[41,19]],[[2646,3616],[2,35],[-107,35],[26,52],[0,49],[-51,39],[-32,2],[-49,38],[-60,3],[8,29],[58,39],[-10,54],[-41,-45],[-47,10],[-36,46],[-73,5],[-23,48],[19,62],[56,38],[-1,76]],[[2285,4231],[37,32],[49,82],[51,49],[75,117],[81,18],[17,73]],[[1964,3588],[6,72],[-39,36],[13,43],[32,-3],[5,55],[27,33],[-15,48],[-72,-2],[-32,66],[-41,40],[-38,-8],[6,54],[-38,50],[6,44],[69,71],[44,4],[39,-24],[124,-47],[21,0],[30,39],[87,42],[87,30]],[[746,4336],[79,-9],[23,-36],[34,55],[56,-17],[77,3],[44,67],[26,-31],[72,-4],[81,38],[107,-5],[64,16],[-6,-56],[36,-38],[25,2],[128,-25],[75,-101],[21,-49],[7,38],[-26,42],[62,51],[30,0],[30,37],[-13,50],[-32,34],[-2,32],[-70,-2],[6,36],[75,48],[57,18],[9,41],[55,-27],[17,8],[56,109],[-1,36],[37,45],[81,26],[38,-65],[11,20],[79,55],[32,36]],[[1488,3059],[-41,50],[-17,65],[-81,95],[17,180],[-14,9],[6,194],[-17,51],[-56,14],[-96,-43],[-153,-15],[-130,51],[-47,94],[-75,76],[-79,150],[-15,215],[56,91]],[[746,4336],[42,109],[-8,99],[21,84],[-6,90],[6,84],[-12,96],[-64,53],[-79,20],[-86,-16],[-108,-7],[-86,26],[-108,99],[-47,23],[-180,114],[-31,82],[17,84],[21,182],[87,236],[73,69],[59,72],[67,53],[123,119],[79,127],[96,84],[58,140],[68,197],[102,129],[98,69],[73,89],[138,35],[58,-8],[49,-25],[94,-114],[9,-125],[85,-134],[62,-23],[102,-13],[147,75],[160,72],[113,39],[79,16]],[[4077,4646],[-30,-125]],[[4047,4521],[-21,-58],[17,-20],[-7,-41]],[[4036,4402],[-68,30],[-9,62],[28,66],[-10,42],[48,-16],[22,66],[30,-6]],[[4104,4454],[-15,-55],[-53,3]],[[4047,4521],[17,-51],[40,-16]],[[4077,4646],[36,-1],[0,-51],[26,-23],[-15,-35],[4,-68],[-24,-14]],[[4162,4777],[24,62],[-28,58],[0,42],[68,134],[56,32],[-9,52],[15,39],[53,52],[-4,89]],[[4337,5337],[43,-15],[127,43],[22,-20],[38,21],[45,-40],[64,7],[49,-33],[2,-47],[26,2],[25,-73],[-30,-63],[26,-45],[-15,-43],[19,-1]],[[4778,5030],[28,-61],[-8,-21],[31,-68],[39,2],[43,-50]],[[4232,4539],[-8,51],[-36,46],[2,31],[-30,-18],[-45,12],[26,61],[27,5],[-6,50]],[[4143,5442],[45,-23],[15,10],[23,-71],[58,-26],[53,5]],[[4162,4777],[-45,25],[-76,-59],[-144,21],[-66,-15],[-63,-78],[-28,8]],[[3740,4679],[-36,124],[14,40],[-27,46],[-62,23],[4,74],[-55,129],[10,106],[-42,47],[-75,10]],[[3471,5278],[13,68],[36,42],[88,4],[29,-13],[13,-51],[54,-1],[14,-66],[20,-38],[-3,-45],[65,-49],[25,-43],[43,32],[-9,27],[15,70],[24,15],[55,74],[43,-20],[59,41],[-12,42],[38,21],[32,-3],[30,57]],[[2968,4990],[47,8],[15,-31],[59,-26],[3,-60],[63,10],[13,29],[22,-19],[49,5],[49,41],[4,41],[-19,18],[28,22],[-43,60],[17,35],[40,16],[9,92],[106,8],[41,39]],[[3740,4679],[-15,-61],[23,-31],[-36,-17],[-19,-49],[23,-20],[-17,-31],[-27,2],[-18,-93]],[[2989,5360],[47,-10],[34,-35],[28,38],[47,10],[32,28],[62,-29],[34,39],[28,-8],[36,32],[44,-5],[73,33],[6,70],[75,60],[2,116],[-17,48],[30,102],[36,48],[47,26],[-6,40],[115,47],[11,-47],[89,-73],[-51,-36],[-2,-114],[8,-41],[45,-66],[66,48],[34,41],[-19,52],[7,73],[42,-45],[26,29],[59,-16],[33,63],[68,-26]],[[4158,5852],[30,-61],[10,-66],[-17,-34],[45,-90],[-38,-43],[-7,-47],[-42,-36],[4,-33]],[[4194,5936],[-11,-60],[-25,-24]],[[3194,6290],[-6,-51],[-32,-8],[-3,-54],[20,-16],[70,80],[38,-34],[7,52],[79,48],[15,34],[59,-2],[66,49],[51,-16],[64,-104],[39,100],[26,-22],[12,-49],[43,-42],[8,55],[71,24],[13,-65],[-24,-34],[5,-60],[59,16],[-28,-46],[43,8],[8,-50],[43,47],[9,-62],[45,-28],[63,38],[77,-5]],[[4134,6093],[39,-23],[8,-99],[13,-35]],[[4439,4035],[41,1],[45,-39],[17,-44],[-13,-34],[25,-9]],[[4554,3910],[-14,-55],[27,-2],[36,-34],[11,-93],[-13,-40],[-36,-40],[-15,-88],[0,-84],[-34,-31],[-28,8],[-59,-35],[-15,-33],[6,-49],[-30,0],[2,-58],[-25,-17],[-64,3],[2,-70]],[[4305,3192],[6,-66],[-27,7],[0,-47],[-30,2],[-34,-45],[-2,-75],[-31,-30],[7,-131],[-36,0]],[[4053,3529],[5,59],[-18,60],[39,5],[85,105],[11,62],[23,45],[34,-57],[26,49],[34,12],[100,-25],[24,-63],[23,-8],[41,66],[-9,46],[-85,10],[4,42],[45,14],[4,84]],[[4305,3192],[26,-38],[85,23],[34,57],[0,35],[58,15],[14,52],[28,-39],[-2,-70],[87,-24],[28,13],[83,-34]],[[4554,3910],[45,46],[22,-3],[32,-51],[46,-6],[7,-63],[42,19],[35,-8],[40,27],[9,42],[59,5],[-8,33],[51,-15],[-2,-69],[66,-38],[60,15]],[[5058,3844],[8,-33],[-28,-42],[-2,-75]],[[3821,3927],[8,40],[132,16],[18,47],[30,25],[36,-3],[21,23],[-2,65],[49,10],[45,32],[62,-15],[-9,31],[17,43],[38,-16],[16,16]],[[4373,4130],[56,-36],[10,-59]],[[4925,4266],[56,34],[58,-20],[74,40],[79,-50],[19,71],[34,-10],[7,-75],[-39,-36],[-2,-34],[-28,-23],[24,-89],[-13,-18],[-57,61],[-30,-16],[-28,23],[-11,-39],[22,4],[57,-54],[47,-27],[7,-47],[-34,-37]],[[5167,3924],[-16,17],[-63,-32],[-9,-51],[-21,-14]],[[5570,4411],[-20,-18]],[[5550,4393],[-17,10],[-76,-58],[34,-29],[-96,-130],[-43,-18],[-11,48],[-23,-24],[23,-50],[-47,-66],[26,-8],[6,-40],[-49,-86]],[[5207,3891],[-40,33]],[[5002,4728],[96,-14],[81,4],[13,-19],[32,19],[38,-9],[-4,41],[26,15],[42,-63],[88,70],[61,-17]],[[5475,4755],[3,-77],[13,-16],[0,-71],[-58,-63],[21,-36],[43,-13],[62,57],[42,-35],[-32,-28],[1,-62]],[[6143,5963],[21,28],[56,22],[70,1],[43,44],[66,8]],[[6399,6066],[13,-55],[59,-39],[-10,-49],[-26,5],[-74,-91],[61,-11],[-8,-38],[70,-33],[24,-44],[115,1],[17,42]],[[6640,5754],[32,-28],[-4,-30],[25,-8],[7,-34],[-35,10],[-134,-17],[2,-39],[43,-29],[-19,-25],[-45,-13],[0,-48],[-49,-6],[6,-51],[-173,16],[1,-69],[-43,-7]],[[6254,5376],[8,71],[-32,29],[-89,17]],[[6141,5493],[2,59],[15,16],[9,-51],[25,19],[15,51],[56,-19],[-3,74],[-27,42],[-11,-22],[-41,51],[-104,-12],[28,89],[-28,82]],[[6077,5872],[47,47],[19,44]],[[6141,5493],[-28,0],[-28,-75],[3,-31],[-30,-66],[-34,-4],[6,-82],[-34,-29],[-58,2],[-38,-85],[66,-12],[-2,-38],[-32,-51],[-21,-63],[-33,-4],[-31,-35],[-20,22],[20,25],[-28,40],[-64,-97]],[[5755,4910],[-41,19],[11,80],[30,16],[-11,134],[-19,37],[-28,-25],[-2,34],[-30,-21],[-14,37],[-56,53],[26,38]],[[5621,5312],[47,41],[98,29],[25,-16],[41,17],[66,68],[-28,50],[26,45],[34,-13],[17,26],[45,15],[6,35],[53,33],[-25,25],[17,54],[-56,42],[-6,45]],[[5981,5808],[23,46],[73,18]],[[5548,5624],[43,16],[-3,47],[28,37],[22,-18],[29,23],[28,-14],[209,138],[0,37],[51,-11],[-12,-32],[38,-39]],[[5621,5312],[-34,15],[21,24],[-30,36],[-4,39],[-28,74],[21,16],[-19,108]],[[5186,5474],[23,-17],[47,12],[51,64],[-6,35],[45,0],[63,39],[41,39],[45,-29],[40,37]],[[5535,5654],[13,-30]],[[5755,4910],[-83,-101],[-24,21],[-51,-25]],[[5597,4805],[-27,5],[-43,-63],[-24,20]],[[5503,4767],[-32,40],[7,26],[-36,33],[36,35],[-13,72],[55,6],[9,19],[-39,23],[-80,1],[1,98],[-10,17],[-64,3],[-32,95],[-34,50],[-49,18],[-32,-37],[-56,14],[-29,56],[-58,-25]],[[5047,5311],[-4,43],[-22,31],[43,63],[94,-3],[28,29]],[[4778,5030],[66,26],[113,-17],[39,19],[4,84],[24,38],[-18,34],[28,39],[13,58]],[[5503,4767],[-28,-12]],[[4194,5936],[51,-24],[6,38],[33,29],[25,-16],[-2,-41],[24,-41],[78,-96],[24,34],[-17,13],[19,56],[79,64]],[[4514,5952],[45,-30],[17,-75],[38,-35],[-77,-5],[13,-42],[49,0],[34,-122],[-62,-16],[15,-68],[88,-42],[55,51],[0,54],[34,81],[26,-50],[24,-8],[18,-58],[24,-26],[2,-36],[34,-39],[73,28],[17,33],[40,4],[34,-24],[18,41]],[[5073,5568],[19,-16],[64,2],[30,-80]],[[4514,5952],[68,39],[-11,38],[35,21],[-24,27],[2,55],[43,86],[49,-16],[36,47],[-15,29],[41,37],[30,-9],[27,-47],[41,16]],[[4836,6275],[26,-57],[31,-29],[13,-46],[-59,-9],[-56,-34],[-2,-55],[23,-20],[28,26],[45,-57],[30,-18],[13,-90],[25,-23],[85,10],[47,-22],[-49,-77],[-28,-24],[15,-95],[50,-87]],[[5390,6173],[37,8],[27,-60],[-68,-41],[17,-48],[-17,-46],[60,-9],[62,-64]],[[5508,5913],[23,-65],[-30,-48],[21,-67],[32,-41],[-19,-38]],[[4836,6275],[15,9],[42,-47],[37,12],[47,47]],[[4977,6296],[57,-78],[56,23],[70,0],[21,30],[43,-41],[17,-38],[62,-28],[21,-72],[56,19],[10,62]],[[5508,5913],[15,41],[51,4],[-37,43],[-2,57],[73,16],[15,37],[-28,15],[-17,43],[58,29],[31,39],[41,6],[36,-28],[26,22],[57,-22],[7,-50],[40,-42],[41,-5],[9,-44],[25,28],[51,-14],[43,27],[19,-54],[0,-52],[66,-13]],[[6128,5996],[15,-33]],[[5390,6173],[-21,14],[13,37],[36,29],[21,53],[0,54],[98,111],[64,27],[9,-16],[92,0],[6,-26],[32,13],[40,-12],[52,56],[23,-10],[-23,-30],[25,-40],[60,28]],[[5917,6461],[34,-39],[-6,-65],[25,20],[39,-55],[-51,-42],[15,-63],[44,-1]],[[6017,6216],[34,-14],[5,-44],[62,1],[17,-55],[-32,-45],[34,-9],[-9,-54]],[[6267,3933],[-32,84],[36,34],[-4,32],[-51,15],[-20,58],[-47,33],[-38,75],[-83,21],[2,47],[-17,63]],[[6013,4395],[62,-8],[23,73],[58,0]],[[6156,4460],[64,-40],[66,-21],[28,-39],[36,-6],[45,39],[49,-29],[19,22]],[[6463,4386],[34,-27],[0,-76],[36,-3],[30,-40],[30,71],[38,25],[39,-23],[-36,-71],[0,-25],[32,-19],[21,-41]],[[6687,4157],[-32,-30],[-22,-79],[-65,-6],[-1,-58],[15,-60],[56,1],[49,-34],[-41,-92]],[[5542,4158],[2,74],[23,53],[26,-29],[6,90],[-42,16],[-7,31]],[[5570,4411],[55,25],[27,33],[15,-65],[80,-2],[72,58],[32,-58],[36,1],[0,-51],[66,-1],[34,50],[26,-6]],[[5597,4805],[58,-36],[87,13],[0,-79],[-32,-10],[-9,-31],[50,-41],[8,-35],[54,-31],[23,17],[87,-34],[60,79],[8,48],[-29,28],[2,48],[30,35],[68,24]],[[6062,4800],[49,-50],[30,2],[36,-44],[30,10],[11,-40],[-34,-80],[27,-19],[15,31],[41,-10],[-22,-49],[-19,-81],[-38,30],[-32,-40]],[[5842,4712],[37,62],[44,-16]],[[5923,4758],[-27,-48],[27,-51],[-53,-60],[-51,1],[2,77],[21,35]],[[5842,4712],[-4,63],[-30,22],[51,63],[34,-27],[30,-75]],[[6474,4776],[-3,-66],[-42,-25],[17,-43],[-21,-15],[15,-52],[-30,-46],[6,-48],[30,-11],[17,-84]],[[6062,4800],[13,47],[-20,53],[9,43],[36,51],[-42,20],[-26,-26],[-36,24],[8,69],[45,22],[17,-40],[37,23],[-30,30],[42,14],[41,54],[36,103]],[[6192,5287],[28,-117],[40,26],[30,-24],[-10,-20],[-62,3],[23,-16],[11,-67],[45,18],[8,-29],[53,-21],[15,-90],[-21,-43],[70,-11],[-8,-33],[41,-33],[-9,-38],[28,-16]],[[6687,4157],[42,-3],[45,-45]],[[6774,4109],[64,-107],[39,-26],[53,8],[26,57],[-30,83],[29,23],[109,-15],[7,-35],[34,10],[-2,-40],[70,11],[-6,-17],[66,-23],[12,55],[35,33],[30,1],[36,-34],[13,34],[-37,56],[5,39],[53,15],[13,48],[21,10]],[[7414,4295],[42,-7],[41,33],[38,-54],[-4,-54],[22,0],[-52,-87],[56,1],[32,-41],[57,61],[62,15],[7,-74],[-9,-74],[-34,-4],[4,-68],[60,-55],[17,16],[36,-35]],[[6774,4109],[17,26],[77,47],[39,44],[-7,33],[64,51],[-8,35],[-41,40],[43,61],[61,-23]],[[7019,4423],[13,-42],[41,-9],[23,-52],[17,35],[81,24],[30,34],[45,13],[32,-31],[34,23],[7,47],[-30,2],[-7,30],[39,32],[49,-50],[10,40],[37,-16],[0,-49],[-60,-23],[4,-57],[32,-18]],[[7416,4356],[-2,-61]],[[7625,4815],[-43,-49],[18,-16],[-30,-132],[15,-66],[-32,-34],[-9,-45]],[[7544,4473],[-88,13],[1,-41],[-45,-3],[-13,-37],[24,-3],[-7,-46]],[[7019,4423],[20,20],[8,51],[-28,14],[-27,53],[4,34],[26,13],[-18,43],[28,26],[-10,79]],[[7022,4756],[2,26]],[[7024,4782],[68,-27],[21,29],[47,2],[-13,64],[28,18],[-13,25],[71,-45],[55,12],[56,-19],[34,-32],[13,28],[40,-14],[28,34],[43,-13],[42,38],[58,-26]],[[7602,4856],[23,-41]],[[6474,4776],[42,75],[56,22],[36,47],[49,-8],[26,-79],[23,-22],[73,-6],[17,17],[61,-21],[24,-21],[30,33],[27,-20],[-4,-36],[51,-10],[37,9]],[[7544,4473],[43,-28],[17,-49],[68,-2],[66,11]],[[7738,4405],[-10,-49],[34,-109],[30,-40],[64,-19],[-26,-28],[19,-52],[-9,-86],[-17,-36],[32,-24],[15,30],[41,-6],[81,65],[45,83],[-26,49],[55,72],[13,75],[45,14]],[[8390,4186],[-1,-37],[-39,-82],[-53,-16],[-4,-36],[-39,-23],[-87,11],[-17,-46],[-39,1],[-55,-73]],[[7738,4405],[34,12],[-26,37],[20,66],[57,-10],[45,51],[-43,16],[43,15],[17,65],[32,-11],[54,-55],[-11,-41],[28,-14],[38,-56],[51,-40],[28,51],[-11,18],[26,37]],[[8120,4546],[23,-32]],[[7625,4815],[56,-32],[25,-31],[83,20],[22,-62],[70,-40],[13,46],[32,39],[43,79],[-22,64],[-53,-8],[-11,19],[22,72],[40,75]],[[7945,5056],[23,5]],[[8256,4882],[-40,-32],[17,-29],[-28,-61],[-62,-8],[-42,-21],[0,-33],[-28,-42],[-9,-79],[56,-31]],[[8472,4909],[-5,-25]],[[8465,4841],[5,-53]],[[7602,4856],[-7,74],[34,95],[-12,39]],[[7617,5064],[0,128]],[[7617,5192],[49,0],[21,20],[38,-16],[43,26],[21,-32],[83,-31],[37,-70],[49,17]],[[7958,5106],[-13,-50]],[[7746,5655],[5,-31],[85,-2]],[[7836,5622],[53,-17],[37,-38],[0,-64]],[[7926,5503],[-5,-39],[-68,-38],[-32,-40],[13,-44],[-15,-63],[60,-67],[4,-32],[41,-41],[32,39],[27,-21]],[[7983,5157],[-25,-51]],[[7617,5192],[21,63],[64,60],[6,63],[-23,31]],[[7685,5409],[19,67],[15,144]],[[7719,5620],[27,35]],[[8329,5475],[-7,-33],[-36,-43],[7,-33],[-90,-58],[-79,-85],[-75,-14],[-14,9],[-52,-61]],[[7926,5503],[40,-20],[100,-23],[86,-7],[87,20],[15,32]],[[8254,5505],[75,-30]],[[8516,5742],[-2,-26],[37,-27],[-24,-47],[40,-66],[-27,-4],[26,-33],[21,-81],[-11,-19],[49,-22],[22,-75]],[[8647,5342],[-79,-62],[-22,-4]],[[8546,5276],[-49,93],[-61,66],[-84,49],[-23,-9]],[[8254,5505],[-15,14],[-8,63],[17,108]],[[8248,5690],[70,9],[51,-54],[7,60],[-13,61],[23,14],[-10,43],[34,39]],[[8410,5862],[34,-11],[13,-63],[-15,-23],[30,-31],[44,8]],[[7836,5622],[38,27],[9,64],[28,9],[12,-57],[24,-19],[24,41],[80,29],[7,65],[66,5]],[[8124,5786],[38,-16],[-27,-37],[15,-63],[40,23],[58,-3]],[[8470,4788],[29,-47],[-8,-38],[-4,-113],[29,-39],[81,51],[20,-25],[40,1],[4,90],[32,17],[15,58],[28,15],[0,68],[28,1],[60,37]],[[8824,4864],[10,-67],[26,-57],[55,15],[41,-36],[30,-67]],[[8986,4652],[-54,-34],[-11,-44],[-46,-54],[-83,-57],[-33,13],[-59,-20],[-32,-60],[-45,-3],[-47,-37],[-11,-29],[-76,-50],[-47,-13]],[[8956,5136],[25,-72],[-27,-24],[53,-17],[-41,-52],[-55,-26],[-92,-63],[5,-18]],[[8489,5085],[106,93],[0,-41],[32,6],[24,37],[32,-12],[0,94],[43,-12],[44,-44],[22,27]],[[8792,5233],[61,52],[39,-55],[51,38],[23,-15],[-23,-43],[15,-14],[-2,-60]],[[8444,5093],[11,69],[49,35],[-2,51],[-28,21],[-30,-24],[-21,27],[30,38],[27,-19],[9,44],[21,-44],[36,-15]],[[8647,5342],[29,19],[62,-70],[11,12]],[[8749,5303],[47,-31],[-4,-39]],[[9576,5377],[9,42],[51,-27],[81,11],[21,-59],[11,70],[51,-20],[30,37],[-6,30],[36,11],[105,-33],[33,-3],[-40,-68],[-40,1],[21,-67],[-47,-6],[9,-57],[-64,15],[-26,-17],[19,-57],[-26,-16],[-4,-76],[-106,26]],[[9694,5114],[-15,120],[-45,-13],[-6,-25],[-41,35],[-23,-3],[-22,31],[34,118]],[[9555,5400],[21,-23]],[[9694,5114],[-60,-56],[-41,6],[-27,-65],[-41,-7],[-28,-29]],[[9497,4963],[-42,26],[-34,46],[-7,71],[28,51],[2,86],[24,41],[-13,32],[49,32],[-11,31],[62,21]],[[9324,5338],[13,23],[43,5],[-6,29],[47,49],[40,-21],[37,5],[57,-28]],[[9497,4963],[-6,-56],[-83,-16],[-13,-39],[-36,-19],[-28,11],[-49,-36],[-32,-40],[-53,-19]],[[9197,4749],[15,86],[17,25],[-5,70],[69,-16],[34,12],[4,54],[-77,40],[-17,45],[-17,-30],[-42,9],[-37,53],[24,29],[66,19],[59,77],[41,20],[6,35],[-13,61]],[[8956,5136],[40,-7],[81,48]],[[9077,5177],[36,10],[18,28],[-17,20],[19,84],[25,-36],[50,3],[116,52]],[[9197,4749],[-34,-37],[-107,-10],[6,-59],[-76,9]],[[8749,5303],[47,0],[19,63],[-11,38],[41,47],[-26,23],[9,59],[40,1],[9,-44],[30,18],[23,56]],[[8930,5564],[58,-6],[30,-28],[108,34],[26,21],[51,-3]],[[9203,5582],[15,8],[94,-26],[15,36],[38,-68],[20,0],[6,43],[32,-11],[-21,-48],[-24,3],[-66,-24],[-87,-60],[-69,-21],[-72,-37],[-37,-32],[-6,-33],[24,-34],[-11,-68],[40,-1],[-17,-32]],[[8516,5742],[9,48],[34,-33],[100,6]],[[8659,5763],[49,-4],[-2,-22],[45,-8],[60,-34],[32,-5],[-4,-36],[33,-17],[1,-28],[57,-45]],[[8659,5763],[-4,45],[-47,35],[53,43],[34,6],[30,86],[15,0]],[[8740,5978],[-14,-36],[42,-20],[62,0],[4,-69],[38,-18],[1,-30],[53,-11],[11,37],[68,7],[19,60],[26,31],[51,-3],[32,-20]],[[9133,5906],[-13,-20],[-55,-24],[-41,-50],[21,-40],[66,16],[141,-21]],[[9252,5767],[-8,-54],[-113,-48],[32,-41],[44,16],[-4,-58]],[[9133,5906],[17,41],[-36,11],[-9,30],[66,5],[7,-32],[38,28]],[[9216,5989],[47,16],[-28,-52],[60,-87],[-4,-30],[36,-31],[-19,-27],[-56,-11]],[[8775,6036],[44,24],[2,72],[52,-8],[21,26],[38,-5],[-32,72],[39,68]],[[8939,6285],[51,-27],[23,-58],[37,-22],[-15,-51],[19,-36],[62,-20],[100,-82]],[[8740,5978],[37,11],[-2,47]],[[8775,6036],[-43,-14],[-51,16],[-45,46],[-30,-17],[-41,23],[-25,47],[-28,-13],[-47,57],[-25,-6]],[[8440,6175],[28,50],[-50,25],[20,34],[78,-95],[43,-22],[34,19],[30,-24],[-8,42],[-39,35],[49,39],[-6,20],[-64,33],[23,-40],[-23,-9],[-62,34],[-13,80],[54,2],[0,30]],[[8534,6428],[32,-28],[53,-2],[59,-52],[56,-23],[28,-30],[19,50],[87,-2],[47,48]],[[8915,6389],[45,-26],[-23,-31],[2,-47]],[[8534,6428],[-7,23]],[[8527,6451],[28,120],[42,9],[22,-30],[30,14],[-9,30],[-57,29],[21,57],[30,-10],[70,-51],[24,13],[4,41],[43,-24],[6,33],[45,-51],[32,44],[47,-39],[8,-72],[-8,-34],[36,-7],[8,-76],[-34,-58]],[[8410,5862],[4,176],[21,6],[13,61],[-12,38]],[[8436,6143],[4,32]],[[8105,5964],[15,45],[30,-5],[49,50],[23,-19],[56,44],[12,45],[-17,21]],[[8273,6145],[19,19],[88,-66],[41,13],[15,32]],[[8124,5786],[-4,102],[-20,7],[20,39],[-15,30]],[[8273,6145],[-25,4],[8,45],[-38,8],[28,38],[-60,12],[15,45],[-17,74],[27,29],[43,-9],[17,54],[20,5],[-3,45]],[[8288,6495],[58,103],[92,14]],[[8438,6612],[-11,-66],[36,-33],[-25,-31],[16,-33],[33,27],[40,-25]],[[8035,6365],[98,26],[21,-93],[23,-26],[-42,11],[-47,31],[-2,40],[-35,-35],[-16,46]],[[7746,5655],[5,61],[-17,77],[-85,-92],[-22,20],[0,73],[-30,4],[7,29],[-45,35],[21,64]],[[7580,5926],[19,47],[18,-1],[61,124],[0,82],[20,54]],[[7698,6232],[17,-8],[8,-82],[62,77],[-2,-49],[19,-3],[21,41],[3,-44],[36,-30]],[[7862,6134],[-54,-19],[28,-36],[43,-18],[11,-83],[44,-18],[56,37],[87,1],[28,-34]],[[7745,6656],[29,15],[13,50],[28,0]],[[7815,6721],[23,-36],[39,18],[2,-38],[36,5],[24,41],[34,-8],[-11,-69],[36,-39],[0,-45]],[[7998,6550],[-4,-67],[-21,-38],[-24,30],[-27,-78],[12,-51],[-38,-48],[-13,-137],[-21,-27]],[[7698,6232],[-9,39],[-28,17],[-12,120]],[[7649,6408],[47,5],[-3,62],[17,40],[-15,87],[50,54]],[[7676,6706],[-38,50],[11,31],[-34,16],[12,89],[-30,27],[45,59],[-19,35],[64,-5],[21,20],[43,-29],[2,-27],[53,0],[20,61],[-67,39],[41,8],[26,29],[-88,56],[30,23],[55,-25],[7,-32],[77,3],[44,15],[37,-69],[-47,4],[-9,-24]],[[7932,7060],[-51,-19],[-26,-85],[-40,-3],[-21,-22],[21,-56],[28,-1],[-17,-42],[46,-8],[-12,-30],[8,-64],[-32,12],[-21,-21]],[[7745,6656],[-54,70],[-15,-20]],[[7932,7060],[56,-39],[-45,-4],[4,-25],[88,-7],[0,-97],[68,56],[43,1]],[[8146,6945],[-3,-51],[-45,13],[-10,-38],[30,0],[-5,-40],[-29,-26],[0,-86],[34,-46],[-13,-80]],[[8105,6591],[-79,-77],[-28,36]],[[8254,7110],[38,-8],[35,-42],[4,-50],[-28,-12],[-45,-107],[13,-36],[-36,-36],[2,-50],[34,19],[62,-5],[-19,-94],[28,-14],[23,33],[7,-43],[74,15]],[[8446,6680],[-8,-68]],[[8288,6495],[-21,42],[-53,11],[-43,-32]],[[8135,6486],[-24,33],[32,35],[-38,37]],[[8146,6945],[29,17],[-13,30],[0,75],[35,0],[32,50],[25,-7]],[[8254,7110],[66,41],[0,52],[17,30],[66,13],[41,-27],[-19,-14],[43,-47],[46,-25],[-17,-101],[-30,-105],[9,-227],[-30,-20]],[[7024,4782],[-28,27],[-4,37],[13,90],[-22,27],[15,102],[-45,8],[-23,32],[21,26],[-2,56]],[[6949,5187],[156,-60],[40,10],[0,-24],[62,-40],[47,36],[6,26],[37,14],[-2,54],[55,5]],[[7350,5208],[38,6],[-8,-49],[49,-18],[115,-73],[73,-10]],[[7350,5208],[0,64],[-17,62],[28,29],[-79,14]],[[7282,5377],[19,25],[-73,24],[-2,40]],[[7226,5466],[45,3],[-28,33]],[[7243,5502],[47,8],[32,-17]],[[7322,5493],[71,-12],[23,-30],[49,-8],[54,-37],[61,4],[-10,-19],[44,2]],[[7614,5393],[22,-11],[49,27]],[[7614,5393],[32,98],[5,64],[68,65]],[[7022,5362],[8,-22],[70,-44],[7,-46],[43,-41],[36,46],[-30,31],[4,26]],[[7160,5312],[37,18],[8,46]],[[7205,5376],[41,14],[36,-13]],[[6949,5187],[-53,-20],[-51,52],[19,59],[-11,49],[21,27],[90,0]],[[6964,5354],[58,8]],[[7022,5362],[91,9]],[[7113,5371],[22,2]],[[7135,5373],[19,-3],[6,-58]],[[7135,5373],[44,51]],[[7179,5424],[18,-1]],[[7197,5423],[8,-47]],[[7197,5423],[23,13]],[[7220,5436],[6,30]],[[7179,5424],[-10,35]],[[7169,5459],[51,-23]],[[7113,5371],[15,55],[-23,7]],[[7105,5433],[45,1],[10,44]],[[7160,5478],[9,-19]],[[7105,5433],[-17,-4],[4,52],[21,22],[-25,43],[23,3]],[[7111,5549],[24,17],[46,-30]],[[7181,5536],[-21,-58]],[[7181,5536],[62,-34]],[[7322,5493],[26,40],[-23,13],[-11,46],[21,22],[41,-18],[15,42],[-13,52],[53,49],[4,32],[-23,24],[8,61],[24,46],[-28,43]],[[7416,5945],[90,0]],[[7506,5945],[34,-27],[40,8]],[[7111,5549],[-25,30],[-148,-21],[-44,21],[-28,137]],[[6866,5716],[9,28]],[[6875,5744],[81,3],[2,55],[44,-16],[81,0],[30,-47],[105,13],[57,53],[0,63],[22,31],[-13,51]],[[7284,5950],[132,-5]],[[6964,5354],[-23,42],[-34,25],[-84,13],[-30,-24],[-55,7],[-32,-58]],[[6706,5359],[-15,35],[-25,-9],[-1,130],[16,41],[64,74],[16,33],[43,-10],[-28,46],[30,66],[-32,16],[47,12],[15,-61],[30,-16]],[[6192,5287],[41,31]],[[6233,5318],[36,-14],[45,-61],[27,37],[66,3],[30,-23],[34,-89],[56,0],[11,17],[47,-4],[29,66],[41,-32],[-11,65],[11,36],[72,0],[-21,40]],[[6640,5754],[13,77],[72,23],[4,73],[50,24]],[[6779,5951],[53,-6]],[[6832,5945],[0,-64],[26,-13],[-9,-52],[26,-72]],[[6233,5318],[21,58]],[[6832,5945],[51,68],[47,-2],[2,-42],[45,4],[17,37]],[[6994,6010],[36,-5]],[[7030,6005],[49,-44],[-17,-31],[49,-4],[7,-57],[21,-46],[34,40],[51,26],[26,42],[34,19]],[[7030,6005],[5,40],[68,5],[17,50],[40,-4],[22,-29],[19,34],[23,-22],[60,13]],[[7284,6092],[55,28],[71,0],[81,-34],[-24,-45],[39,-96]],[[7284,6092],[-15,25],[28,57],[27,-3],[39,29],[36,3],[-17,36]],[[7382,6239],[23,35],[5,45],[94,61],[31,41],[56,-26],[58,13]],[[7514,6721],[9,23],[38,-18],[8,-30],[50,-36],[57,46]],[[7382,6239],[-36,-9],[30,145],[-26,-10],[19,68]],[[7369,6433],[22,20],[25,83],[39,22],[40,62],[30,77],[-11,24]],[[7154,6365],[45,17],[68,48],[36,-10],[26,36],[40,-23]],[[6994,6010],[21,53],[-40,-2],[14,40],[-38,19],[4,28],[45,52],[5,77],[-34,44],[57,3],[15,-53],[34,26],[60,12],[-7,29],[24,27]],[[7154,6365],[-49,43],[-22,54],[-51,-30],[7,44]],[[7039,6476],[23,-1],[34,101],[-8,15],[32,64]],[[7120,6655],[72,81],[143,99]],[[7335,6835],[7,-23],[55,-10],[-17,-63],[53,-2],[47,-22],[34,6]],[[6779,5951],[21,62],[-13,73],[4,133],[-15,15],[9,116]],[[6785,6350],[15,45],[-7,53]],[[6793,6448],[26,51],[53,5],[17,20],[35,-14],[110,22],[5,-56]],[[6399,6066],[47,26],[4,-43],[47,36],[-34,14],[32,25],[4,33],[41,30],[13,91]],[[6553,6278],[14,47],[45,23],[47,3],[11,-33],[44,7],[-17,-44],[52,-26],[-15,31],[10,37],[41,27]],[[6553,6690],[0,-25],[53,8],[2,-63],[-28,-9],[28,-68],[68,-21],[28,-25],[4,-55],[34,18]],[[6742,6450],[51,-2]],[[6553,6278],[-75,33],[-15,-20],[-32,15],[-23,48],[2,80],[93,41],[-32,54],[71,19],[15,67],[-43,24]],[[6514,6639],[39,51]],[[6017,6216],[45,49],[68,1],[54,66],[29,-25],[3,64],[40,18],[-13,54],[22,53],[61,9],[13,43],[32,-12],[30,19],[0,31],[47,4],[13,29],[53,20]],[[6047,6698],[28,37],[68,23],[68,-12],[83,39],[20,30],[49,9],[21,51],[73,-15],[19,10]],[[6476,6870],[27,9]],[[6503,6879],[-2,-75],[39,-44],[13,-70]],[[5917,6461],[56,12],[25,57],[-28,2],[15,64]],[[5985,6596],[22,2],[64,48],[-24,52]],[[6312,7206],[57,-10],[-28,-48],[39,5],[44,-35],[-31,-91],[32,-62],[21,1],[30,-96]],[[6047,6698],[-75,43],[9,30],[72,11],[32,20],[-10,39],[-45,24],[-23,44],[36,26],[17,73],[-23,27],[17,55],[32,-2],[29,36]],[[6115,7124],[41,72],[62,-6],[94,16]],[[7120,6655],[-79,13],[-13,33],[19,18],[22,80],[-7,25],[-49,11],[-6,35],[-39,17],[2,63]],[[6970,6950],[22,35],[-13,50],[34,-3]],[[7013,7032],[88,39],[31,-20],[1,48],[36,-56],[47,6],[40,35],[94,-25]],[[7350,7059],[47,-12],[-4,-39],[32,6],[15,40],[19,-30],[-30,-18],[4,-25],[-40,0],[17,-46],[-37,-6],[28,-30],[-21,-58],[-28,19],[-17,-25]],[[6742,6450],[0,53],[54,46],[-30,12],[17,79],[-26,36],[-57,5],[12,79],[58,-1],[26,26],[40,0],[-2,37],[-55,2],[-15,34]],[[6764,6858],[23,58],[38,56],[97,34],[48,-56]],[[6503,6879],[20,42],[42,4],[26,24],[23,54],[28,-2]],[[6642,7001],[15,-61],[64,-20],[2,-28],[-36,-21],[30,-31],[47,18]],[[6312,7206],[23,76],[58,20],[53,36],[19,75],[-40,67],[34,17],[8,-36],[71,28],[6,79]],[[6544,7568],[21,6]],[[6565,7574],[86,-89],[2,-26],[59,-55]],[[6712,7404],[0,-34],[41,4],[6,-45],[-34,-36]],[[6725,7293],[-15,-65],[34,2],[-10,-44],[-51,-7],[-39,-30],[-2,-148]],[[7041,7204],[-19,-38],[13,-58],[-22,-76]],[[6725,7293],[41,-5],[15,-33],[19,42],[25,-11],[-23,-32],[6,-35],[62,2],[-6,-49],[40,16],[58,-29],[47,47],[32,-2]],[[7041,7204],[45,26],[38,44],[0,47],[-40,31],[25,26],[41,3],[-7,54],[32,64]],[[7175,7499],[22,10],[136,-64],[6,-33],[32,-9],[36,-59],[35,-22],[-7,-55],[47,-25],[45,-108],[-32,-3],[2,33],[-43,7],[-38,-31],[-4,-32],[-62,-49]],[[7039,7658],[30,-31],[53,-16],[-2,-21],[49,-22],[-15,-50],[21,-19]],[[6712,7404],[41,6],[0,26],[32,4],[17,-36],[55,9],[28,52],[41,-4],[2,43],[47,-2],[-28,52],[15,4],[13,83],[64,17]],[[4977,6296],[-3,56],[20,32],[-26,55],[-15,118],[4,61]],[[4957,6618],[7,9]],[[4964,6627],[66,-13],[55,29],[51,-3],[9,-64],[-8,-40],[66,-13],[40,42],[21,56],[96,14],[28,22],[15,48],[-21,73],[30,43]],[[5412,6821],[55,5],[26,-48],[36,-28],[51,-15],[0,-57],[21,-32],[-8,-61],[41,5],[14,-29],[49,-18],[15,-24],[135,58],[-26,58],[41,7],[25,25],[17,-21],[51,-7],[30,-43]],[[5412,6821],[-11,7],[15,106],[53,36],[7,145],[59,40]],[[5535,7155],[69,-78],[27,-1],[-4,54],[66,-10],[-11,-36],[30,-33],[58,23],[55,60],[15,33],[39,14],[23,59]],[[5902,7240],[36,17],[116,-49],[14,-34],[-29,6],[-13,-38],[68,16],[21,-34]],[[5902,7240],[-11,16],[24,56],[-7,47],[43,64],[40,15],[1,32],[36,41],[-37,43],[-31,-43],[-26,27],[45,48]],[[5979,7586],[27,7],[18,39],[55,4],[0,45],[-19,21],[43,30],[8,-22],[41,0],[34,53],[32,-45],[36,2],[-32,-55],[70,10],[28,-29],[66,11],[96,-86],[62,-3]],[[5328,8008],[39,44],[96,-16],[89,60],[32,34],[45,9],[21,-68],[28,-10]],[[5678,8061],[7,-78],[-11,-76],[34,14],[26,-37],[46,-1],[28,-73],[39,17],[74,10],[11,-73],[34,-80],[13,-98]],[[5535,7155],[2,53],[-46,38],[-75,-1],[-41,33],[-4,70],[-45,8],[-40,36],[-62,-5]],[[5224,7387],[-45,61],[2,32],[54,37],[-22,28],[0,117],[56,83],[-30,87],[19,41],[109,41],[-30,39],[-32,1],[23,54]],[[5678,8061],[124,17],[60,-17],[6,30],[64,4],[53,25],[17,-38],[51,9],[-2,28],[-34,34],[15,50],[69,33]],[[6101,8236],[65,6],[20,-60],[89,27],[43,31],[11,-62],[-22,-60],[84,31],[53,0],[25,-37],[28,34],[41,-3]],[[6538,8143],[12,-36],[71,-12],[-17,-38],[21,-66],[-17,-110],[-34,10],[13,-59],[-2,-60],[32,-3],[29,-35],[-30,-43],[3,-64],[-33,-9],[-21,-44]],[[6538,8143],[19,24],[-7,61],[39,7],[21,-21],[2,93],[68,-20],[3,-32],[-28,-42],[44,-2],[31,40],[25,77],[30,-12],[2,-38],[30,-37]],[[6817,8241],[23,-56],[0,-55],[28,-32],[-17,-68],[34,-52],[13,-143],[19,-47],[60,-13],[23,-82],[39,-35]],[[4134,6093],[-30,55],[-68,41],[24,29],[25,92],[54,52],[-20,43],[24,29],[-2,64],[40,7],[34,44],[51,-34],[26,15],[19,46],[62,-28],[53,45],[20,44],[36,-34]],[[4482,6603],[62,-70],[23,-3],[149,-93],[47,65],[81,13],[24,56],[38,30],[51,17]],[[4482,6603],[81,68]],[[4563,6671],[40,-28],[58,24],[72,72],[7,43],[49,31]],[[4789,6813],[4,24],[51,26],[3,-22],[57,-42],[34,-77],[26,-95]],[[4789,6813],[-21,65],[34,64],[-4,74],[-35,8],[-30,63],[73,38],[24,37],[2,60],[19,66],[30,41],[51,18],[13,39],[47,-33],[57,-22],[90,39],[85,17]],[[4563,6671],[-11,60],[58,51],[-22,60],[-34,4]],[[4554,6846],[-6,86],[-60,-21],[-53,47]],[[4435,6958],[26,20],[19,48],[23,14],[2,56],[24,16],[-71,151],[-25,-19],[-41,37],[3,91],[27,50],[-51,66],[2,38],[56,37],[53,87],[-60,49],[-36,1],[-53,159],[42,-11],[36,50],[5,69],[36,41],[13,95],[47,8],[17,85],[47,18],[21,105]],[[4597,8319],[41,21],[15,-17],[66,56]],[[4719,8379],[32,-26],[85,11],[13,-27],[34,62],[32,-15],[-2,-49],[49,-52],[6,-45],[139,53],[-11,-42],[19,-60],[58,41],[-4,74],[14,35]],[[5183,8339],[43,-66],[-6,-36],[51,1],[2,-58],[19,-34],[-4,-50],[-38,-18],[-39,-63],[88,20],[29,-27]],[[2752,6871],[39,234],[75,120],[149,134],[87,119]],[[3102,7478],[73,-15],[94,-34],[147,-6],[38,-13],[68,-110],[49,-104],[9,-81],[68,25],[102,-32],[50,0],[19,34],[85,-4],[79,16],[6,-87],[-19,-49],[-36,-43],[27,-15],[67,33],[15,-16],[51,39],[34,-27],[32,3]],[[4160,6992],[13,-22],[8,-86],[19,-39],[75,-42]],[[4275,6803],[72,-59],[101,81],[34,-6],[72,27]],[[4275,6803],[64,84],[0,62],[19,25]],[[4358,6974],[77,-16]],[[4160,6992],[0,27],[85,-13],[7,-21],[42,45],[64,-56]],[[3102,7478],[56,208],[62,205],[108,137],[51,20],[82,48],[142,99]],[[3603,8195],[113,-172],[22,25],[192,-101],[27,16],[60,-38],[40,49],[81,26],[49,39],[0,32],[52,50],[23,0],[-34,44],[36,65],[60,14],[9,43],[21,0],[43,48],[21,0]],[[4418,8335],[26,7],[46,-26],[67,28],[40,-25]],[[6101,8236],[38,104],[34,42],[47,21],[-2,62],[-28,17],[-11,60],[-57,13],[-24,37],[47,7],[-23,16],[0,38],[47,1],[-22,36],[36,29],[43,6]],[[6226,8725],[49,-21],[56,21],[25,-67],[53,-16],[5,23],[38,4],[37,31],[19,-34],[32,-11],[13,23],[40,3],[9,33],[51,18],[-11,-76],[36,-14],[5,31],[51,21],[-11,-57],[17,-45],[-36,-27],[-9,-39],[39,-19],[-17,-25],[0,-57],[57,-8],[5,-66],[87,-8],[6,-50],[-23,-47],[-32,-5]],[[5183,8339],[0,15]],[[5183,8354],[51,19],[7,79],[28,12]],[[5269,8464],[96,-86],[15,41],[59,-11],[2,55],[58,53],[26,-24],[32,66],[19,0],[-11,-73],[26,-2],[-24,-75],[15,-30],[32,3],[9,29],[51,-34],[47,95],[113,85],[6,86],[-23,31],[-43,-15],[-45,14],[-6,32]],[[5723,8704],[30,2],[4,38]],[[5757,8744],[62,9],[13,17]],[[5832,8770],[51,7]],[[5983,8813],[51,9],[37,55],[46,7],[86,-53],[28,-63],[-5,-43]],[[5269,8464],[28,5],[4,62],[-45,29],[28,32],[0,38],[-28,28],[90,-11],[55,28],[13,50],[-43,6],[-40,-29],[-77,4],[-62,30]],[[5192,8736],[0,60],[-21,30],[-79,-6],[-45,-19]],[[5047,8801],[-68,-4],[-17,91]],[[4962,8888],[53,57],[23,63],[-49,63],[1,41],[-24,10]],[[4966,9122],[17,74],[70,10],[126,37]],[[5179,9243],[60,20]],[[5239,9263],[-15,-49],[41,-17],[38,21],[19,-19],[41,10],[-24,-73],[4,-29],[-29,-61],[-28,-25],[2,-62],[19,-30],[-19,-34],[51,27],[77,-107],[38,-2],[-2,-41],[36,0],[11,-48],[45,-16],[28,24],[-9,24],[40,7],[49,-59],[71,0]],[[5192,8736],[-38,27],[-107,38]],[[5239,9263],[34,46]],[[5273,9309],[51,-11],[32,77],[64,14],[36,52],[26,12]],[[5482,9453],[62,-39],[-26,-48],[34,13],[13,-36],[-8,-74],[31,-55],[13,-94],[30,-14],[-38,-89],[21,-42],[4,-63],[18,-22],[-22,-64],[0,-42],[43,-15],[28,11],[31,-49],[41,13]],[[5482,9453],[-32,87],[62,13],[47,93]],[[5559,9646],[194,-26],[-17,-49],[36,-12],[24,-58],[-26,-32],[-49,-11],[-32,-51],[8,-62],[67,-14],[70,42],[11,-60],[-26,-95],[-9,-137],[41,-29],[-36,-103],[-47,3],[-3,-57],[41,-19],[32,-70],[-6,-36]],[[3603,8195],[111,67],[222,104],[66,165],[96,131]],[[4098,8662],[19,-23],[79,-8],[66,18],[13,22],[64,-4],[36,22],[41,-40],[13,-48],[42,2],[28,-48],[-19,-31],[-34,2],[-7,-77],[41,6],[-4,-45],[-120,-3],[62,-72]],[[4098,8662],[105,219],[117,252],[47,189]],[[4367,9322],[42,17],[64,-48],[103,72],[6,-42],[-57,-34],[-1,-39],[58,11],[26,-66],[19,26],[102,-8],[34,-27],[103,-10],[30,-46],[-52,-13],[3,-34]],[[4847,9081],[4,-63],[-41,-69],[-91,-6],[-56,-21],[9,-110],[30,26],[40,-2],[28,-73],[32,5],[-39,-47],[34,-15],[-49,-7],[-40,-70],[10,-61],[-97,-67],[0,-41],[27,-12],[71,-69]],[[4847,9081],[46,-4],[73,24]],[[4966,9101],[-4,-213]],[[5192,8736],[2,-133],[-11,-249]],[[4966,9101],[0,21]],[[4367,9322],[25,100],[45,229],[15,25],[248,93],[72,18]],[[4772,9787],[26,-40],[-11,-29],[11,-89],[21,-49],[-39,-20],[11,-34],[-30,-15],[43,-39],[66,17],[-6,-41],[34,7]],[[4898,9455],[79,-20],[38,-81],[49,-6]],[[5064,9348],[47,-55],[51,-19],[17,-31]],[[5024,9687],[48,0]],[[5072,9687],[54,-44],[21,-49],[-15,-30],[35,-19],[-1,-44],[28,-8],[24,-51],[-26,-3],[-4,-66],[-37,-11],[-55,10],[-32,-24]],[[4898,9455],[27,53],[-2,45],[79,11],[28,-16],[17,61],[-23,78]],[[5520,9653],[-202,-225],[-28,-50],[-17,-69]],[[5072,9687],[156,-7],[211,-24],[81,-3]],[[4772,9787],[141,41],[49,54],[149,117],[-6,-94],[-77,-111],[-15,-70],[11,-37]],[[5520,9653],[39,-7]]],"transform":{"scale":[0.0008794099759295044,0.0007118803645869273],"translate":[69.49599264135536,23.05510861796214]}}