{"type":"Topology","objects":{"Chhattisgarh":{"type":"GeometryCollection","bbox":[80.2596881739858,17.791445415847825,84.42418108109419,24.11076021977928],"geometries":[{"type":"Polygon","properties":{"ac":"89","ASSEMBLY_1":"BIJAPUR (ST)","DISTRICT":"DAKSHIN BASTAR DANTEWADA","PARLIAMENT":"10","P_NAME":"BASTAR ( S T )","STATE_UT":"CHHATTISGARH"},"arcs":[[0,1,2,3,4]]},{"type":"Polygon","properties":{"ac":"88","ASSEMBLY_1":"DANTEWADA (ST)","DISTRICT":"DAKSHIN BASTAR DANTEWADA","PARLIAMENT":"10","P_NAME":"BASTAR ( S T )","STATE_UT":"CHHATTISGARH"},"arcs":[[5,6,-4,7,8]]},{"type":"Polygon","properties":{"ac":"87","ASSEMBLY_1":"CHITRAKOT  (ST)","DISTRICT":"BASTAR","PARLIAMENT":"10","P_NAME":"BASTAR ( S T )","STATE_UT":"CHHATTISGARH"},"arcs":[[-8,-3,9,10,11,12]]},{"type":"Polygon","properties":{"ac":"87","ASSEMBLY_1":"CHITRAKOT  (ST)","DISTRICT":"DAKSHIN BASTAR DANTEWADA","PARLIAMENT":"10","P_NAME":"BASTAR ( S T )","STATE_UT":"CHHATTISGARH"},"arcs":[[13,14,15,-6]]},{"type":"Polygon","properties":{"ac":"86","ASSEMBLY_1":"JAGDALPUR","DISTRICT":"BASTAR","PARLIAMENT":"10","P_NAME":"BASTAR ( S T )","STATE_UT":"CHHATTISGARH"},"arcs":[[16,17,-12,18]]},{"type":"Polygon","properties":{"ac":"85","ASSEMBLY_1":"BASTAR  (ST)","DISTRICT":"BASTAR","PARLIAMENT":"10","P_NAME":"BASTAR ( S T )","STATE_UT":"CHHATTISGARH"},"arcs":[[-19,-11,19,20,21]]},{"type":"Polygon","properties":{"ac":"84","ASSEMBLY_1":"NARAYANPUR  (ST)","DISTRICT":"BASTAR","PARLIAMENT":"10","P_NAME":"BASTAR ( S T )","STATE_UT":"CHHATTISGARH"},"arcs":[[22,23,24,-20,-10,-2,25]]},{"type":"Polygon","properties":{"ac":"83","ASSEMBLY_1":"KONDAGAON  (ST)","DISTRICT":"BASTAR","PARLIAMENT":"10","P_NAME":"BASTAR ( S T )","STATE_UT":"CHHATTISGARH"},"arcs":[[26,27,-21,-25]]},{"type":"Polygon","properties":{"ac":"82","ASSEMBLY_1":"KESHKAL  (ST)","DISTRICT":"BASTAR","PARLIAMENT":"11","P_NAME":"KANKER ( S T )","STATE_UT":"CHHATTISGARH"},"arcs":[[28,29,-27,-24,30,31]]},{"type":"Polygon","properties":{"ac":"81","ASSEMBLY_1":"KANKER (ST)","DISTRICT":"UTTAR BASTAR (KANKER)","PARLIAMENT":"11","P_NAME":"KANKER ( S T )","STATE_UT":"CHHATTISGARH"},"arcs":[[32,33,34,35,-32]]},{"type":"Polygon","properties":{"ac":"80","ASSEMBLY_1":"BHANUPRATAPPUR (ST)","DISTRICT":"UTTAR BASTAR (KANKER)","PARLIAMENT":"11","P_NAME":"KANKER ( S T )","STATE_UT":"CHHATTISGARH"},"arcs":[[36,-34,37,38,39,40]]},{"type":"Polygon","properties":{"ac":"79","ASSEMBLY_1":"ANTAGARH (ST)","DISTRICT":"UTTAR BASTAR (KANKER)","PARLIAMENT":"11","P_NAME":"KANKER ( S T )","STATE_UT":"CHHATTISGARH"},"arcs":[[41,42,-38,-33,-31,-23]]},{"type":"Polygon","properties":{"ac":"78","ASSEMBLY_1":"MOHLA-MANPUR (ST)","DISTRICT":"RAJNANDGAON","PARLIAMENT":"6","P_NAME":"RAJNANDGAON","STATE_UT":"CHHATTISGARH"},"arcs":[[43,44,45,-39,-43]]},{"type":"Polygon","properties":{"ac":"77","ASSEMBLY_1":"KHUJJI","DISTRICT":"RAJNANDGAON","PARLIAMENT":"6","P_NAME":"RAJNANDGAON","STATE_UT":"CHHATTISGARH"},"arcs":[[-45,46,47,48,49]]},{"type":"Polygon","properties":{"ac":"76","ASSEMBLY_1":"DONGARGAON","DISTRICT":"RAJNANDGAON","PARLIAMENT":"6","P_NAME":"RAJNANDGAON","STATE_UT":"CHHATTISGARH"},"arcs":[[-48,50,51,52,53]]},{"type":"Polygon","properties":{"ac":"75","ASSEMBLY_1":"RAJNANDGAON","DISTRICT":"RAJNANDGAON","PARLIAMENT":"6","P_NAME":"RAJNANDGAON","STATE_UT":"CHHATTISGARH"},"arcs":[[54,55,56,-53]]},{"type":"Polygon","properties":{"ac":"74","ASSEMBLY_1":"DONGARGARH (SC)","DISTRICT":"RAJNANDGAON","PARLIAMENT":"6","P_NAME":"RAJNANDGAON","STATE_UT":"CHHATTISGARH"},"arcs":[[57,58,59,60,-55,-52]]},{"type":"Polygon","properties":{"ac":"73","ASSEMBLY_1":"KHAIRAGARH","DISTRICT":"RAJNANDGAON","PARLIAMENT":"6","P_NAME":"RAJNANDGAON","STATE_UT":"CHHATTISGARH"},"arcs":[[61,62,63,-59,64]]},{"type":"Polygon","properties":{"ac":"72","ASSEMBLY_1":"KAWARDHA","DISTRICT":"KABIRDHAM","PARLIAMENT":"6","P_NAME":"RAJNANDGAON","STATE_UT":"CHHATTISGARH"},"arcs":[[-62,65,66]]},{"type":"Polygon","properties":{"ac":"71","ASSEMBLY_1":"PANDARIYA","DISTRICT":"KABIRDHAM","PARLIAMENT":"6","P_NAME":"RAJNANDGAON","STATE_UT":"CHHATTISGARH"},"arcs":[[67,68,-63,-67,69,70,71]]},{"type":"Polygon","properties":{"ac":"70","ASSEMBLY_1":"NAWAGARH (SC)","DISTRICT":"DURG","PARLIAMENT":"7","P_NAME":"DURG","STATE_UT":"CHHATTISGARH"},"arcs":[[-68,72,73,74,75,76]]},{"type":"Polygon","properties":{"ac":"69","ASSEMBLY_1":"BEMETARA","DISTRICT":"DURG","PARLIAMENT":"7","P_NAME":"DURG","STATE_UT":"CHHATTISGARH"},"arcs":[[77,78,79,80,81,82,-76]]},{"type":"Polygon","properties":{"ac":"68","ASSEMBLY_1":"SAJA","DISTRICT":"DURG","PARLIAMENT":"7","P_NAME":"DURG","STATE_UT":"CHHATTISGARH"},"arcs":[[-64,-69,-77,-83,83,84,-60]]},{"type":"Polygon","properties":{"ac":"67","ASSEMBLY_1":"AHIWARA (SC)","DISTRICT":"DURG","PARLIAMENT":"7","P_NAME":"DURG","STATE_UT":"CHHATTISGARH"},"arcs":[[85,86,87,88,-84,-82,89]]},{"type":"Polygon","properties":{"ac":"66","ASSEMBLY_1":"VAISHALI NAGAR","DISTRICT":"DURG","PARLIAMENT":"7","P_NAME":"DURG","STATE_UT":"CHHATTISGARH"},"arcs":[[90,-87,91,92]]},{"type":"Polygon","properties":{"ac":"65","ASSEMBLY_1":"BHILAI NAGAR","DISTRICT":"DURG","PARLIAMENT":"7","P_NAME":"DURG","STATE_UT":"CHHATTISGARH"},"arcs":[[93,94,95,-93]]},{"type":"Polygon","properties":{"ac":"64","ASSEMBLY_1":"DURG CITY","DISTRICT":"DURG","PARLIAMENT":"7","P_NAME":"DURG","STATE_UT":"CHHATTISGARH"},"arcs":[[-96,96,-88,-91]]},{"type":"Polygon","properties":{"ac":"63","ASSEMBLY_1":"DURG-RURAL","DISTRICT":"DURG","PARLIAMENT":"7","P_NAME":"DURG","STATE_UT":"CHHATTISGARH"},"arcs":[[-89,-97,-95,97,98,-56,-61,-85]]},{"type":"Polygon","properties":{"ac":"62","ASSEMBLY_1":"PATAN","DISTRICT":"DURG","PARLIAMENT":"7","P_NAME":"DURG","STATE_UT":"CHHATTISGARH"},"arcs":[[99,100,101,-98,-94,-92,-86,102,103]]},{"type":"Polygon","properties":{"ac":"61","ASSEMBLY_1":"GUNDERDEHI","DISTRICT":"DURG","PARLIAMENT":"11","P_NAME":"KANKER ( S T )","STATE_UT":"CHHATTISGARH"},"arcs":[[-102,104,105,-49,-54,-57,-99]]},{"type":"Polygon","properties":{"ac":"60","ASSEMBLY_1":"DONDI LOHARA (ST)","DISTRICT":"DURG","PARLIAMENT":"11","P_NAME":"KANKER ( S T )","STATE_UT":"CHHATTISGARH"},"arcs":[[106,-40,-46,-50,-106]]},{"type":"Polygon","properties":{"ac":"59","ASSEMBLY_1":"SANJARI BALOD","DISTRICT":"DURG","PARLIAMENT":"11","P_NAME":"KANKER ( S T )","STATE_UT":"CHHATTISGARH"},"arcs":[[107,108,-41,-107,-105,-101]]},{"type":"Polygon","properties":{"ac":"58","ASSEMBLY_1":"DHAMTARI","DISTRICT":"DHAMTARI","PARLIAMENT":"9","P_NAME":"MAHASAMUND","STATE_UT":"CHHATTISGARH"},"arcs":[[109,-35,-37,-109,110]]},{"type":"Polygon","properties":{"ac":"57","ASSEMBLY_1":"KURUD","DISTRICT":"DHAMTARI","PARLIAMENT":"9","P_NAME":"MAHASAMUND","STATE_UT":"CHHATTISGARH"},"arcs":[[-100,111,112,113,-111,-108]]},{"type":"Polygon","properties":{"ac":"56","ASSEMBLY_1":"SIHAWA (ST)","DISTRICT":"DHAMTARI","PARLIAMENT":"11","P_NAME":"KANKER ( S T )","STATE_UT":"CHHATTISGARH"},"arcs":[[114,115,-29,-36,-110,-114,116]]},{"type":"Polygon","properties":{"ac":"55","ASSEMBLY_1":"BINDRANAWAGARH (ST)","DISTRICT":"RAIPUR","PARLIAMENT":"9","P_NAME":"MAHASAMUND","STATE_UT":"CHHATTISGARH"},"arcs":[[117,118,-115]]},{"type":"Polygon","properties":{"ac":"54","ASSEMBLY_1":"RAJIM","DISTRICT":"RAIPUR","PARLIAMENT":"9","P_NAME":"MAHASAMUND","STATE_UT":"CHHATTISGARH"},"arcs":[[119,-118,-117,-113,120,121,122]]},{"type":"Polygon","properties":{"ac":"53","ASSEMBLY_1":"ABHANPUR","DISTRICT":"RAIPUR","PARLIAMENT":"8","P_NAME":"RAIPUR","STATE_UT":"CHHATTISGARH"},"arcs":[[-112,-104,123,124,125,-121]]},{"type":"Polygon","properties":{"ac":"52","ASSEMBLY_1":"ARANG (SC)","DISTRICT":"RAIPUR","PARLIAMENT":"8","P_NAME":"RAIPUR","STATE_UT":"CHHATTISGARH"},"arcs":[[-125,126,127,128,129]]},{"type":"Polygon","properties":{"ac":"51","ASSEMBLY_1":"RAIPUR CITY SOUTH","DISTRICT":"RAIPUR","PARLIAMENT":"8","P_NAME":"RAIPUR","STATE_UT":"CHHATTISGARH"},"arcs":[[130,131,132]]},{"type":"Polygon","properties":{"ac":"50","ASSEMBLY_1":"RAIPUR CITY NORTH","DISTRICT":"RAIPUR","PARLIAMENT":"8","P_NAME":"RAIPUR","STATE_UT":"CHHATTISGARH"},"arcs":[[133,134,-131]]},{"type":"Polygon","properties":{"ac":"49","ASSEMBLY_1":"RAIPUR CITY WEST","DISTRICT":"RAIPUR","PARLIAMENT":"8","P_NAME":"RAIPUR","STATE_UT":"CHHATTISGARH"},"arcs":[[-134,-133,135]]},{"type":"Polygon","properties":{"ac":"47","ASSEMBLY_1":"DHARSIWA","DISTRICT":"RAIPUR","PARLIAMENT":"8","P_NAME":"RAIPUR","STATE_UT":"CHHATTISGARH"},"arcs":[[136,-128,137,-80,138]]},{"type":"Polygon","properties":{"ac":"46","ASSEMBLY_1":"BHATAPARA","DISTRICT":"RAIPUR","PARLIAMENT":"8","P_NAME":"RAIPUR","STATE_UT":"CHHATTISGARH"},"arcs":[[-78,-75,139,140,141]]},{"type":"Polygon","properties":{"ac":"45","ASSEMBLY_1":"BALODA BAZAR","DISTRICT":"RAIPUR","PARLIAMENT":"8","P_NAME":"RAIPUR","STATE_UT":"CHHATTISGARH"},"arcs":[[-139,-79,-142,142,143]]},{"type":"Polygon","properties":{"ac":"44","ASSEMBLY_1":"KASDOL","DISTRICT":"RAIPUR","PARLIAMENT":"3","P_NAME":"JANJGIR-CHAMPA ( S C )","STATE_UT":"CHHATTISGARH"},"arcs":[[144,145,146,-129,-137,-144,147]]},{"type":"Polygon","properties":{"ac":"43","ASSEMBLY_1":"BILAIGARH (SC)","DISTRICT":"RAIPUR","PARLIAMENT":"3","P_NAME":"JANJGIR-CHAMPA ( S C )","STATE_UT":"CHHATTISGARH"},"arcs":[[148,149,150,151,152,-146,153]]},{"type":"Polygon","properties":{"ac":"42","ASSEMBLY_1":"MAHASAMUND","DISTRICT":"MAHASAMUND","PARLIAMENT":"9","P_NAME":"MAHASAMUND","STATE_UT":"CHHATTISGARH"},"arcs":[[-147,-153,154,155,-122,-126,-130]]},{"type":"Polygon","properties":{"ac":"41","ASSEMBLY_1":"KHALLARI","DISTRICT":"MAHASAMUND","PARLIAMENT":"9","P_NAME":"MAHASAMUND","STATE_UT":"CHHATTISGARH"},"arcs":[[-123,-156,156,157]]},{"type":"Polygon","properties":{"ac":"40","ASSEMBLY_1":"BASNA","DISTRICT":"MAHASAMUND","PARLIAMENT":"9","P_NAME":"MAHASAMUND","STATE_UT":"CHHATTISGARH"},"arcs":[[-152,158,159,-157,-155]]},{"type":"Polygon","properties":{"ac":"39","ASSEMBLY_1":"SARAIPALI (SC)","DISTRICT":"MAHASAMUND","PARLIAMENT":"9","P_NAME":"MAHASAMUND","STATE_UT":"CHHATTISGARH"},"arcs":[[-151,160,161,-159]]},{"type":"Polygon","properties":{"ac":"38","ASSEMBLY_1":"PAMGARH (SC)","DISTRICT":"JANJGIR CHAMPA","PARLIAMENT":"3","P_NAME":"JANJGIR-CHAMPA ( S C )","STATE_UT":"CHHATTISGARH"},"arcs":[[-145,162,163,164,165,-154]]},{"type":"Polygon","properties":{"ac":"37","ASSEMBLY_1":"JAIJAIPUR","DISTRICT":"JANJGIR CHAMPA","PARLIAMENT":"3","P_NAME":"JANJGIR-CHAMPA ( S C )","STATE_UT":"CHHATTISGARH"},"arcs":[[-166,166,167,168,169,-149]]},{"type":"Polygon","properties":{"ac":"36","ASSEMBLY_1":"CHANDRAPUR","DISTRICT":"JANJGIR CHAMPA","PARLIAMENT":"3","P_NAME":"JANJGIR-CHAMPA ( S C )","STATE_UT":"CHHATTISGARH"},"arcs":[[170,-169,171,172,173]]},{"type":"Polygon","properties":{"ac":"35","ASSEMBLY_1":"SAKTI","DISTRICT":"JANJGIR CHAMPA","PARLIAMENT":"3","P_NAME":"JANJGIR-CHAMPA ( S C )","STATE_UT":"CHHATTISGARH"},"arcs":[[-172,-168,174,175,176,177]]},{"type":"Polygon","properties":{"ac":"34","ASSEMBLY_1":"JANJGIR-CHAMPA","DISTRICT":"JANJGIR CHAMPA","PARLIAMENT":"3","P_NAME":"JANJGIR-CHAMPA ( S C )","STATE_UT":"CHHATTISGARH"},"arcs":[[-165,178,-175,-167]]},{"type":"Polygon","properties":{"ac":"33","ASSEMBLY_1":"AKALTARA","DISTRICT":"JANJGIR CHAMPA","PARLIAMENT":"3","P_NAME":"JANJGIR-CHAMPA ( S C )","STATE_UT":"CHHATTISGARH"},"arcs":[[179,180,-176,-179,-164,181]]},{"type":"Polygon","properties":{"ac":"32","ASSEMBLY_1":"MASTURI (SC)","DISTRICT":"BILASPUR","PARLIAMENT":"5","P_NAME":"BILASPUR","STATE_UT":"CHHATTISGARH"},"arcs":[[-182,-163,-148,-143,-141,182,183,184,185,186]]},{"type":"Polygon","properties":{"ac":"31","ASSEMBLY_1":"BELTARA","DISTRICT":"BILASPUR","PARLIAMENT":"5","P_NAME":"BILASPUR","STATE_UT":"CHHATTISGARH"},"arcs":[[187,188,189,190,-185]]},{"type":"Polygon","properties":{"ac":"30","ASSEMBLY_1":"BILASPUR","DISTRICT":"BILASPUR","PARLIAMENT":"5","P_NAME":"BILASPUR","STATE_UT":"CHHATTISGARH"},"arcs":[[-188,-184,191,192]]},{"type":"Polygon","properties":{"ac":"29","ASSEMBLY_1":"BILHA","DISTRICT":"BILASPUR","PARLIAMENT":"5","P_NAME":"BILASPUR","STATE_UT":"CHHATTISGARH"},"arcs":[[193,194,-192,-183,-140,-74]]},{"type":"Polygon","properties":{"ac":"28","ASSEMBLY_1":"TAKHATPUR","DISTRICT":"BILASPUR","PARLIAMENT":"5","P_NAME":"BILASPUR","STATE_UT":"CHHATTISGARH"},"arcs":[[195,-189,-193,-195,196,197]]},{"type":"Polygon","properties":{"ac":"27","ASSEMBLY_1":"MUNGELI (SC)","DISTRICT":"BILASPUR","PARLIAMENT":"5","P_NAME":"BILASPUR","STATE_UT":"CHHATTISGARH"},"arcs":[[198,-197,-194,-73,-72]]},{"type":"Polygon","properties":{"ac":"26","ASSEMBLY_1":"LORMI","DISTRICT":"BILASPUR","PARLIAMENT":"5","P_NAME":"BILASPUR","STATE_UT":"CHHATTISGARH"},"arcs":[[199,-198,-199,-71,200]]},{"type":"Polygon","properties":{"ac":"25","ASSEMBLY_1":"KOTA","DISTRICT":"BILASPUR","PARLIAMENT":"5","P_NAME":"BILASPUR","STATE_UT":"CHHATTISGARH"},"arcs":[[-190,-196,-200,201,202,203]]},{"type":"Polygon","properties":{"ac":"24","ASSEMBLY_1":"MARWAHI (ST)","DISTRICT":"BILASPUR","PARLIAMENT":"4","P_NAME":"KORBA","STATE_UT":"CHHATTISGARH"},"arcs":[[204,205,-203,206]]},{"type":"Polygon","properties":{"ac":"23","ASSEMBLY_1":"PALI-TANAKHAR (ST)","DISTRICT":"KORBA","PARLIAMENT":"4","P_NAME":"KORBA","STATE_UT":"CHHATTISGARH"},"arcs":[[207,208,209,210,-186,-191,-204,-206,211,212]]},{"type":"Polygon","properties":{"ac":"22","ASSEMBLY_1":"KATGHORA","DISTRICT":"KORBA","PARLIAMENT":"4","P_NAME":"KORBA","STATE_UT":"CHHATTISGARH"},"arcs":[[-187,-211,213,214,215,-180]]},{"type":"Polygon","properties":{"ac":"21","ASSEMBLY_1":"KORBA","DISTRICT":"KORBA","PARLIAMENT":"4","P_NAME":"KORBA","STATE_UT":"CHHATTISGARH"},"arcs":[[-215,216]]},{"type":"Polygon","properties":{"ac":"18","ASSEMBLY_1":"KHARSIA","DISTRICT":"RAIGARH","PARLIAMENT":"2","P_NAME":"RAIGARH ( S T )","STATE_UT":"CHHATTISGARH"},"arcs":[[217,218,219,220,-173,-178]]},{"type":"Polygon","properties":{"ac":"17","ASSEMBLY_1":"SARANGARH (SC)","DISTRICT":"RAIGARH","PARLIAMENT":"2","P_NAME":"RAIGARH ( S T )","STATE_UT":"CHHATTISGARH"},"arcs":[[-161,-150,-170,-171,221,222]]},{"type":"Polygon","properties":{"ac":"16","ASSEMBLY_1":"RAIGARH","DISTRICT":"RAIGARH","PARLIAMENT":"2","P_NAME":"RAIGARH ( S T )","STATE_UT":"CHHATTISGARH"},"arcs":[[-222,-174,-221,223,224]]},{"type":"Polygon","properties":{"ac":"15","ASSEMBLY_1":"LAILUNGA (ST)","DISTRICT":"RAIGARH","PARLIAMENT":"2","P_NAME":"RAIGARH ( S T )","STATE_UT":"CHHATTISGARH"},"arcs":[[225,-224,-220,226,227,228]]},{"type":"Polygon","properties":{"ac":"14","ASSEMBLY_1":"PATHALGAON (ST)","DISTRICT":"JASHPUR","PARLIAMENT":"2","P_NAME":"RAIGARH ( S T )","STATE_UT":"CHHATTISGARH"},"arcs":[[229,230,231,-228,232]]},{"type":"Polygon","properties":{"ac":"13","ASSEMBLY_1":"KUNKURI (ST)","DISTRICT":"JASHPUR","PARLIAMENT":"2","P_NAME":"RAIGARH ( S T )","STATE_UT":"CHHATTISGARH"},"arcs":[[-229,-232,233,234]]},{"type":"Polygon","properties":{"ac":"12","ASSEMBLY_1":"JASHPUR (ST)","DISTRICT":"JASHPUR","PARLIAMENT":"2","P_NAME":"RAIGARH ( S T )","STATE_UT":"CHHATTISGARH"},"arcs":[[235,236,-234,-231,237,238]]},{"type":"Polygon","properties":{"ac":"11","ASSEMBLY_1":"SITAPUR (ST)","DISTRICT":"SURGUJA","PARLIAMENT":"1","P_NAME":"SURGUJA ( S T )","STATE_UT":"CHHATTISGARH"},"arcs":[[239,240,-238,-230]]},{"type":"Polygon","properties":{"ac":"10","ASSEMBLY_1":"AMBIKAPUR","DISTRICT":"SURGUJA","PARLIAMENT":"1","P_NAME":"SURGUJA ( S T )","STATE_UT":"CHHATTISGARH"},"arcs":[[241,-209,242,243,244,245]]},{"type":"Polygon","properties":{"ac":"9","ASSEMBLY_1":"LUNDRA (ST)","DISTRICT":"SURGUJA","PARLIAMENT":"1","P_NAME":"SURGUJA ( S T )","STATE_UT":"CHHATTISGARH"},"arcs":[[-241,246,-245,247,248,-239]]},{"type":"Polygon","properties":{"ac":"8","ASSEMBLY_1":"SAMRI (ST)","DISTRICT":"SURGUJA","PARLIAMENT":"1","P_NAME":"SURGUJA ( S T )","STATE_UT":"CHHATTISGARH"},"arcs":[[-236,-249,249,250,251,252]]},{"type":"Polygon","properties":{"ac":"7","ASSEMBLY_1":"RAMANUJGANJ (ST)","DISTRICT":"SURGUJA","PARLIAMENT":"1","P_NAME":"SURGUJA ( S T )","STATE_UT":"CHHATTISGARH"},"arcs":[[-252,253,254]]},{"type":"Polygon","properties":{"ac":"6","ASSEMBLY_1":"PRATAPPUR (ST)","DISTRICT":"SURGUJA","PARLIAMENT":"1","P_NAME":"SURGUJA ( S T )","STATE_UT":"CHHATTISGARH"},"arcs":[[-251,255,256,-254]]},{"type":"Polygon","properties":{"ac":"5","ASSEMBLY_1":"BHATGAON","DISTRICT":"SURGUJA","PARLIAMENT":"1","P_NAME":"SURGUJA ( S T )","STATE_UT":"CHHATTISGARH"},"arcs":[[-256,-250,-248,-244,257,258,259,260]]},{"type":"Polygon","properties":{"ac":"4","ASSEMBLY_1":"PREMNAGAR","DISTRICT":"SURGUJA","PARLIAMENT":"1","P_NAME":"SURGUJA ( S T )","STATE_UT":"CHHATTISGARH"},"arcs":[[261,-258,-243,-208]]},{"type":"Polygon","properties":{"ac":"3","ASSEMBLY_1":"BAIKUNTHPUR","DISTRICT":"KORIA","PARLIAMENT":"4","P_NAME":"KORBA","STATE_UT":"CHHATTISGARH"},"arcs":[[-213,262,263,-259,-262]]},{"type":"Polygon","properties":{"ac":"2","ASSEMBLY_1":"MANENDRAGARH","DISTRICT":"KORIA","PARLIAMENT":"4","P_NAME":"KORBA","STATE_UT":"CHHATTISGARH"},"arcs":[[264,265,-263,-212,-205]]},{"type":"Polygon","properties":{"ac":"1","ASSEMBLY_1":"BHARATPUR-SONHAT (ST)","DISTRICT":"KORIA","PARLIAMENT":"4","P_NAME":"KORBA","STATE_UT":"CHHATTISGARH"},"arcs":[[-266,266,-260,-264]]},{"type":"Polygon","properties":{"ac":"20","ASSEMBLY_1":"RAMPUR (ST)","DISTRICT":"KORBA","PARLIAMENT":"4","P_NAME":"KORBA","STATE_UT":"CHHATTISGARH"},"arcs":[[-218,-177,-181,-216,-217,-214,-210,-242,267],[268]]},{"type":"Polygon","properties":{"ac":"19","ASSEMBLY_1":"DHARAMJAIGARH (ST)","DISTRICT":"RAIGARH","PARLIAMENT":"2","P_NAME":"RAIGARH ( S T )","STATE_UT":"CHHATTISGARH"},"arcs":[[-233,-227,-219,-268,-246,-247,-240],[268]]},{"type":"Polygon","properties":{"ac":"48","ASSEMBLY_1":"RAIPUR RURAL","DISTRICT":"RAIPUR","PARLIAMENT":"8","P_NAME":"RAIPUR","STATE_UT":"CHHATTISGARH"},"arcs":[[-90,-81,-138,-127,-124,-103],[-132,-135,-136]]},{"type":"Polygon","properties":{"ac":"90","ASSEMBLY_1":"KONTA (ST)","DISTRICT":"DAKSHIN BASTAR DANTEWADA","PARLIAMENT":"10","P_NAME":"BASTAR ( S T )","STATE_UT":"CHHATTISGARH"},"arcs":[[269,-5,-7,-16],[13,-271,17,12,8]]}]}},"arcs":[[[1794,590],[-48,13],[-102,-46],[-120,-11],[-30,106],[23,41],[-84,11],[-14,-65],[-50,-41],[-152,7],[-4,75],[124,40],[-97,91],[-71,133],[32,27],[-91,24],[18,25],[-116,57],[-45,72],[-77,41],[-168,63],[-107,62],[-95,-1],[-166,-54],[-96,-11],[-59,54],[-61,98],[-136,100],[77,22],[68,49],[111,28],[-20,74],[-166,136],[12,74],[66,67],[-14,27],[66,29],[38,58],[-25,38],[48,55],[113,47],[-8,81],[149,48],[62,94],[104,30],[43,43],[100,38],[73,-139],[32,-10],[147,31],[21,-66],[145,3],[80,57],[104,41]],[[1428,2456],[137,-29],[11,-27],[147,-12],[44,-94],[-12,-39],[64,10],[191,4],[-9,58],[100,7],[84,-20],[-7,57],[68,-41],[125,31],[20,49],[139,28],[170,-11],[46,-40],[-48,-28]],[[2698,2359],[21,-45],[-28,-49],[118,-49],[116,-6],[57,37],[68,-13],[-16,-106]],[[3034,2128],[-234,60],[-63,-46],[-69,9],[-56,49],[-182,-13],[-61,-75],[4,-124],[-29,-43],[9,-61],[50,-26],[-36,-33],[-85,-11],[-31,-26],[124,-2],[-43,-139],[-38,-29],[27,-105],[-89,-92],[39,-61],[-39,-29],[-29,-106],[48,37],[68,5],[-10,-75],[-29,-8]],[[2280,1184],[-68,-16],[-195,23],[-109,-35],[6,-41],[-77,-39],[-104,-109],[-96,-47],[114,-15],[48,-27],[140,-11],[57,-69],[-32,-50],[80,-62],[-5,-41],[-54,-47],[-69,-23],[-122,15]],[[3688,1400],[-93,2],[-120,-25]],[[3475,1377],[-37,1],[14,58],[-95,24],[-27,68],[-32,-33],[-78,2],[-61,-104],[48,-33],[-34,-60],[61,-10],[-39,-76],[-27,68],[-127,32],[-116,-20],[-4,-39],[-59,-2],[32,-69],[-55,-36],[45,-7],[2,-46],[-106,13],[-39,-76],[18,-24],[116,-23],[-43,-36],[-84,46],[-61,-8],[-223,109],[-18,55],[-70,-7],[-96,40]],[[3034,2128],[-32,-28],[28,-54],[50,-29],[-25,-34],[63,-9],[-16,-35],[-127,-18],[32,-59],[-39,-37],[212,-50],[2,-58],[68,-48],[52,13],[34,-52],[103,-31],[120,60],[107,-39],[41,-85]],[[3707,1535],[-57,-29],[-25,-87],[63,-19]],[[2698,2359],[145,-14],[178,-63],[127,11],[59,70],[123,-24],[31,-76],[-36,-17],[52,-36],[70,-2],[55,33],[-16,62],[66,-22],[0,-31],[134,5]],[[3686,2255],[71,-2],[-53,-43],[98,-15],[70,-31],[53,23],[97,-53],[112,-34]],[[4134,2100],[0,-33],[-94,-26],[64,-77],[91,-23],[-123,-1],[-68,-18],[-18,-54],[-57,-47],[-23,-88],[94,-28],[-62,-17],[-168,0],[-2,-28],[72,-55],[-63,-92]],[[3777,1513],[-70,22]],[[3688,1400],[98,-46],[98,71],[140,42],[25,-26],[-33,-56]],[[4016,1385],[-19,-6]],[[3997,1379],[-254,-80],[-95,-9],[-239,19],[23,59],[43,9]],[[4745,2029],[68,-60],[41,-174],[-62,3],[-100,-27],[-34,-42],[16,-62],[-13,-66],[-73,-47],[-116,-5],[-7,-68],[-109,9],[-168,-49]],[[4188,1441],[-70,54],[36,46],[-95,17],[-109,-15],[-41,-36],[-132,6]],[[4134,2100],[43,6],[68,86],[82,-19],[2,-53],[41,39],[57,-18],[4,-44],[84,-4],[70,59],[0,-47],[-45,-19],[-34,-77],[91,-16],[102,6],[46,30]],[[3686,2255],[27,44],[46,-28],[129,80],[62,-40],[56,40],[21,81],[70,19],[7,55],[50,22],[-54,22],[20,87],[-214,35]],[[3906,2672],[-36,96],[111,15],[23,-38],[177,21],[80,-67],[66,21]],[[4327,2720],[168,12],[13,-76],[55,-58],[123,11],[31,-28],[-41,-72],[-58,-29],[93,-23],[-71,-118],[12,-96],[56,-58],[-47,-52],[102,-16],[25,-40],[-43,-48]],[[1053,2998],[128,10],[-32,62],[7,61],[125,47],[45,-31],[73,70],[-89,14],[-163,-61],[40,54],[78,54],[179,59],[46,70],[170,-36],[7,-88],[79,-127],[112,18],[74,-60],[48,-73],[62,-45],[131,-1],[34,40],[-47,84],[9,28],[98,26],[52,-37],[104,41],[137,-13],[106,53],[114,-2]],[[2780,3215],[-98,-45],[32,-105],[204,-16],[5,39],[41,-71],[-59,-10],[59,-47],[104,-10]],[[3068,2950],[-88,-14],[-52,-47],[-14,-76],[72,-10],[98,-46],[89,40],[13,39],[175,-8],[-34,-60],[-86,0],[159,-57],[122,-60],[-65,-9],[-27,-33],[-62,4],[0,-53],[-55,-22],[-70,-81],[53,-35],[52,31],[-9,-60],[56,99],[211,33],[151,-29],[36,33],[-27,104],[74,70],[66,-31]],[[1428,2456],[46,19],[-75,38],[-57,70],[189,26],[59,35],[-12,70],[-107,40],[-50,49],[-127,6],[-20,35],[-89,29],[-141,0],[-15,25],[24,100]],[[3068,2950],[21,24],[106,23],[134,-42],[125,-12],[55,47],[-50,92],[86,32],[-50,52],[64,118],[88,-21],[225,15],[78,47]],[[3950,3325],[224,-55],[-8,-29],[56,-63],[175,-6],[12,-58],[-46,-78],[34,-124],[-41,-66],[28,-68],[-57,-58]],[[3797,3746],[71,-13],[5,-85],[58,-30],[25,-57]],[[3956,3561],[-86,-148],[23,-53],[57,-35]],[[2780,3215],[-41,32],[61,50],[-166,87],[-6,51],[-55,13],[-25,66],[159,45],[71,1],[40,51],[-9,58],[48,66]],[[2857,3735],[75,-17],[175,36],[79,34],[73,6],[64,-56],[165,-50],[100,18],[10,23],[179,2],[20,15]],[[2857,3735],[-89,28],[-106,6],[-93,-47]],[[2569,3722],[-68,47],[-5,70],[36,38],[25,97],[-54,11],[41,65],[127,2],[106,-14],[-15,-42],[70,48],[154,42],[25,-22],[82,29],[0,70],[-29,42],[47,6],[35,75]],[[3146,4286],[11,19],[182,0],[52,-15]],[[3391,4290],[147,-38],[80,2],[-2,-87],[79,-65],[-9,-50],[45,0],[28,-43],[-82,-50],[66,-15],[-34,-92],[64,-36],[24,-70]],[[2837,4364],[45,-55],[175,1],[25,-34],[64,10]],[[2569,3722],[-55,-32],[-116,4],[-156,60],[-164,3],[-86,-22],[-41,70],[-84,-11],[-55,-51],[11,-31],[-43,-63],[-116,-14],[-158,19],[-94,70],[-79,22],[-53,-39],[-2,-54],[-154,12],[-36,76],[13,48]],[[1101,3789],[57,-5],[57,82],[-18,44],[61,36],[77,-13],[84,25],[25,35],[-50,54],[95,0],[26,56],[57,-5],[143,89]],[[1715,4187],[33,-10],[98,38],[102,-56],[73,-4],[193,-68],[57,42],[111,21],[61,37],[42,64],[-23,28],[86,24],[57,59],[68,1]],[[2673,4363],[98,-30],[66,31]],[[1053,2998],[-77,49],[-122,30],[-103,58],[12,58],[-64,26],[-100,-1],[5,-87],[-62,31],[-140,3],[8,33],[82,-8],[69,28],[90,65],[-18,38],[-109,0],[-102,25],[9,37],[91,31],[63,-30],[121,-3],[57,80],[-28,35],[35,98],[-14,70]],[[756,3664],[91,100],[68,11],[129,62],[57,-48]],[[756,3664],[-102,46],[-96,8],[-34,-24],[-122,22],[2,60],[47,8],[-74,86],[177,44],[131,2],[98,66],[130,15],[29,20],[-77,93],[43,65],[23,248],[23,22],[-153,9],[-95,-41],[-46,3],[-45,47],[89,71],[131,21],[-66,170]],[[769,4725],[80,2],[82,-26],[75,28],[163,-44],[66,0],[123,34],[59,-27]],[[1417,4692],[-39,-65],[55,-55],[206,-56],[69,29],[-12,-57],[123,-33],[11,-53],[-97,-49],[-21,-61],[57,-18],[9,-39],[-63,-17],[0,-31]],[[769,4725],[25,59],[-15,108],[-28,59],[-190,3],[-84,128],[50,33],[-5,69]],[[522,5184],[229,36],[114,-2],[193,-23],[77,22],[68,-26],[5,-66],[-25,-61],[54,-20],[121,8],[31,-49],[191,-42],[66,-5],[68,29]],[[1714,4985],[44,7],[6,-60],[39,-23]],[[1803,4909],[32,-18],[-103,-67],[69,-40],[-89,-23],[-16,-37],[-72,1],[-23,41],[-184,-74]],[[522,5184],[-23,35],[57,121],[125,16],[29,33],[96,4],[188,78],[35,49]],[[1029,5520],[59,-15],[47,-72],[-11,-48],[182,-33],[65,-35],[32,49],[102,-24],[75,64],[103,0],[0,27],[72,15],[80,-24],[-9,-44],[-77,-50]],[[1749,5330],[-66,-16],[20,-31],[-43,-81],[77,-7],[18,34],[62,-45],[97,-36],[23,-84]],[[1937,5064],[-122,17],[-69,-26],[-32,-70]],[[1749,5330],[58,-22],[48,22],[64,-43],[54,37],[91,8],[43,-20],[78,48],[161,-9]],[[2346,5351],[23,-12],[-27,-104],[-91,2],[-62,-59]],[[2189,5178],[-16,-65],[-102,-48],[-134,-1]],[[1029,5520],[47,20],[-41,50],[68,68],[110,157],[-14,25]],[[1199,5840],[127,17],[75,-11],[375,39],[13,-17],[-90,-109],[38,-43],[-34,-15],[116,-8],[-23,-71],[82,29],[14,-27],[88,19],[177,-33],[143,26]],[[2300,5636],[1,-39],[-57,-99]],[[2244,5498],[-34,-90],[109,14],[27,-71]],[[1471,6380],[198,-9],[64,-92],[113,-63],[62,23],[41,-19],[140,7],[69,-40],[74,12]],[[2232,6199],[37,-17]],[[2269,6182],[2,-167],[-54,-28],[-30,-53],[129,-49],[-54,-122],[52,-88],[-14,-39]],[[1199,5840],[16,75],[-43,31],[-9,76],[29,22],[-34,84],[39,35],[40,100],[101,-26],[68,35],[65,108]],[[1471,6380],[5,71],[-34,18],[25,66],[-43,44],[61,4],[84,161],[93,95],[80,-12],[68,-101],[61,35],[0,39],[-79,42],[106,18],[23,89],[-13,63],[156,29],[71,75],[4,79],[-36,61],[22,92],[91,23],[55,52],[55,-41]],[[2326,7382],[13,-61],[59,-72],[182,-12],[-18,-63],[11,-95],[114,-85],[-62,1],[-50,-57],[82,-19],[30,-34],[-16,-47],[123,-78],[27,-49],[72,-56],[-152,-21],[-38,-77],[-173,-42],[-12,-58],[-79,20],[-9,32],[-98,-15],[-41,-34],[59,-74],[-66,-63],[-76,-31],[24,-93]],[[3057,6674],[-80,5],[30,-35],[-59,-123],[-118,-37]],[[2830,6484],[-37,-19],[23,-73],[-159,6],[-29,-20],[31,-97],[-99,5],[-107,-34],[-64,11],[25,-55],[-145,-26]],[[2326,7382],[72,-17],[136,76],[57,-28],[46,69],[134,-30],[23,-95],[61,6],[9,38],[150,33]],[[3014,7434],[25,-77],[-12,-53],[59,-27],[75,-70],[37,-7],[-100,-50],[70,-68],[3,-48],[-41,-36],[-16,-96]],[[3114,6902],[-41,-71],[32,-46],[-46,-45],[-2,-66]],[[3057,6674],[36,-33],[80,24],[97,-23],[-29,52],[59,-9],[55,-56],[59,10],[29,-37],[157,-36],[134,13]],[[3734,6579],[104,-65],[-20,-37],[195,1],[-4,-69],[102,-45]],[[4111,6364],[-91,-51],[-134,-39],[-100,19],[-82,-2],[-59,-31],[-29,25],[-89,-24],[64,-63],[-37,-44],[-120,-44]],[[3434,6110],[-52,6],[-12,69],[-115,34],[-128,7],[7,41],[-59,29]],[[3075,6296],[-36,43],[0,70],[-32,-21],[-98,12],[0,56],[-79,28]],[[3434,6110],[93,-59]],[[3527,6051],[-73,-114],[-59,-7],[-29,-106]],[[3366,5824],[18,-111],[-68,-32],[-36,-57]],[[3280,5624],[-100,-20]],[[3180,5604],[-34,25],[-100,12],[-55,100],[-14,-24],[-88,27],[-114,-4]],[[2775,5740],[-36,54],[36,76],[-107,63],[68,26],[-45,45],[46,57],[-21,33],[95,-10],[78,60],[48,-23],[97,40],[-41,13],[32,105],[50,17]],[[2775,5740],[-82,-25],[-9,-35],[-81,-49],[13,-60],[-86,-24],[-132,-12],[12,-40]],[[2410,5495],[-166,3]],[[3134,5545],[-27,-27],[-89,-18],[9,-42],[-243,-5]],[[2784,5453],[-43,24],[-102,-3],[-57,-44]],[[2582,5430],[-31,25]],[[2551,5455],[-141,40]],[[3180,5604],[-46,-59]],[[2657,5411],[-75,19]],[[2784,5453],[9,-24]],[[2793,5429],[-65,-28],[-71,10]],[[2793,5429],[30,-60],[-25,-30]],[[2798,5339],[-52,-60],[-64,69],[-41,-1]],[[2641,5347],[16,64]],[[2641,5347],[-82,-5],[-13,-39],[-109,29],[2,86],[84,7],[28,30]],[[2798,5339],[23,-56],[-52,-84],[13,-31]],[[2782,5168],[-118,-34],[-93,8],[-3,30],[-74,-34],[-134,15],[-35,-35],[-45,14],[-5,59],[-86,-13]],[[3323,5114],[25,-57],[-89,-79],[-97,-15],[-62,-56],[-41,0],[-68,-48]],[[2991,4859],[-50,-31],[-129,12]],[[2812,4840],[-23,70],[82,102],[-12,48],[-68,62],[-9,46]],[[3134,5545],[27,-85],[41,-3],[94,-57],[54,-70],[-98,-60]],[[3252,5270],[11,-116],[60,-40]],[[2812,4840],[-62,-44],[43,-25],[-22,-45],[-202,-7],[-46,55],[-116,8],[-29,-20],[-84,46],[-55,-4]],[[2239,4804],[-166,41],[9,23],[-77,51],[-140,6],[-62,-16]],[[2239,4804],[-2,-94],[-136,-71],[56,-54],[35,2],[15,-95],[89,-71],[77,0],[12,50],[104,-44],[-39,47],[57,-12],[46,25],[31,-95],[89,-29]],[[2991,4859],[61,-32]],[[3052,4827],[44,-24],[-10,-47],[-70,-35],[18,-100],[57,-2],[-9,-74],[-34,-7],[-16,-60],[52,-17],[-88,-31],[-75,-5],[22,-36],[-106,-25]],[[3663,4660],[-109,-50],[-88,-17],[-32,-73],[-139,-29],[52,-111],[92,2],[25,-27],[-64,-28],[-9,-37]],[[3052,4827],[64,13],[61,-37],[123,23],[52,-35],[70,44],[44,-86],[57,-47],[75,10],[65,-52]],[[3323,5114],[111,-42],[66,0],[50,29],[106,-11],[76,-63],[131,-48],[96,36]],[[3959,5015],[6,-73],[66,-132]],[[4031,4810],[-106,-1],[-35,-58],[-70,-13],[-11,-45],[-93,21],[-53,-54]],[[4252,4479],[41,-77],[6,-78],[66,-44],[11,-64],[64,-85],[-2,-138],[64,-57],[106,-8],[59,-33],[-95,-115],[4,-59],[-102,-72],[-143,-8],[-41,-76]],[[4290,3565],[-43,5],[-120,79],[-27,-3],[-105,-88],[-39,3]],[[4031,4810],[39,-42],[-32,-25],[39,-66],[107,-30],[97,-89],[-29,-79]],[[4252,4479],[163,-7],[44,-50],[108,28],[19,38],[-50,33],[175,-4],[120,-19],[107,112],[-16,35],[97,3],[66,24]],[[5085,4672],[5,-79],[50,-65],[2,-54],[-72,-57],[-35,-65],[64,-42],[79,-17],[21,-85],[52,32],[48,-71],[-46,-36],[-38,-105],[72,-40],[14,-48],[-57,-23],[23,-95],[-73,-67],[32,-172],[193,-29],[64,-25],[100,-1],[95,-34],[100,12],[186,-5],[25,-16],[-25,-141],[41,-35],[-45,-68],[-127,-4],[-64,-61],[-82,-26],[-34,89],[62,52],[-230,33],[-11,19],[-134,11],[-130,-34],[-118,-82],[-100,83],[-97,138],[-69,41],[-125,-34],[-31,31],[-121,19],[-143,60],[-81,-64],[-35,53]],[[5090,4871],[-21,-80],[16,-119]],[[3959,5015],[107,85],[81,26],[84,82],[11,35]],[[4242,5243],[28,-30],[231,-94],[139,-17],[25,-41]],[[4665,5061],[66,-81],[68,16],[136,-24],[1,-28],[154,-73]],[[3252,5270],[37,-29],[68,2],[66,-42],[245,16],[43,-13],[148,41]],[[3859,5245],[145,26],[80,88],[113,-17],[102,6]],[[4299,5348],[-57,-105]],[[3859,5245],[-53,50],[-81,-2],[9,54],[-53,19],[37,28],[-36,42]],[[3682,5436],[36,43],[-39,38],[109,31],[46,53],[84,-21],[200,-27],[61,30],[-14,36],[51,117],[45,41]],[[4261,5777],[61,0],[196,-65],[20,-65],[54,-5],[121,30]],[[4713,5672],[-61,-78],[-114,-58],[-121,-31],[-118,-82],[0,-75]],[[3372,5462],[57,-5]],[[3429,5457],[25,-22],[-138,-14],[2,21]],[[3318,5442],[54,20]],[[3372,5462],[-36,20]],[[3336,5482],[62,14],[31,-39]],[[3318,5442],[-70,17],[25,37],[63,-14]],[[4134,5835],[127,-58]],[[3682,5436],[-44,0],[-47,53],[18,31],[-145,26],[-116,82],[-68,-4]],[[3366,5824],[64,11],[42,-61],[137,-26],[86,73],[103,-10],[24,30],[68,-7],[82,41],[16,-36],[146,-4]],[[4111,6364],[38,48],[169,27],[24,35],[153,-45],[70,-33],[77,19],[64,-17]],[[4706,6398],[9,-100],[59,-25]],[[4774,6273],[-147,-5],[-169,-20],[9,-79],[-102,-18],[-29,-30],[48,-28],[-39,-29],[32,-53],[-53,0],[-49,40],[11,76],[-80,37],[-123,15],[-47,-49],[-54,21],[-96,-69],[-148,-13],[-34,-25],[-177,7]],[[4774,6273],[96,-5]],[[4870,6268],[-25,-60],[25,-51],[-25,-41],[31,-28],[-81,-13],[7,-43],[-89,-29],[-48,-41],[-89,3],[-9,-30],[-70,11],[-68,-38],[-82,44],[-59,2],[-89,-31],[-65,-88]],[[5308,6243],[100,-18],[111,14]],[[5519,6239],[-143,-167],[20,-54],[-52,-14],[55,-76],[-71,-35],[9,-72],[153,-73],[-144,-36],[-195,-14],[-131,-28],[-150,-56]],[[4870,5614],[-25,39],[77,29],[-5,28],[-84,50],[-120,-88]],[[4870,6268],[81,-5],[98,-60],[141,-3],[118,43]],[[6046,6214],[118,5],[171,-55],[97,15],[107,37]],[[6539,6216],[7,-57],[36,0],[37,-71],[-130,-134],[11,-99]],[[6500,5855],[-36,-10],[-105,100],[-92,-22],[-23,-55],[-77,8]],[[6167,5876],[-57,21],[-96,-47],[-102,-14],[34,-173],[-13,-68],[-119,29],[-217,-44],[-64,14],[-66,-23],[-70,18],[-44,-77],[-75,51],[-61,-23],[-16,-45]],[[5201,5495],[-111,3],[-55,38],[-59,-36],[-52,46],[-80,25],[26,43]],[[5519,6239],[57,1],[118,-36],[70,25],[69,-30],[111,27],[102,-12]],[[5201,5495],[82,-44],[84,21]],[[5367,5472],[30,-71],[-96,17],[-34,-21],[5,-132],[-157,17],[-41,35],[-136,2],[-130,-13],[-113,-36],[16,-97],[72,-49],[-118,-63]],[[5367,5472],[18,16],[71,-58],[59,0],[34,-43],[63,-16],[-6,-37],[-59,-15],[8,-52],[39,-10],[205,56]],[[5799,5313],[20,-76],[-86,-49],[32,-57],[-169,-151],[-168,-66],[-13,-86],[-59,-39],[-91,9],[-32,59],[-143,14]],[[6167,5876],[4,-72],[107,-63],[-3,-40],[76,10],[-16,-35],[29,-63],[116,-19],[-5,-28],[66,-20],[12,-71],[-89,-24],[-48,-64],[-36,-3],[55,-60]],[[6435,5324],[-55,-22],[-93,27],[-123,-38],[-75,33],[-175,1],[-115,-12]],[[6500,5855],[55,-5],[116,-53],[32,44],[70,-12],[14,-63],[136,-25],[88,-107],[85,58],[99,-37],[125,-2]],[[7320,5653],[-36,-64],[45,-52],[-11,-42],[-63,11],[-68,-41],[13,-41],[-63,-129],[-75,-13],[-66,-41],[-94,-4],[-133,18],[-119,46],[-215,23]],[[5308,6243],[-150,50],[-61,128],[-57,24],[-32,87],[23,24]],[[5031,6556],[150,0],[18,-25],[114,-16],[67,94],[37,0],[0,-58],[75,-20]],[[5492,6531],[100,-81],[70,-9],[28,-63],[52,-12],[34,-45],[127,-4],[-2,28],[100,24]],[[6001,6369],[45,-155]],[[6001,6369],[-32,147],[-32,33]],[[5937,6549],[50,23],[41,58],[43,-10],[30,-68],[61,-8],[84,90],[98,-21],[82,35],[59,-27]],[[6485,6621],[-32,-83],[57,6],[68,-34],[-75,-66],[66,6],[74,-33],[-6,-50],[73,-68],[-44,-66]],[[6666,6233],[-127,-17]],[[7268,6170],[-204,33],[-193,-1],[-116,32],[-89,-1]],[[6485,6621],[81,22],[25,-53],[69,32]],[[6660,6622],[13,-22],[207,13],[57,-65],[84,-33],[120,10],[43,-56],[-86,-60],[98,-19],[-35,-27],[73,-42],[71,-125],[104,-20]],[[7409,6176],[16,-32],[-157,26]],[[5937,6549],[-113,106],[47,17],[-18,52],[-95,4],[-18,39]],[[5740,6767],[2,38],[68,10]],[[5810,6815],[57,-29],[63,14],[32,-63],[68,-17],[-25,75],[75,52],[93,21],[55,36],[116,26],[73,-48],[93,-31]],[[6510,6851],[179,-77],[45,-30],[-61,-42],[39,-32],[-52,-48]],[[5492,6531],[18,47],[-16,106],[-29,-5],[41,86],[193,14],[41,-12]],[[5383,6981],[57,38],[84,20],[18,-46],[97,17],[37,57],[73,-8]],[[5749,7059],[47,-24],[39,-78],[-57,-102],[32,-40]],[[5031,6556],[31,47],[3,99],[25,113],[25,32],[138,2],[84,65],[46,67]],[[4706,6398],[36,17],[10,64],[59,52],[-7,95],[-87,57],[-22,65]],[[4695,6748],[32,24]],[[4727,6772],[54,-13],[93,29],[-59,74],[77,-9],[-63,32],[-9,40],[59,44],[149,27],[10,35],[-50,34],[0,60]],[[4988,7125],[50,44],[65,3],[57,-37],[68,-4]],[[5228,7131],[28,-25],[-53,-33],[66,-24],[114,-68]],[[4727,6772],[-80,62],[-84,-34]],[[4563,6800],[-36,32],[6,104],[-72,40],[7,84]],[[4468,7060],[59,41],[136,-25],[73,12],[-76,31],[-49,59]],[[4611,7178],[88,-17],[102,3],[69,36],[2,-72],[116,-3]],[[4695,6748],[-143,9],[-35,24]],[[4517,6781],[46,19]],[[3734,6579],[-43,95],[49,23],[71,-11],[43,28],[70,-23],[194,-8],[36,-15]],[[4154,6668],[77,-10],[9,-26],[105,-36],[70,70],[39,1],[2,65],[61,49]],[[3852,7095],[5,-76],[99,12],[3,42],[166,-3],[72,-41],[27,60],[148,-10],[96,-19]],[[4154,6668],[-34,74],[-93,44],[-225,171]],[[3802,6957],[-52,72],[-80,20],[-72,55],[6,65],[80,-8],[70,-42],[80,23],[18,-47]],[[3114,6902],[170,1],[86,-19],[37,30],[150,-10],[38,26],[95,12],[85,-26],[27,41]],[[3575,7693],[63,-77],[80,6],[77,-28],[21,-93],[156,-60],[12,-62],[150,-111],[-10,-50],[-72,25],[-7,-101],[-150,44],[-41,-27],[-2,-64]],[[3014,7434],[32,42],[83,31],[83,-8],[0,27],[111,-24],[36,45],[61,18],[-20,51],[91,66],[84,11]],[[3575,7693],[22,31],[62,-47],[41,47],[-48,81],[39,23]],[[3691,7828],[295,30],[36,56],[69,-2],[-10,-31],[69,-77],[-25,-66],[88,8],[-22,-44],[63,-48],[-68,-39],[202,-34],[41,55],[113,-2],[44,-21],[36,-99]],[[4622,7514],[23,-17],[-46,-70],[-2,-56],[59,-18],[30,-52],[-64,-50],[-11,-73]],[[4536,8404],[133,-100],[19,-40],[-11,-74],[104,-44]],[[4781,8146],[-36,-48],[-119,-95],[7,-91],[-18,-84],[28,-18],[29,-99],[159,-16],[-20,-100],[-64,5],[-125,-86]],[[3691,7828],[52,41],[-57,106],[21,63],[220,32],[127,87],[62,13],[-7,84],[-46,50],[48,58],[105,13],[101,-9],[89,57],[130,-19]],[[5624,8186],[-28,-14],[39,-97],[-46,-81],[235,-54],[93,35],[66,-3],[108,-65]],[[6091,7907],[21,-29],[136,-43]],[[6248,7835],[-7,-27],[-84,-11],[-18,-25],[-129,12],[-125,-32],[14,-67],[-89,-15],[-27,-108],[-71,5],[-32,-41]],[[5680,7526],[-122,-34],[-178,-208],[85,-23],[41,-54],[-5,-52],[-184,-2],[-72,33],[-17,-55]],[[4781,8146],[86,-2],[84,33],[87,12],[97,48],[94,-11]],[[5229,8226],[83,-36],[232,12],[80,-16]],[[5680,7526],[171,-114],[57,-131]],[[5908,7281],[-55,3],[-36,-37],[102,-89]],[[5919,7158],[-16,-50],[-154,-49]],[[5908,7281],[152,23],[-44,-24],[23,-63],[-23,-39],[-97,-20]],[[6510,6851],[68,63],[147,11],[57,57]],[[6782,6982],[91,-37],[64,-94],[6,-66],[53,-31],[20,29],[154,-10],[89,20],[18,-36]],[[7277,6757],[87,-72],[-25,-11],[-114,30],[-7,-26],[98,-11],[109,-37],[16,24],[156,-71],[39,-56]],[[7636,6527],[18,-36],[-190,32],[6,-43],[62,-5],[-23,-71],[-48,30],[-31,-123],[27,-27],[-61,-16],[13,-92]],[[7268,6170],[-38,-67],[100,-9],[-14,-37],[66,-46],[168,-23]],[[7550,5988],[2,-56],[-77,-90],[39,-78],[49,-11],[57,-53],[23,-76],[-68,-14],[-255,43]],[[7636,6527],[95,5],[-25,-71],[157,17],[73,-15],[52,22],[16,60]],[[8004,6545],[112,-36],[-69,-63],[30,-31],[-25,-37],[-102,5],[13,-62],[-109,35],[-57,-51],[41,-66],[-68,-76],[-86,-29],[50,-34],[100,-28],[-48,-56],[-52,24],[0,51],[-145,-57],[-39,-46]],[[8586,7119],[-125,-77],[-125,6],[-114,-34],[-63,-45],[-32,-61],[-116,-93],[104,-55],[-149,-16],[-10,-53],[35,-25],[-32,-70],[45,-51]],[[7277,6757],[41,16],[93,-25],[48,50],[55,-2],[-28,64],[59,59],[27,-48],[44,130],[170,-5],[48,39],[-93,2],[22,53],[-68,86],[82,37],[-54,17],[74,21],[17,50],[-80,135],[45,24]],[[7779,7460],[64,-21],[113,38],[75,44],[50,-19],[-40,-89],[15,-34],[137,-62],[22,-34],[125,-27],[91,0]],[[8431,7256],[66,-85],[89,-52]],[[7698,7723],[168,-19],[13,25],[114,39],[220,-71],[55,-46],[38,59],[-16,30],[-109,32],[32,58],[-11,133],[-57,24]],[[8145,7987],[14,55],[134,28],[54,30],[66,-42],[102,-36],[30,-40]],[[8545,7982],[13,-107],[-49,-23],[188,1],[36,-33],[-48,-17],[19,-36],[-44,-24],[162,0],[59,-37],[116,-19],[-102,-41],[0,-75],[-168,0],[-19,-31],[-113,-46],[-82,-52],[-25,-108],[20,-39],[-77,-39]],[[7779,7460],[-84,54],[-70,21],[16,78],[-23,21],[89,68],[-9,21]],[[8545,7982],[122,23],[-56,35],[84,17],[2,67],[100,0],[7,37],[138,-45],[114,-6],[154,-71],[3,-66],[77,-25],[116,-67],[23,29],[-41,62],[152,13],[215,-92]],[[9755,7893],[-79,-22],[-70,-43],[18,-75],[-196,-85],[-168,2],[-77,-66],[-102,-39],[-59,-113],[148,-56],[-116,-149],[-62,-20],[-124,3],[-44,-31],[-86,7],[-77,-32],[-30,-53],[-45,-2]],[[7972,8520],[52,24],[64,-12],[32,41],[130,30],[124,-30],[64,48],[66,-25],[32,37],[99,-18],[235,-106],[6,-30],[94,26],[-3,26],[123,11],[48,-29]],[[9138,8513],[0,-47],[81,-50],[50,4],[94,-38],[-3,-86],[57,-106],[48,11],[20,79],[32,5],[66,-75],[82,-8],[49,28],[17,-44],[127,28],[93,-6],[45,-57],[-43,-118],[-98,-8],[-45,-97],[-55,-35]],[[8145,7987],[-70,29],[-137,95],[-72,63],[15,44],[84,74],[-106,46],[9,47]],[[7868,8385],[116,70],[-12,65]],[[7698,7723],[-48,-45],[-71,22],[-15,58],[47,51],[-25,25],[-93,-13],[-82,43],[-166,16],[-31,24],[-111,1],[-60,-23]],[[7043,7882],[-4,45],[-61,40],[72,37],[-41,18],[37,33],[-14,72],[93,-28],[55,61],[104,3],[32,40],[129,19],[84,35],[121,-22],[50,55],[98,35],[20,73],[50,-13]],[[6921,7731],[-130,-16],[-98,-44],[-66,36],[-110,20],[-187,114],[-82,-6]],[[6091,7907],[-11,69],[32,45],[57,13],[-7,94],[79,8],[64,68],[-41,53],[209,31],[-4,57],[-198,-8],[57,71],[122,8],[98,-59],[25,-42],[96,21],[68,42],[-9,37]],[[6728,8415],[231,0],[21,-45],[63,7],[-65,92]],[[6978,8469],[149,-24],[55,28],[143,-70],[-82,-41],[-22,-43],[-32,26],[-73,-8],[-96,-57],[-2,58],[-90,-69],[-69,6],[-4,-69],[34,-8],[-96,-77],[-41,42],[-67,10],[-3,-46],[-57,16],[66,-122],[53,-30],[40,-104],[82,-14],[-34,-39],[64,-43],[41,1]],[[6937,7792],[-16,-61]],[[7043,7882],[-25,-54],[-81,-36]],[[6978,8469],[15,110],[60,-1],[56,-40],[59,48],[27,-36],[41,29]],[[7236,8579],[69,-13],[75,-81],[133,56],[57,58],[-52,39],[98,12],[61,-18],[132,16],[-7,-27],[87,9],[83,-110]],[[7236,8579],[-81,23],[-16,42],[29,47]],[[7168,8691],[-25,43],[60,140],[165,-54],[96,-6],[-44,41],[19,41],[75,17],[-3,52],[-72,44],[59,51]],[[7498,9060],[100,-6],[77,58],[50,-67],[-73,-24],[-63,-78],[74,-26],[48,55],[28,-36],[245,-22],[-3,49],[103,-17],[70,17],[41,61],[175,-16],[50,27],[0,95],[100,-43],[25,59],[-39,49]],[[8506,9195],[386,-58],[5,96],[166,15],[38,-55],[2,-85],[-33,-71],[-92,-82],[23,-33],[-27,-53],[18,-45],[77,-20],[34,37],[62,-6],[57,-67],[-46,-140],[16,-70],[-54,-45]],[[7498,9060],[-80,-11],[-170,4],[-9,54],[97,27],[89,0],[21,25],[133,9],[-31,68],[86,62],[20,46],[-156,91],[9,53],[-80,41],[-4,44],[43,68],[-68,43],[-87,-8],[-188,-41],[-43,30],[16,39]],[[7096,9704],[63,107],[146,57],[0,36],[90,95],[259,-36],[55,-65],[148,-28],[9,-92],[63,-53],[28,-65],[49,-3],[-20,-45],[211,-22],[55,-44],[63,-6],[77,-99],[7,-78],[-40,-35],[90,-54],[-9,-36],[66,-43]],[[7168,8691],[-63,-7],[-35,-63],[-33,79],[-91,-11],[-37,38],[-18,-39],[-64,1],[-2,-33],[-109,1],[-18,38],[86,2],[19,50],[-100,64],[-48,87],[84,20],[-27,72],[-50,12],[13,43],[-48,91],[110,1],[7,63],[-66,33],[-23,53],[-113,26],[-67,-8],[-172,49],[-61,58],[49,40],[-31,23],[22,50],[-63,-30],[-32,59],[-75,6],[-36,88],[-146,21],[-29,31]],[[5901,9699],[141,5],[115,62],[59,4],[166,-94],[153,-50],[197,17],[59,-12],[159,22],[41,33],[105,18]],[[6728,8415],[-34,59],[-51,18],[-36,-32],[-72,6],[18,112],[-25,66],[-105,32],[-27,53],[-186,-11],[-3,-37],[-149,-34]],[[6058,8647],[-5,132],[-55,39],[-47,-4],[-148,38],[9,46]],[[5812,8898],[-36,133],[-145,70],[-12,140],[62,58],[-23,45],[-107,92],[-121,17],[1,33]],[[5431,9486],[125,14],[-41,47],[150,0],[95,23],[73,51],[-14,56],[82,22]],[[5624,8186],[79,70],[-70,54],[-18,59],[31,6],[-2,73],[141,25],[66,101],[207,73]],[[5229,8226],[24,9],[-36,70],[28,29],[-28,62],[123,6],[-109,79],[56,46],[-4,48],[-157,7],[-9,75]],[[5117,8657],[77,21],[21,89],[136,12],[116,47],[198,7],[90,67],[57,-2]],[[4536,8404],[84,60],[-32,37],[22,71]],[[4610,8572],[148,-26],[-18,-25],[121,27],[-57,36],[100,-4],[-30,35],[109,32],[52,-15],[82,25]],[[4610,8572],[-11,27],[100,77],[0,82],[-59,8],[-52,47],[-57,-13],[-38,69],[-201,-16],[3,57],[-89,-20],[-18,57],[-52,30],[-3,48],[-79,56],[-213,-34],[-55,54],[-180,30],[-86,-66],[-93,13],[-16,-47],[-57,-18],[-45,32],[-9,68],[-59,2],[-18,53],[79,17],[25,98],[71,-1],[106,96],[-22,45],[-93,35],[6,53],[-34,47],[-45,1],[-30,84],[41,32],[114,26],[86,-61],[12,-36],[168,-77],[108,-5],[184,53],[53,46],[82,-33],[120,18],[82,-33],[25,-34],[288,0],[91,51],[-11,-33],[79,-39],[55,23],[175,-29],[97,12],[48,-14],[179,14],[69,-38]],[[6921,7731],[25,-41],[-44,-19],[-27,-101],[36,-102],[-47,-60],[21,-74],[33,-16],[-2,-82],[-50,-28],[-11,-47],[-71,-54],[16,-35],[-57,-19],[39,-71]],[[6621,7031],[75,-2],[-28,35],[-47,-33]],[[3997,1379],[7,-45],[161,-52],[-20,-45],[-111,-4],[-125,-90],[-12,-29],[-199,-112],[-41,-105],[-210,-11],[5,-36],[-161,-24],[-62,-46],[-97,-23],[-57,-118],[43,-41],[-34,-102],[-84,-102],[9,-91],[-56,-39],[-42,-111],[-100,17],[5,-64],[-34,-67],[-141,13],[-172,-2],[-150,54],[-78,7],[-170,-66],[-38,-40],[-98,5],[-68,77],[-23,118],[-25,13],[-52,172],[-44,77],[12,66],[59,57]],[[4188,1441],[-41,-93],[-131,37]]],"transform":{"scale":[0.0004164909398048201,0.0006319946798611317],"translate":[80.2596881739858,17.791445415847825]}}